"y","x1","x2"
0,0.585528817843856,1.67751179128875
1,0.709466017509524,0.079474054662459
1,-0.109303314681054,-0.856427496616939
1,-0.453497173462763,-0.778777287144353
1,0.605887455840394,-0.38093608425708
1,-1.81795596770373,-1.89735833972576
1,0.630098551068391,-0.0717709116878157
1,-0.276184105225216,-1.03086459149003
0,-0.284159743943371,0.670695476490605
0,-0.919322002474128,-0.361287754939292
1,-0.116247806352002,-0.27930635616867
1,1.81731204370422,-0.645890406995311
1,0.370627864257954,-0.515729092880925
1,0.520216457554957,-1.37455613286123
0,-0.750531994502331,1.01037782844654
1,0.816899839520583,0.45370645645891
0,-0.886357521243213,0.274880330444909
0,-0.331577589942552,-1.27179122480489
1,1.12071265166956,0.973595241918216
0,0.298723699267293,1.28078712369707
1,0.779621924555324,-0.0258765473419908
1,1.45578508247686,-1.7359637799923
1,-0.644328429231302,-0.945175883718
1,-1.55313740522969,-0.461119638727372
0,-1.59770951669631,0.559566137270165
1,1.80509751881082,0.207371697786834
0,-0.481647363694637,0.400516269744986
1,0.620379801298422,-0.0514096698764048
1,0.612123492650849,0.824944695687561
1,-0.162310976918126,-1.67806750352761
1,0.81187317855386,-0.923279416267376
1,2.19683354634753,-0.657448334637347
1,2.04919033740619,1.65494179674235
1,1.63244563948047,-1.16392914747106
1,0.254271192814055,-0.879142734490512
0,0.491188279272559,0.224613030886869
0,-0.324086578737118,1.42054996200525
0,-1.66205024385863,0.500920689211464
1,1.76773385087297,0.284829601969807
1,0.0258010486478081,-0.720574830593773
1,1.12851083359018,0.896460941962013
0,-2.38035806139704,-1.43246766728612
0,-1.06026555215253,0.38599263402402
1,0.937140540182908,-1.11065415047959
1,0.854451720330554,-0.0755034378284325
1,1.46072940310409,-1.38722221913342
0,-1.41309877788919,0.27471365422758
1,0.567403253424482,0.546311962688847
1,0.583187653435685,-0.539094610070408
1,-1.30679883346442,-1.84149919464278
1,-0.540386073862105,-0.790288951009079
1,1.94769266473204,-1.09406812598926
0,0.0535902703574544,0.463697367089517
1,0.351662840555237,0.0167654783920317
0,-0.670976538993938,0.713715588458096
0,0.277953694806143,0.372720397330718
1,0.691171272874884,-0.631418735286571
1,0.823795328706086,-0.345194724933052
1,2.14506502048029,-0.233673112843169
1,-2.34694397836337,-2.4027098316998
1,0.149591980615209,-0.841015659364336
1,-1.34253148172954,-0.525577561742616
1,0.553303075503898,0.964676071530322
1,1.58996284269541,1.16868779777066
0,-0.5868795943871,0.0375256354082827
1,-1.8323773062094,-1.05945038373576
1,0.888139432652018,-0.203198858763934
1,1.59348847235627,-0.260522502158531
1,0.516854670662387,-1.50359284139183
1,-1.29567168029482,-1.19154648174911
0,0.0546155753293754,2.45707416564799
1,-0.784649373191544,-1.42140516618769
1,-1.04935281895627,-1.17067119024427
1,2.33051196240471,0.612728840110975
1,1.40270538286743,0.504072912631472
1,0.942600850691525,-0.0336040264924301
0,0.82625828715243,1.06778841116665
1,-0.811540490191081,-1.08436433575367
1,0.476248280753654,0.565755522275279
1,1.02125840748109,-0.276090810137596
1,0.645383074206077,-0.825708875887398
1,1.04314355155144,0.490220536519514
1,-0.304369112693661,-0.926531861094747
1,2.47711091696297,1.60254989142619
1,0.971220673037445,-0.860891020026199
1,1.86709918456672,-0.365513266132811
1,0.672042469014787,-0.0063319207701284
1,-0.307953380837338,-2.38053077692356
0,0.536523716710872,1.52081963387357
1,0.824870065351676,-0.619902119718326
0,-0.963901479013802,-0.484028904135812
0,-0.855082511099791,-0.926160966588346
1,1.88694694202566,-0.2859256147179
0,-0.391819371995182,1.58779536109287
0,-0.980632948949986,0.659089022784725
1,0.687332100557042,1.20629787922748
0,-0.505043517520896,-0.0248296420195276
1,2.15771981650642,-0.904587351885264
1,-0.599797563824836,-0.446869813890387
1,-0.694546693270751,0.125085620440897
1,0.223925407521288,1.1480913566555
1,-1.15622333024077,0.455013729328529
0,0.422418527786999,2.02194638426709
0,-1.32475525584893,-0.6952703709813
0,0.141084312860285,1.60396534062607
1,-0.536047998490946,1.35170733572983
1,-0.311606084578147,0.439514597571448
1,1.55610964260126,1.57162170153059
1,-0.44803329129447,-1.74125323682522
1,0.321123537493968,-1.48401480103155
0,-1.23017224688019,-0.555232551612177
0,-1.32405869215415,-1.35860493078214
1,1.2612422743883,-0.0826571244573201
1,1.31923171964234,-0.358236118952675
1,-0.0807537613680344,-1.2891182571127
0,-0.505089806271492,0.966683187814076
1,-0.0521535933303235,-0.420455899805465
0,0.628860625108436,0.778214744704721
1,2.18000239748484,0.577272970940539
1,-0.0690173065192163,-0.396721690855446
1,1.5448636020376,-1.55747040157249
1,1.32145201716263,-0.548407913677815
0,0.322151575362802,0.217260182352515
1,1.53095511973516,0.913234969506863
0,-0.421239693338574,1.5522148463537
0,-1.15882102281814,1.26813065319604
0,-1.84536828942147,0.760401524537182
1,1.15732528705715,0.659180420191723
0,-2.12354988101476,0.653989652414126
0,-1.19603151811083,1.55597631479714
1,1.64219199076734,0.416610866848198
1,0.883654833162014,0.0280533938348574
1,0.524875891035917,-2.36600857272134
0,-1.18465906563077,0.546044490687229
1,2.6557882721428,-0.0870771441310827
1,-1.04791371021831,0.368892122491792
1,-1.01112252361904,-1.44043937936632
0,0.668921652514333,0.948342218434107
1,0.129177293676193,-1.62246893619965
1,-0.422576867053514,-1.42204093912368
1,-1.14026414484813,-2.19955961986666
0,-1.29371529003254,0.102242549734569
1,-0.594698769070893,-1.70094425207912
0,-1.50081408022084,1.66756805497658
0,0.0158556930655591,0.65132781853536
0,0.54016956769222,1.53324704446761
0,-1.5472919670457,-0.00710408522648729
0,0.849652929928439,0.064437051241413
1,0.89601318433245,1.42522041865573
0,0.138690996809729,1.0959766553495
1,-1.61932832236614,-0.123835517987326
1,0.548397923014403,-0.602283794919944
1,0.195282153811252,-1.09613954622899
1,-0.806497994763471,-0.311297069880495
1,-0.108624235207127,0.175138895811023
1,-0.250946623852313,0.530809920043939
0,1.69934666853318,0.906410806343135
1,-0.344298796264969,0.046753128925649
0,0.0677720614042188,0.18479492819343
1,-0.650569726854058,-0.505011833228914
0,-0.487638515203085,1.09073222039182
1,0.303151237257663,-0.185498225278187
0,-0.241974019629253,-0.471421528771275
1,-0.481733567501898,0.633121870151052
1,-0.991802864256725,-0.272124450423728
0,-0.28064913880443,0.792838797593903
0,0.633017344180171,1.05168020506894
0,-1.23981834310786,0.467590992515474
0,1.76431406899432,1.57775777615221
0,-0.0236798881530076,1.19257919933482
0,0.199920483827434,0.687808690022051
1,1.34719277764001,-0.540565676573646
1,0.0360734877996975,0.692902562053593
1,0.824581130566735,-2.19404045068874
1,-1.70267185160602,-0.954047150509827
0,0.480950155267682,-0.140183676637332
1,2.48355008932625,0.367150280498896
0,0.401364987505605,0.0558580625514391
0,0.215177170747045,1.85388686032127
0,-1.8157123529028,1.2334889773664
1,-0.911739424232877,-1.53345782563624
1,-0.0490446908536225,0.0704556078430764
1,-0.405387476681813,0.624654174666826
1,1.13038179784685,-0.223982210338797
0,0.815464735072572,0.351170646069845
0,0.0764175190481425,0.122204457677413
1,1.45374735124973,-1.80355741947249
1,0.374121083436261,1.00149540104933
1,-0.170904055752574,1.1992198328312
1,-0.502212811850508,-1.42600469004381
1,0.543522107940633,-1.15418497366989
1,-0.505186002851623,0.195879382958877
0,0.786795789402013,0.489033101349929
1,0.300949401608442,-0.0301505554990925
1,1.31022390674737,0.16218068298852
1,0.798433770272113,0.106499487995292
1,0.850860437614436,-1.17696686687013
0,-0.443567968094689,0.934429427085438
0,-0.446774787609579,0.421974630276405
1,0.0133050417761504,-0.503018994751964
0,-1.43614570622707,-0.267881707867739
0,-0.629259647262801,0.937288013068247
1,0.24352176562534,0.03402357854294
1,1.05836223334598,0.243158863777442
1,0.831348817915028,1.14368852438981
0,0.105211815952333,0.827405931838682
0,-1.74171309445735,0.348058187541831
1,0.645246993765226,-0.381202844028649
1,0.0971042246760799,1.36128143680364
1,-0.0767336945381774,-0.885541754975946
1,0.991950677701748,0.388984013950165
0,-0.859250761249102,0.411905090024538
0,-0.281579688324405,0.709913471286387
1,2.06624727069071,-1.31529380575551
1,-0.611552977816697,-1.53693355890862
1,0.315612824664819,-0.646002558777445
1,0.660293378144825,-0.96864298750643
1,-1.72220240714511,-1.04569476582391
0,-2.13462604834862,-0.132058867317196
1,0.0689455981370002,0.138724708909393
1,0.867821742581099,-1.60980434526883
0,-2.29004417945875,0.972991445547876
0,-0.15019028820832,1.04888304215775
1,-0.268781792791041,-0.115849420987912
1,1.79133204114731,0.910867637557604
0,0.67226804169809,2.06183133700557
0,-0.209301136296734,0.776568452786236
1,0.0121825061243721,-0.186582022727193
1,1.53411686438439,-0.50989851527311
0,0.0772918164071403,0.714076821371947
1,0.078437532748926,-1.03526304053903
0,-0.779261070429696,1.89484901774885
0,0.16655966873187,0.056793059358744
1,0.265324569774749,-1.70072594342836
1,0.890780709620268,-0.0648369010779013
0,-0.467888369466512,0.893158726883443
0,0.758374556806851,-0.23768450540283
1,-0.641736357769941,-0.88378036018178
1,0.627671823247429,-0.268114313447309
0,0.248330126822981,-1.42515927310942
0,-0.700075816724207,0.282729470241562
0,-0.567401585119184,-0.158979583631623
0,-0.261393925889455,-0.141043577462177
0,-1.06388503578658,0.386238645647726
1,-0.10636865398875,-0.473854785026103
1,0.771103739675585,1.18190209494895
1,2.74740354224873,-0.84638259447329
1,-0.0839347570758132,-0.23109629250776
1,0.543567634250284,-1.54197485904382
1,0.75286121063539,-0.125906424899325
0,-0.808674127657869,0.8915386353876
0,1.00111984739073,0.708696980773864
0,0.456052504632617,1.36548479826691
0,-1.43425030743108,0.146941158074239
0,-0.265304816278076,0.0343765615882022
0,0.641769163641739,1.35090452621638
0,-0.415021028711576,-0.364784429284285
1,-0.459575676223938,-0.820965911777432
1,-0.792494015719286,-0.447457109757897
0,-1.15853913347538,1.11965664048999
1,0.710889998448436,0.209283042206034
0,1.26760175223824,0.583689377018137
1,-0.143151055750639,-0.686082182049888
1,-0.515028906343196,-1.01849041259213
1,1.48289118430819,-1.13475338265242
1,-0.162588909926269,-0.458250470323518
0,0.0417091744023163,0.867376229903351
1,0.483039896138864,0.707050006321798
0,-1.18012717392787,0.22016399489922
0,-0.663573739142793,0.317229802016674
1,-0.634649894213064,-2.30866929119094
1,-0.701963031445893,-0.764126858487634
1,0.576850378871315,-0.257215351771573
0,-2.11308037072577,1.17174699718393
0,0.260909682674749,-0.645359265523009
1,1.14712719028965,-1.79056185566653
1,0.0147936485562024,-1.07978552468131
0,-0.311739243901957,0.714448807495777
1,-0.956196108104157,-1.81294473383259
0,0.473413758540709,1.04816889489924
0,-1.51386407967723,0.20271586719381
0,0.164280997670587,0.281211359011229
0,-0.870865218565352,1.03205800807302
0,1.59332899431659,2.29387855362419
1,0.646597522791782,-0.0592560273875868
1,0.357369685182645,0.41140135589033
1,0.102393063199646,-1.27924167964432
1,-0.67526682519505,-0.426501851333175
0,0.972085023739425,0.849957445130861
1,0.755869929249423,-1.80301321221126
1,-0.428285623067143,-0.96955396616367
0,-0.713924763715124,1.65067878778122
0,-0.190384065567216,0.665956923522699
1,0.399864811716241,0.361114644091802
1,-0.977844914504154,-0.487798793961118
0,0.183736909549099,1.42838225761376
1,-2.15031052974374,-0.904252644070332
1,-0.622966525745903,-2.09369369551605
0,-0.765439315770125,0.921678980747322
1,0.464309418783945,-1.84902280672721
1,0.522282168524833,-1.65989369148494
1,0.00979375993233719,-0.276360236475334
1,-0.440526196202908,-0.828433721841923
1,1.1994895345014,-0.686070901928494
1,-0.117468489316423,-0.271607769493159
0,0.0382097873805771,1.24381055686463
1,1.19480563237129,-0.17202142205891
1,0.343958352102906,-2.5464745985204
0,-0.329072974464988,1.64062749976048
0,1.670857916859,0.97023676068447
0,-0.918058202818816,0.0203074667109345
1,-0.0878073286373145,-2.6513977459491
1,1.32029371983474,1.11781171220216
1,1.73078613049822,-0.819083406430258
0,2.16259607787676,1.70455001713339
0,-0.315732479332576,0.849855831494626
0,-0.575096104236685,0.543337062872608
0,-1.40635643559789,0.0560354533851741
0,2.2678598535587,1.58404961323105
1,-0.770853928970678,-1.4386345459615
0,0.380315696994393,-0.639718612528588
1,0.605136772754965,0.0867654667091841
1,1.01967413681758,0.466811178990879
1,0.474943044148217,0.41725282377052
0,-2.18594644011259,0.607894752103972
1,0.933192166975154,0.28020989415716
1,0.475435421232725,-1.17626757068755
1,0.390281600028403,-1.29423356811136
1,-0.727328150843188,-0.3187407058278
1,0.986555948076592,0.845857571154179
1,1.42398359867007,0.0590417004348367
1,0.484730511200338,0.280053128944515
1,0.349236445934426,-0.836591212267774
1,0.860124249616191,0.653533163617214
1,0.404611144608053,-0.902540961623437
1,0.367044921399527,-2.03255201454578
0,-1.51919904950798,1.34289652536155
1,1.54980333197868,-0.0996047055005739
1,0.499881065667666,-1.3205457822542
0,0.460872851532372,0.490032052603938
1,2.07670993327744,-0.13701034864936
1,-0.307650565583008,-0.0543016244860369
1,0.952370885178271,-0.644715679765775
1,0.532788293060056,0.020391609699548
1,-0.0955477083753134,-0.270451018172699
1,-0.142063378432117,-0.472232429739442
1,-1.18302571097835,-2.13767534930398
1,0.54531840953441,0.097327073472671
0,-2.58185544258076,-0.379328576092151
1,0.77890003053602,0.434192902913088
1,0.292940302703854,-0.115664294636564
1,-0.0867079053484027,-1.29897046835665
1,-1.46635949546023,-1.44740649315577
0,-1.0831794487358,0.117876700713241
1,1.05773736712652,-0.713256538016366
1,-0.360320800556423,-1.51039577650116
1,0.350593765015391,-0.29150438861163
1,0.0282576561933585,-0.890669214597854
1,0.473048261023495,-0.685476756136747
0,-0.919154727671976,-0.0639322894309572
0,-0.375823436339545,-0.269658040436885
1,-1.81283376431222,-3.33467536354003
0,0.288600211104964,1.05127376242621
0,-0.189622581277104,1.29101956711379
0,0.0178602132113477,1.23824906704604
1,0.650430242426131,-1.90165631418952
1,0.310254985421182,-0.442676356914958
1,1.66835716892389,1.23726468585424
1,0.672614533611014,-0.034628603802704
0,-0.27751798802614,0.870557707524331
1,-0.146026391952837,-1.3583535270645
1,1.70143183167595,0.215011232119934
1,0.471357880571046,0.449079188725812
1,0.581700078573641,1.20446178465285
0,0.666020696010318,1.16217674209784
0,-0.77890222515892,0.190854336942394
1,1.16332484782536,-0.559199402522627
1,-1.96454419520035,-1.18450209696377
1,0.769170668260007,-0.112966312972576
1,2.25977199341018,1.02924678361204
0,-0.477272291383015,-0.687589335177104
0,-0.102580508795901,-0.349450308644348
1,0.368696176156456,-0.147656106009557
0,-0.535432993982554,0.427033657330538
1,0.506601941315226,-1.48696990946078
1,-0.150557097589785,0.558629046995213
1,0.904243556201491,-0.235439675631082
1,2.24203613746722,0.215797961536886
0,-1.19512289061954,-0.0717434140692806
1,-0.418522566091345,-1.6511812686051
1,0.798251394698956,-0.733304145196212
1,0.49817216339198,-0.001886288557124
0,0.11956022337119,0.700392753856694
0,-0.367202719244542,0.785836536099724
1,0.262331084814879,-1.02470968889282
1,0.262704124824336,-0.37409459060045
1,0.640738877993306,-0.743648960606196
1,0.307089830771924,-0.674708287362035
1,-0.0331294007767504,-0.6763354211275
0,-1.37475052682553,-0.973637503027373
1,0.627965113126225,-0.76455739416731
0,0.00214395093177762,0.979195951073251
1,0.284377722710805,1.17383261804459
0,-1.00177908621909,1.3746664154182
0,-0.61722192863403,1.2027383496724
1,0.828194239462874,0.0269493670172347
0,-0.084818645674312,0.711260302486253
1,-0.434719916936125,-0.0914523764692441
0,-1.20483528910071,-0.116861627901896
1,-1.02068687992011,-1.12578893420124
0,-0.971229202960724,1.13987143510928
1,-0.160913362176837,-0.459491237689712
1,1.20468703481302,-0.920665190845484
1,0.066746216660166,-0.30393077907685
0,-0.882457683653546,0.267685253178417
1,-0.0199197379804012,-1.2569610031532
0,0.328016480023828,1.5529932885864
0,-0.930628616693406,3.28902221110227
0,-1.13141496810912,1.4306875730458
0,1.0862303889986,1.40293328467139
1,0.514242102223054,0.020715065638683
0,0.293168380759209,1.22208988460687
1,-0.562654830461337,-0.577103633365481
0,0.207142723762983,0.825420145543567
1,1.2280774574073,0.382837248481534
1,-0.430012569304131,-1.21166257971452
1,1.33190835172714,1.11629650843708
1,-0.7632671560725,-0.818011975318963
1,1.23231883156069,-0.444864848082868
0,0.609058662925924,0.844661289767558
0,-0.822540083874516,0.951259179137202
1,-0.0476483564726301,-0.862401297076409
0,0.170678010698749,0.612258116618644
0,-1.22507132610198,-0.105020523015209
1,0.387332884207625,-0.753762263573015
1,0.490667776973891,-2.77149280105207
1,2.23912608412108,-0.0986434264177824
1,0.892212308962462,-0.862521183734214
1,0.798932583732949,0.0119144198361718
1,1.93544276888011,0.227902421584534
1,0.394249899631979,0.754868073472595
0,0.632521494371694,0.210220921404522
1,0.102591102479784,-0.653579835301076
1,1.01021099822561,0.25185089927799
1,1.21467838526569,-0.415650357964597
1,0.500870658308071,-0.192023638930723
0,-0.909467950919845,0.132729411093459
0,-2.19720851198184,0.244478759598709
0,0.43854532217057,1.30487964912332
1,-1.02941483034087,-0.940724065538842
0,0.713078103934547,1.33690041874009
0,1.02826853911963,1.83593170616585
1,-0.570632725418573,-0.703934769978512
1,-0.434008681840124,-0.489700073207826
1,1.00531746476826,-0.862239418738147
1,1.20354481603093,0.678578786886658
1,1.49618269695644,-1.36870654517632
0,-0.156598432207094,1.10793126486612
0,-0.936030519727876,-0.751664609851581
1,0.352538646178498,-0.860862570436002
0,-1.28618864655408,0.550004482125283
1,-0.272522855069837,-0.49739803131194
1,0.156914836911099,0.290913908826882
0,-0.88181286823508,1.74264295355076
0,-0.121897825360133,0.171098040885632
0,-0.855250672623498,1.66623092387058
0,-1.00572873499677,0.280513906436464
0,-0.913952390826423,1.33259510479393
0,-2.07823365938166,0.808199641246076
0,-0.140647123630006,0.394439997987379
1,1.2996376498866,-1.19649879784075
1,-0.0293687831942084,-1.0292934931276
1,-2.23662183763668,-2.96997898422175
1,0.545030066464794,0.148736080673728
1,0.830842052438663,-0.289151645795387
0,-0.497579143100874,0.417479874819017
1,-0.601027404256258,-0.0779511093124028
1,-0.512197814083257,0.679945791706844
1,-0.00493237975734888,0.15098857826032
1,-0.0971479127091374,-0.838140625939559
0,-0.0240353972755118,1.83286889219051
1,-0.127390337614326,-1.20977207624095
0,-0.131885620363053,0.377401902245773
1,0.453742255459208,-1.07929478029014
1,-1.40633583435868,0.0131917858307359
1,0.210930786953303,-0.0962640211149256
1,0.752336089487975,-0.500069378562987
0,0.138379546739843,1.12009717844574
1,0.159680012366336,-0.723007719260849
1,0.228435318230386,0.00959022762093077
1,-1.16278371681341,-0.628588184977706
1,0.854658519406795,-0.504443449644127
1,-0.242095878590998,-0.0859780511556318
0,-2.01599542236092,-0.203284545542161
0,-0.227690493304772,3.04968620858383
1,0.224169832616975,-0.986570999217687
0,-0.736824921622573,1.17333057390589
1,-0.846710740540237,0.319239739006528
1,-0.111458860216438,-0.527329799622639
1,-0.311601656365262,0.28386198149986
0,-1.42032385849081,-0.174622555835959
0,-2.46693864686098,-0.67061665808359
1,0.484715835481135,0.50742575021907
0,-0.937972310764238,1.24743430271033
1,3.33073330557046,-1.24827554221187
1,-0.162945463318991,-1.934718658188
1,0.220455784800858,-0.763862515785294
0,0.876210811679334,1.42708874091173
0,-2.14896295191532,-0.263336917809388
1,-0.233751352763909,0.586125356437918
0,-1.99849284588448,1.02132214090712
0,-1.23478039956797,1.74773162170613
0,0.846303717678606,1.02140376593611
0,-0.0464948181417541,0.0665360131509387
1,0.403642765259537,-0.309739573142118
1,0.767454660414003,-2.13237583442794
0,0.867101501944608,-0.322380915167478
0,-1.25458114899502,0.505349791218643
1,-0.157797989663033,-1.02755740587754
1,-0.512316779697817,1.16087863995159
1,0.41302086839955,0.678678000535035
1,0.564256260947448,-0.574900472450726
1,0.726065952100765,0.0448941847444126
1,-0.41510221515824,0.329923093593966
1,0.0416153001654098,-0.316728567602013
1,0.224292050515328,0.551509487774879
1,0.786409140414589,-0.540184809904946
1,-0.423362837233043,0.128417652074905
0,-0.367533956550453,1.77590486159275
1,-1.76702030593096,-0.871930154717011
1,-0.183537875876655,-0.745125239678063
1,0.834871997278262,1.15617780283421
0,-0.587200511162141,0.124097652582163
0,-0.358932402586232,0.901342900824523
1,2.11412883607947,0.0730580356818035
1,0.645411052385317,-0.47675236506762
0,-0.3123199556304,0.876341415916475
1,1.18544828285913,-0.10098603579442
1,0.553798963944274,-1.92078429381668
0,-0.0537539387180274,1.40296898949641
1,2.12746303485883,-2.06679567230227
1,-0.187706479444224,-0.328137917005938
1,0.0987578449393323,-1.54888381544066
1,1.91037814936148,0.236518356094544
1,1.62145571560741,-0.176512557406408
1,2.0930679948022,0.888191791487953
1,-0.692235927933616,-2.15605172171831
0,-2.28719811086647,0.674902938795879
0,-1.65560167487048,1.26647457336318
1,0.569509417915171,0.359137850595693
0,-0.4712225866423,1.04003821930987
1,-0.0332096773742875,0.567361013512891
0,0.377367067760518,-0.734184199619729
1,1.15771800072853,-1.44193225504807
1,1.39864999962659,-1.08636360380745
1,2.11850393063946,-1.00530536019033
0,-1.08745986950799,-0.429018599878844
1,1.21603338663365,0.0180384236735153
1,0.677225304631589,-0.6674291868758
0,-0.726376907647536,0.968218245087137
1,0.112843941668527,1.3910529261483
1,0.0652135747816625,-0.194148446293093
1,-0.630627211085828,-0.489157720389873
1,0.518855462766129,-0.524053526905322
1,-0.802944499856328,-0.535994038481839
1,-0.681623201308383,-1.13589545603572
1,-0.0371627218534843,-1.11788811558436
1,-0.287274315226277,-1.24831579704395
0,-1.02602716734611,-0.914279306481067
1,1.39835918459911,0.73318039839875
0,0.836690245806831,1.7687343427316
1,-0.32989626381775,0.0193971383191557
0,0.534802256130939,-0.0211268075651293
1,-1.20725318929326,-0.20600365937507
1,0.62876731504835,-1.02953158364251
1,0.576164732804108,-1.69915914412314
1,1.23622387908971,-0.672123269347973
0,0.475539637979171,1.82496444233573
1,-1.54714748839026,-1.52664862429302
0,0.0554687978896238,0.611491602641798
1,0.680062090936776,-0.271248845751939
1,-1.35020156979313,-1.33408868686067
0,0.245102444487368,2.34545382222571
0,-0.30734853595201,1.23433700190233
0,0.731364566537447,1.52505789994092
1,0.201381806056948,0.581108801673337
1,-1.57546283286894,-2.3611002154132
1,0.0235387774392653,-0.0768439554879483
1,0.801641111029374,1.38042639190707
0,-2.55562737471212,0.00143238606411348
1,-0.526910680949149,-0.390438590067819
1,-1.31285889063513,0.43182371980981
1,0.800861346328534,0.629972931337979
1,0.713100770525419,-1.59038903758595
1,1.03191486258691,0.587847118879337
1,1.68180849795089,0.295865661430514
1,-0.226310395891985,-0.820627980909388
1,-0.197929031882538,0.349401053457032
1,1.04370225232125,-1.37775333231426
1,-0.441737347594983,-0.863762461853148
0,-1.63662909731958,0.747993014653646
0,0.211562593231861,1.30712856942213
1,-0.464831728442492,-0.587829568811341
1,-0.662357211956171,-1.13357907426432
1,-0.132953597145603,-0.781604567007212
0,-1.32170170951125,1.08319834872711
1,0.0766927813432196,0.459888811386083
1,-0.384990879381948,-0.489862326150678
1,0.947306444502156,0.0755061779097776
0,0.0216862719447878,1.92221888075885
0,-0.458294007771828,0.127680156266799
1,0.228862144696937,1.1239222147777
0,-1.39640762849177,1.22665880827998
0,0.924294202129918,1.03137734736776
1,0.0662160410537507,0.0679363453343429
1,0.802890842219566,-0.996959949480875
1,-0.0605252612568427,-1.16787104078363
1,0.0893286191422329,-0.603100131245345
0,0.40131137647635,0.728380227622869
1,-0.888560604004252,-0.616519167875096
1,1.44916942543378,-0.262408915622796
1,0.205510471859438,-1.26620171987025
1,-0.0561199676644025,-0.902752301845523
0,-0.639859455343138,0.146091490554162
0,0.71778099875746,1.3384243600138
1,-0.0645002911054802,0.666873430916567
1,0.13242959590706,-0.634380589970193
0,0.0347150845540897,1.20876062324752
0,0.28165263482086,0.932657017483215
0,0.919278254827668,0.66503821425484
1,-1.0427231529259,-0.182851517926676
1,-0.2136226802054,-0.591407276699408
1,1.77794707687002,-0.806172572172698
1,1.46094086182791,-0.209876754211656
0,-0.364550822578012,-0.352546825865419
1,-0.613160421373983,0.111815197740918
1,0.495906780440604,-0.114083655413961
1,0.24563858632494,0.101224305408025
0,-0.127904809832185,0.207849090695812
0,-1.25043941811419,0.22020874488722
1,1.6343509612082,-1.03177785437623
1,0.975435764363946,-0.330932977403775
1,1.08407793761813,-0.317692063777416
0,-0.35938727145954,0.388304253641281
0,-1.0155196730631,-0.775576431514719
1,1.33552147320614,-0.173296371917444
0,-0.155562276057601,2.7001565337162
0,0.926608498178108,1.85166071392364
1,0.889245688268771,0.799017307379535
0,0.145116991571343,-0.00893789168791081
0,-0.818646626109666,-0.113555656919719
1,-1.23682286120429,-1.7798205611845
1,2.31722564578261,-0.15840248480399
0,0.05072430823386,1.11276793300697
0,0.290835509741616,1.91848838759728
1,-1.81128973985174,-1.613377494931
1,-1.14514768618127,0.371769306972534
1,1.28087282215109,-0.9234435848134
1,-1.35947002102286,-2.30410442939092
1,1.8849707369725,-0.27664145044679
0,-1.36860156035955,-0.537287976139533
1,0.543940411562003,-0.0675169458087641
1,-1.2380301683974,-1.6523774213228
1,1.87713234257007,1.39309821661968
0,-1.44581007192707,-0.338886040826288
1,-0.153367397633767,-0.0753261542940653
1,-0.945688620268739,-0.702812147441463
0,0.312404994137186,1.34114089755902
1,0.274724375018431,-0.237151800021401
0,-0.315442316406362,0.317923161222627
1,-0.384367597987511,-0.422384644245946
1,-1.42893573213425,-1.26594751392116
1,0.963417689236412,-0.0848667240294297
0,0.613781621344172,0.497415040528646
0,-0.368554433216838,1.67471876953804
0,-1.80704465956374,0.8786207114562
1,1.35543844331659,-0.265201785109153
1,0.445680166114773,-0.368942366325874
1,0.164794791470315,0.0474165806822011
1,0.0299777658780464,-0.918326904683796
1,-0.676112913701211,-0.748233029251953
0,1.13604965148959,1.56687324661417
1,2.16933212747923,-0.676873287061874
1,-1.08901928973116,-1.64039631966703
1,-1.10272609747138,-0.543869979042951
0,1.3026361736082,0.800526280833942
0,-2.77832551031467,-0.694628676283931
1,0.341311560625632,-1.21827015500706
1,-0.22354978608396,-0.472641433978687
0,-0.198771595185693,1.21753734771838
0,1.63330267976011,1.225465622072
0,-1.86962151313391,-0.532487614652709
1,-0.250088846832421,-1.60106275812488
1,-1.37075933382291,-2.81050337306495
1,1.45126184360921,0.123511378467974
1,-2.13790977489325,-0.156014160019648
0,-0.577261047508329,0.520191673796121
1,0.236449451555428,-0.895101962004635
1,1.09985656336821,1.34434630576748
1,0.561282713650655,-0.345904386996657
1,2.30362700541773,-0.0294836190264545
1,2.0208958968894,1.30841030134337
0,-0.0578785187398237,1.97790329440036
1,0.442093375564448,-2.31286660100226
0,-1.30333114011791,0.12994803764241
1,-0.0352204282538767,-2.50608663050923
1,0.924254316128533,-0.671374718053876
1,-0.360828333045202,-0.244750179659405
1,0.467172680816427,-0.816734827458565
0,-0.201236860589418,0.491471631190049
1,-0.00534734318180988,-0.112294397550244
1,-0.533003287024944,0.226429332166581
1,-0.515415141225213,-0.59350335806727
0,-0.0849109092710763,0.0417069667874414
1,0.435933340041161,-0.994080566476418
1,0.997954243977856,-1.22346015733335
0,-1.1631892606627,1.36473595600702
1,1.68089383773506,-0.53470020971453
1,1.2171205130423,0.567579457623272
0,-0.0274388268504688,1.7349226354558
1,-0.291545604297294,-0.956901203204413
1,0.972627821273574,0.536674763738936
0,-0.23970672930526,0.725042624185564
1,-0.901717675681056,0.0611383686094142
1,-0.63117432512262,0.00446255689178777
0,-1.6259750852343,0.488527825024903
0,-2.14949594492572,0.567560766788254
1,2.11262792349993,-0.0691017860751925
1,0.269080433253502,-0.0628337353307094
0,-0.519472155609454,0.695446456420932
1,-0.0157344441089815,-1.66800973564516
0,-0.151252919119899,0.809997113078534
0,0.0882313538136829,0.385430689674264
1,0.778902511919714,-0.691960211958121
1,0.386720137586071,-0.443428572427364
1,0.347953467019237,1.3851379866227
0,-1.8995713794429,0.822843884523137
0,-0.057682415987926,0.593420078233661
0,-0.471304986461131,-0.421320112079562
1,0.634731298165431,-0.0162768150919803
0,-0.960743692691115,1.09881034379512
0,-0.804824610628623,1.28105152794283
1,-0.495946762166434,-1.02245059221455
1,-0.418476983928688,-1.16177585668865
1,-0.654984450267755,-1.73762062898982
0,1.39548649027518,0.463883493261949
1,3.09369662832478,0.0306039253733962
1,1.90082563123672,0.516910552322474
1,-0.395318992678082,0.431947946799889
1,-0.58670237252988,0.11777075263052
0,0.461765386247963,1.38680083405629
0,0.0972093386659258,1.31080356527265
1,0.676025564160287,-0.245845863322459
0,-0.748770541211451,0.424737454835527
1,1.02555255241429,0.178541197772161
0,-0.696595385421694,0.109110586261049
0,-1.27713543553305,-0.345157013778931
1,-0.0924237284355774,-1.11218414129778
1,1.84746361219518,0.564665808615042
0,-0.929629455620101,0.207867314188783
0,-1.03080015662025,-0.315336038929998
0,-1.31951435474925,1.63054735753534
0,-0.084205701767351,-0.603987672604932
1,0.773902206997466,0.00806566610715348
1,-0.159947373446181,0.0362294626747062
1,0.863307542266686,-0.21764653062908
0,0.969370877838314,0.838158212396083
0,0.614129040152056,1.8675922417255
1,2.49691850680724,-1.34817012612782
0,1.15526488188743,1.93675480927368
1,1.87487161677876,0.909853451578939
1,-0.237557456684611,-1.87040812071915
1,-0.452779538268598,0.14387479467235
1,-0.716751511848324,-0.306846352137055
0,0.488934267717079,1.48358230142352
1,0.834201584080533,-0.978629949052099
1,0.925864815459635,-0.864351689453781
1,0.943155152135134,-0.864719255781193
0,-0.560074455140306,1.37093754143609
1,0.687699284289659,0.187687669424853
1,0.219825420335654,-2.77424891762585
1,-1.0052373892749,0.0179625176276775
1,0.373101163588465,-1.56251323388557
0,0.469391569129991,0.654968765269946
0,0.0646260775971036,2.35021978430152
1,1.00481544153691,-0.560182619980149
1,-0.373829419912398,0.101989478488531
1,0.936108504080527,0.19535999999379
0,0.844988588944067,0.25764373558585
1,1.09265815925723,-0.478839921873459
1,0.62924459833816,0.132821752018746
1,1.03723457827919,-0.529236442846417
1,0.870617069223843,0.44261124986252
0,-0.627408385081134,0.689452507772513
1,0.435728987815825,-0.764094429266276
1,0.239406941242699,0.0873659964884403
0,-1.25612038015712,1.40971153109392
1,0.223569883477509,-1.14109138661949
1,0.504589868971938,-1.64711747706384
1,2.11701460983184,-3.12612546259103
0,-0.81749211459327,1.18721018660245
1,-0.2492658716843,-0.356714023222837
0,0.462998647868042,1.21223846954799
1,0.667326385055964,-0.693952721340296
0,0.488169885316856,1.35606159063857
0,1.0764874344274,0.905731335785151
1,1.14929578678711,-0.941588752255799
0,-1.62212327687907,-0.638584393153946
1,1.12628292799943,0.483487551708313
1,0.590427528747386,0.758747936935796
0,-0.740584969069891,0.426489352834208
1,0.252453917840292,0.361050796373508
0,-0.336997738910697,0.505106569574291
1,0.948039602551708,0.662956915631954
1,-0.660350380044291,-1.20638372661331
1,0.683053766550444,-0.0192839858629592
1,0.0783915682032824,-0.43483755194595
0,0.533368090655584,1.03413374999746
1,0.87558663265039,0.185520623831921
1,0.138510650187177,-0.974735612637433
0,0.940187967870956,1.81410840962851
1,-0.663677074308801,-1.23774479497207
1,-0.842412232642696,-0.965472808875755
1,2.3643620566372,-0.831859966522379
0,-0.0328630945809129,2.76099971244157
1,0.650429870053779,0.263478173689708
1,-0.698380862188483,-0.639062304229786
1,-0.437500611944236,-0.129426375602313
1,-0.719087417049352,-0.163620412882294
1,-0.274989184175191,-0.3051041200607
1,0.896917771379762,-0.321383804418999
1,-0.639743485915617,-0.85765688201553
0,-0.0761318177708126,-0.420970725968033
1,0.848679081643909,-1.08726362114699
0,0.617058863068682,1.13607807264331
0,-1.98848492727944,0.0154285771257972
1,0.631595272350853,-0.824193638679315
0,-1.94414536380121,0.876678067764039
1,0.477375023878853,-0.356272676323136
1,1.77872992448464,1.26775873778389
1,0.887892531748101,0.12882143113889
1,-1.10316406141526,-0.316509463714991
1,-0.302633705669694,-1.51211395210947
0,0.833795431870546,1.66719512048343
0,-2.40953049554883,-1.62720583370652
1,0.257452383651025,0.0322998478199625
0,-2.1737384364898,-0.308667038457376
1,0.026167679313138,-1.64702651754849
1,-0.573889841083253,-0.824726992755689
0,0.277072702622078,-0.231764201046522
1,0.263804022281031,-1.40929534921512
1,0.889458010501699,-0.489451881595667
0,-0.531691621911837,0.622143941148231
1,-0.288876743563497,-0.446745347181586
1,2.32423772161644,-0.315625655624855
1,0.80506966941541,-0.771357974867309
1,-0.824741470426789,-0.660670000313563
0,0.614007645477191,0.160214629823063
1,0.0061836895959783,-0.757814970662776
0,0.506463292488822,1.38598118465889
0,-1.03627567570078,0.278047859640631
0,-2.05818297186603,-1.23463311749916
0,-1.18370158132938,0.363641330158788
1,-0.521874618704523,1.08686898108039
1,-1.15597623676288,-1.72536807940424
1,1.70721090724148,-0.0802615916495738
0,-0.401445847310647,0.235652766373512
0,-0.0780482412004461,0.599016742764424
0,-0.689232419614855,1.88043677162221
1,-0.703402591562885,0.380434358602652
0,0.205669611113592,1.83527664847473
1,0.420175061477065,-0.823294126512621
1,1.06371492649817,-1.350656666615
1,-0.727681436456325,-0.889057835512844
1,0.87370730789838,-0.160222462794393
0,-1.38842423777879,-0.072056965170372
1,0.310031749366831,-0.698292480919823
1,0.190054214451538,0.675133984923037
0,-0.163804703650924,0.995128598318977
1,0.513490584493947,-0.159759705563236
1,0.900096290878568,-0.846555577640433
1,0.119870961743243,-3.06828206384738
1,0.941527406809327,-0.307293526977768
1,0.515489285009958,-0.848014869546675
1,-0.554761433744087,0.984247516153845
0,0.77237690187241,0.743879779650814
1,0.743596307802129,0.0272461396138034
1,-0.589652483851754,-0.486786795022441
1,0.626300197611125,0.143642006439012
0,-1.87636574262261,0.261067964354248
1,0.139846103375189,-1.24999029413128
1,0.240304173890825,-1.55257237946454
1,0.119981971277342,-0.624421470468245
1,-2.01171066394144,0.622722310559225
1,-0.373660220139208,0.0721119279191423
1,-0.997170337995326,0.271108953033582
0,-1.13110230943143,1.24923191735838
1,0.0152093642297062,-0.951762924506783
0,0.403705380851042,0.934460065586209
0,-0.541210513948429,1.20449184125735
0,-0.784860978170766,0.546815744950514
0,-2.56005244041801,0.491321166594977
1,0.0728007835118976,0.0548609746446381
1,0.750243576066411,0.959684792526404
1,-0.128248880882147,0.175586269605124
0,-0.487866725172139,1.19085424645337
1,0.90878779144248,-1.42787579329592
1,-1.85246414834352,-2.960838742055
0,-0.310147905861033,-0.337466603562243
0,-0.31386492393298,1.95476530843016
0,0.0235512251366552,0.837603199028148
1,1.18345966271718,-0.65728298291829
0,-0.552833248007118,0.973591186208813
1,0.597040287683117,0.512335555627882
0,0.680969382940017,1.87465068061779
1,0.0119610482170529,0.902623150727421
1,-0.206807563344132,-0.245282086510309
1,0.738849047055834,-1.0299776783218
0,-0.0257216376960103,0.166650164199757
0,-1.79672769000597,0.807312822277692
0,-1.81561079116872,1.95330127020184
1,-0.25774536802801,0.635005355330477
1,-0.0607272386919699,0.0318480421712833
1,0.991873728143753,-0.376810296951107
0,-0.968440976527722,-0.0216536748780434
1,0.380720578668797,0.118189709328244
1,0.213509740708371,0.337506558530138
0,-0.968506531936367,1.79569825412537
1,1.4948730987816,1.08358238155257
1,-0.336219846162264,-1.30335457132661
1,-1.70062792063981,-0.731234944944751
0,-1.46767765821002,-0.675309478436804
0,-0.216348650591261,0.209466003382888
0,1.15178498466669,0.883079431335822
1,0.633480456841026,0.0490746865992367
0,-0.277309664971761,1.46960499602269
0,-1.74334781481897,1.27305093152997
1,-1.0185528402395,-1.18129548488433
1,-0.309481258121737,-1.20204642560979
0,-0.514005540936609,1.99689516035174
0,-0.741466194021958,-0.171335350315672
1,0.19121653210113,-0.524467204471823
0,-1.16698362438705,1.39812068318121
0,-1.62614115828474,0.648173132558533
1,-0.976897236736441,-1.1639804384544
0,-0.688621185218777,-0.597802105820324
1,0.407800887328872,-0.855377217728272
1,-1.12140511399046,0.14884757448026
0,-1.56293418000864,0.291300372330968
1,0.234661436778458,-0.12748953065418
0,-1.98376052979519,0.801749811795501
1,0.978032468135692,-0.314966208867851
1,-0.325946806227533,-2.43031902608949
1,-0.226813295358415,-1.36438118365587
1,0.422330330420586,0.267498225489488
1,-0.193525353448563,-1.77871548845119
0,-0.271016889226139,-0.411255871614469
0,-0.264942385461725,2.62886074134743
0,-0.553388216335727,1.39529478658383
1,-0.436707945368901,-0.748211955050587
1,0.325086640286445,0.465594501550865
1,-0.782145090380946,1.33156784073214
0,0.521031960705619,0.389092754593691
1,1.88786051933339,0.895789395960606
0,1.58317807955344,1.37665141436595
1,-0.131827514909597,-1.26397861212018
0,-1.57807665670464,-0.143482003390897
1,-0.769730898524023,-1.08289009953863
0,-1.08930159997221,0.739338349496384
1,-0.737530300591268,0.239992723690089
1,0.902150871456811,-1.09169035716684
1,-0.349407016450151,-1.4527680973857
1,0.589929996734241,-0.78169145663251
1,-0.157808385064186,-0.79847980630272
1,0.797873692753666,-0.718460168273473
1,1.0865618162213,-0.251103709532607
1,0.8349570023395,0.90160984079657
1,-0.296865508488047,-0.537177192425327
1,1.85430135120002,1.26444164985164
1,1.29833220197764,0.337677623309874
0,-0.535241098192991,-0.0547499909125068
0,-0.884331318677036,0.418238648831697
1,1.86103301352516,-0.925218987665744
1,-0.270592091450503,-0.541994400470456
1,0.585640905630645,-0.0856552702315856
0,-0.57705777451534,-0.0203971465329966
1,-0.319014908963697,-0.559597804023691
1,-0.314025132783036,0.554836578075976
0,-0.659338640685932,1.18062940865942
1,-1.22315981348816,-0.969743115549175
0,0.109204125634682,-0.286564684337434
1,-0.234407400094629,0.850792818658572
0,0.161944646775609,-0.171405773504695
1,-0.85590387566537,0.511891811345361
0,-1.21360970592544,0.70584925789929
0,-0.0677214749205774,1.356734587335
1,1.45646853631126,-0.891784301890928
1,-1.44293895720096,-0.648968984054553
0,-0.512529893822928,0.14253646336494
1,0.243983791925416,-0.731715647431931
