y1,y2,cte1,x11,cte2,x21,x22
2.022402147,0.587000948,1,0.989936575,1,0.647220105,0.087745192
2.553143272,-1.395665236,1,0.829692625,1,0.831794542,0.562107736
0.243716395,-2.50277803,1,0.585886904,1,0.870028124,0.964379692
1.827699791,0.465170512,1,0.417046119,1,0.502599611,0.322167601
2.24229503,0.25939396,1,0.66209688,1,0.716851999,0.551265692
0.850731802,-1.70532986,1,0.37930209,1,0.198500164,0.659820171
1.108274653,-0.099796091,1,0.424265605,1,0.123022696,0.371193188
3.945956573,-0.337581019,1,0.842512691,1,0.795854791,0.926635649
0.922111451,-2.260908923,1,0.376442175,1,0.467253499,0.740057396
2.936241106,-1.928820531,1,0.911530065,1,0.961558448,0.374169963
1.571938968,-0.530925962,1,0.258538362,1,0.213407639,0.505849262
1.071830018,-1.812172469,1,0.203262769,1,0.642430621,0.880279176
1.216779939,-0.391501834,1,0.224613787,1,0.330547242,0.582361181
2.678786527,0.016670591,1,0.914636284,1,0.1732032,0.530409325
2.459264144,-2.140307833,1,0.890230997,1,0.366911364,0.916321937
1.426815543,-1.316932246,1,0.279540783,1,0.831992989,0.561957083
1.682959762,-2.104191621,1,0.429378508,1,0.594731021,0.982703052
2.315710825,-1.449756514,1,0.27404702,1,0.910590784,0.8108721
0.621856717,-0.968840834,1,0.512474872,1,0.090011427,0.693565378
1.3500425,-0.858815366,1,0.355274114,1,0.475280597,0.435346179
1.773387641,-0.774144791,1,0.127846915,1,0.646744997,0.915543542
0.514346991,-1.193112094,1,0.294366778,1,0.337605038,0.4127775
-0.191517346,-0.334779502,1,0.16143548,1,0.350408949,0.25229508
2.205944485,-1.703272801,1,0.506660538,1,0.146661916,0.903502217
1.975929549,0.142496195,1,0.377715006,1,0.436078341,0.274097178
1.57971349,-1.340795495,1,0.185361522,1,0.839549193,0.744399874
0.229696242,-0.138442398,1,0.097394675,1,0.101010326,0.288601155
3.547292291,0.758402214,1,0.84437194,1,0.063305349,0.633557095
0.897758734,-0.859264721,1,0.172153104,1,0.145435057,0.62051011
2.428985807,0.272133735,1,0.024964523,1,0.633261924,0.047452659
2.789837258,-0.20956487,1,0.572962533,1,0.061774267,0.456819002
1.623775554,0.19643853,1,0.231643864,1,0.894495029,0.234485171
1.311208387,-1.272247073,1,0.385121858,1,0.745791127,0.694562977
0.750991281,0.610186094,1,0.149870741,1,0.107967004,0.253617269
1.836146617,-0.351499133,1,0.551969573,1,0.33286054,0.220289049
1.839676078,-0.770781746,1,0.278166075,1,0.75491139,0.520415159
2.429223984,-0.316201351,1,0.541876743,1,0.836265503,0.025419327
3.580298476,-1.245469132,1,0.972725303,1,0.160217507,0.923965412
2.682259033,-1.83376215,1,0.697466494,1,0.576450418,0.739130494
1.832600686,-2.063636335,1,0.490186031,1,0.564350863,0.775445968
1.821648652,-0.053670025,1,0.47259012,1,0.646188086,0.087973559
1.587360252,-0.643811651,1,0.24298591,1,0.026480722,0.669756723
2.561071502,-0.616253487,1,0.526279822,1,0.279056997,0.972135669
2.741992674,-1.151390624,1,0.998526135,1,0.533644385,0.518820195
2.539059821,-0.474895171,1,0.966452155,1,0.161856346,0.663154851
1.36092472,-0.205510615,1,0.424015761,1,0.072675011,0.55471495
1.501871036,-1.18493402,1,0.257583758,1,0.329282269,0.483947848
2.360167545,-0.384515328,1,0.994311236,1,0.442286392,0.209078574
0.732937243,-1.345001716,1,0.185366467,1,0.167800315,0.884316967
1.685850086,-1.535725649,1,0.758035332,1,0.346138998,0.543227854
1.071414547,0.085665858,1,0.05943664,1,0.638755438,0.658680623
0.883119491,-0.370390912,1,0.185801898,1,0.313345221,0.721879138
3.063497188,-1.625220879,1,0.636969226,1,0.920169594,0.841671015
1.991576148,-0.248550967,1,0.641892214,1,0.983400666,0.342879689
2.600605255,0.671587906,1,0.662417121,1,0.9343597,0.507428246
0.14687705,-2.103417615,1,0.409965415,1,0.254027299,0.859825489
0.468588095,-0.450058617,1,0.383950177,1,0.618892163,0.305032603
2.351030043,-0.160808038,1,0.431254078,1,0.146197034,0.905579661
2.035671012,-0.088050352,1,0.063719698,1,0.748940879,0.718413909
1.434252683,0.397353985,1,0.305855863,1,0.823661576,0.246452463
4.097717113,0.978529817,1,0.969301577,1,0.113816963,0.284759973
0.170020966,-0.16962285,1,0.180786234,1,0.241918583,0.359144869
2.945850488,-0.563114009,1,0.815149864,1,0.631969834,0.622719613
1.656009348,-0.961067359,1,0.632874259,1,0.918044661,0.051890187
1.262753375,-0.129772945,1,0.361671046,1,0.305225621,0.541402766
1.365181096,-0.166780277,1,0.281503205,1,0.310671539,0.434493907
2.459537433,-0.955481996,1,0.721278154,1,0.63214839,0.6906643
2.074245018,1.312570953,1,0.092384431,1,0.20264767,0.535505377
1.705273616,-0.619989291,1,0.155009425,1,0.213969679,0.58293288
1.777714015,-2.377207273,1,0.892214361,1,0.232623391,0.6851727
2.726955092,0.151623055,1,0.991042807,1,0.598130407,0.225720243
1.874489604,0.116680519,1,0.442594546,1,0.672717766,0.12432231
2.235767891,-0.122081639,1,0.344149584,1,0.237647027,0.141963189
1.325655506,-1.035625412,1,0.162059878,1,0.541353267,0.397777942
2.87505829,-1.014350563,1,0.898117877,1,0.606590876,0.762023801
2.201749751,-0.464913561,1,0.234579696,1,0.94073136,0.825249165
2.593500668,-0.521957834,1,0.531690305,1,0.472266203,0.811191672
2.790172973,-0.147628214,1,0.797954551,1,0.456327367,0.788297536
1.567597876,0.284461751,1,0.265472529,1,0.188787299,0.59648664
2.645360069,0.783784673,1,0.371756776,1,0.520580481,0.266398721
2.068018505,0.393550457,1,0.274631182,1,0.896042407,0.082041564
2.080272806,-1.266756412,1,0.606340025,1,0.346006245,0.863872713
1.60046193,1.971512713,1,0.047392607,1,0.006734379,0.016647846
2.716168705,-1.588464675,1,0.654180061,1,0.170774233,0.804355833
1.924141107,-2.399568297,1,0.931906697,1,0.721368087,0.710149267
1.987271328,0.277575983,1,0.643536362,1,0.346550412,0.26647766
1.896072252,-1.083112897,1,0.299557332,1,0.398502647,0.483029463
1.364958776,-0.541811358,1,0.171410341,1,0.568540657,0.547228996
2.521770715,-0.322279736,1,0.640116534,1,0.008393814,0.655526291
0.901007812,-0.275682636,1,0.3017032,1,0.992403222,0.345792051
1.539439378,-1.164679193,1,0.386089334,1,0.801294797,0.366319876
2.726081455,-0.125472447,1,0.463615743,1,0.03088401,0.939734107
0.92653785,0.113777768,1,0.153682291,1,0.176236399,0.674894044
3.321035605,-0.609102445,1,0.69623569,1,0.792831483,0.6954573
1.459073846,0.042010597,1,0.465760362,1,0.976443169,0.354242752
1.485303808,-2.614607431,1,0.27349477,1,0.430602317,0.949357566
1.572358913,-0.479256188,1,0.044595036,1,0.766302281,0.397892266
2.138904767,0.620846845,1,0.568761204,1,0.364676499,0.334850248
1.804128823,0.444173019,1,0.47076293,1,0.931073705,0.041399304
1.552499083,-0.939052855,1,0.751863339,1,0.841829776,0.380206099
1.434929762,-0.104291336,1,0.259972115,1,0.342352597,0.506800188
3.223208695,-1.797829617,1,0.710883829,1,0.653972589,0.918595091
1.674872139,-1.6699207,1,0.328196065,1,0.840336568,0.881585669
2.831779226,0.268635943,1,0.396773008,1,0.478423619,0.365264254
0.964306318,-0.809400382,1,0.215346405,1,0.893983964,0.764053028
2.786090658,0.92588971,1,0.18645515,1,0.1679681,0.173656351
2.977982973,-0.737341991,1,0.942297427,1,0.779074001,0.575304612
2.344186071,0.461236647,1,0.63413381,1,0.312306607,0.600981538
1.682468021,-1.08499171,1,0.617128569,1,0.709430147,0.720376687
1.726360051,-0.31201481,1,0.535312242,1,0.076539569,0.988300899
2.447587673,-1.504871155,1,0.910731611,1,0.187608995,0.97785054
1.391150134,-0.986685044,1,0.364191507,1,0.481929869,0.962883573
0.505636434,-1.567265826,1,0.719276924,1,0.766159724,0.252790824
1.271570904,-1.486444385,1,0.562585153,1,0.478831086,0.698455832
1.955617564,-0.616048485,1,0.664333824,1,0.809623077,0.501075134
1.393416593,0.146543075,1,0.136520223,1,0.839021169,0.567769395
0.577779562,0.596207587,1,0.195183316,1,0.497583698,0.193995263
1.012006076,-0.250681724,1,0.331407196,1,0.248108321,0.361587465
2.215514876,-0.480902757,1,0.94224557,1,0.421204401,0.023826045
-0.172046268,-2.027081679,1,0.041970065,1,0.596339937,0.756084741
1.887788287,-1.112768254,1,0.43872105,1,0.596368098,0.642710821
2.34276653,-0.545156876,1,0.510006766,1,0.100121921,0.685428114
1.489928201,0.991713108,1,0.122299521,1,0.213646324,0.06806855
1.693348454,1.504690666,1,0.157836515,1,0.328755246,0.422424845
1.370870707,0.79639169,1,0.39951626,1,0.428994827,0.105816523
3.271846581,-1.651940156,1,0.947365944,1,0.284667606,0.764711659
0.761761496,-0.549382527,1,0.594533908,1,0.086230608,0.659790487
3.518353222,0.21993999,1,0.694581894,1,0.599136,0.799872078
1.528998697,-0.985017189,1,0.137800699,1,0.936560486,0.710403691
0.97806316,-1.215745992,1,0.23574968,1,0.994121325,0.592735033
1.411099664,0.134189548,1,0.333463666,1,0.185619232,0.373386986
3.287606118,-0.637138857,1,0.777679385,1,0.583521193,0.967206627
1.450696468,-0.066894939,1,0.254368332,1,0.565898298,0.565640266
1.36241251,-0.153314246,1,0.382419569,1,0.001320159,0.240685922
1.652664629,0.310736475,1,0.142721121,1,0.815218658,0.398957528
1.844922395,1.041504201,1,0.792460017,1,0.312833927,0.082035095
1.558059037,0.600480887,1,0.305121701,1,0.810061583,0.172715263
1.859505284,-0.018020575,1,0.407203585,1,0.793719157,0.283104459
0.585231027,0.671418925,1,0.019204002,1,0.147959578,0.309897662
1.90909515,-1.201683067,1,0.707699382,1,0.621732196,0.62626686
1.649974973,0.309833688,1,0.351969312,1,0.479711948,0.531567034
0.026694898,-1.776441786,1,0.3202239,1,0.988918914,0.441616849
0.51321003,-0.152256604,1,0.248926842,1,0.627224596,0.199901206
1.670905563,-0.313596171,1,0.10094425,1,0.892954463,0.23950444
2.921972565,-0.373275141,1,0.626355683,1,0.604172126,0.6451669
2.191206085,1.792246582,1,0.724526309,1,0.252634734,0.058875598
2.689221391,0.863384863,1,0.831746319,1,0.153542179,0.00450371
0.416259882,0.198957256,1,0.243465914,1,0.220379877,0.021237963
2.500049387,-1.086568649,1,0.487479584,1,0.829397653,0.35217449
1.807423737,0.097282192,1,0.680148454,1,0.100372384,0.081731013
2.084642022,0.04441495,1,0.643040627,1,0.165181735,0.098510128
1.094093309,0.638289499,1,0.521784334,1,0.541928219,0.256801989
2.44387188,-1.072197808,1,0.962517834,1,0.652858559,0.458758879
2.741232693,0.190994295,1,0.653591079,1,0.980758629,0.062135349
2.818197066,0.841603387,1,0.94050515,1,0.514779405,0.262957549
3.586775617,0.289533158,1,0.875144651,1,0.074922148,0.265688428
3.108318599,-1.665020385,1,0.863488446,1,0.645092036,0.802304909
2.987187713,0.757145068,1,0.91536376,1,0.363545456,0.098811715
0.642019877,0.0861597,1,0.177375075,1,0.711821432,0.087018883
1.553054084,-1.76746114,1,0.225825988,1,0.143181503,0.532086695
2.83396616,0.086057193,1,0.905506675,1,0.683703633,0.101206603
3.349765048,0.623666217,1,0.742795743,1,0.245349132,0.586222607
2.785480083,-0.022226448,1,0.438429011,1,0.395283466,0.348060589
0.895337942,-1.689639143,1,0.255896548,1,0.955428562,0.758457409
-0.24015609,-1.319962457,1,0.022509723,1,0.901946814,0.38011899
2.689099135,-0.234240837,1,0.684434419,1,0.554348564,0.450432133
1.12231066,-0.980374821,1,0.189233213,1,0.476242649,0.989536976
1.957173999,1.734972088,1,0.205215572,1,0.015229338,0.166479231
3.21897091,0.377065142,1,0.750625385,1,0.500130957,0.083607282
1.088963563,-1.230714066,1,0.16492654,1,0.278940777,0.64495674
1.48244181,0.028637591,1,0.550681469,1,0.007176733,0.439000688
-0.246483504,0.55266693,1,0.291246504,1,0.012797531,0.092373899
3.001798366,-0.453404173,1,0.770264303,1,0.500996948,0.766214666
1.790263227,0.932534829,1,0.971047495,1,0.547541454,0.052239879
1.092293683,-1.898003638,1,0.829070571,1,0.74552553,0.806656169
2.009223199,-1.631309455,1,0.632064248,1,0.873159846,0.932256249
1.319465985,0.295335082,1,0.4600081,1,0.263257967,0.189483766
2.313111557,-0.800227212,1,0.771819174,1,0.313105173,0.410482497
1.986990281,-0.453940643,1,0.883063189,1,0.805994006,0.261208944
2.345751238,0.412409152,1,0.239208747,1,0.51539178,0.42565747
2.895448491,0.034953557,1,0.652912033,1,0.068268299,0.453893393
1.864559567,0.335002873,1,0.407547926,1,0.233014111,0.20050535
1.378097741,-0.408024941,1,0.136204031,1,0.121828139,0.367496333
1.828205887,0.449709772,1,0.559572484,1,0.207332947,0.200529803
4.100410153,-0.142518587,1,0.929399786,1,0.894485487,0.582657608
0.660137785,-0.5648742,1,0.001004776,1,0.508321707,0.579124644
2.507786792,0.14144914,1,0.832782933,1,0.640127185,0.563613333
1.809850797,0.793430848,1,0.418009975,1,0.56926616,0.093356687
2.063577675,-0.734363761,1,0.6827635,1,0.273665199,0.737586204
2.54916541,1.030469113,1,0.206599383,1,0.79292913,0.476623015
2.929423631,0.412541292,1,0.648855053,1,0.791748296,0.25597915
2.413030352,-0.126601182,1,0.960010844,1,0.175423805,0.730321135
2.595719739,-0.60041789,1,0.839418852,1,0.618481642,0.294280868
2.508061419,-1.310786553,1,0.50542727,1,0.23507581,0.603835788
3.42427622,1.891624921,1,0.904145935,1,0.08499595,0.322333964
2.910774019,-1.050642425,1,0.669358037,1,0.637749396,0.62427758
2.322756775,-0.876666451,1,0.397294946,1,0.290084898,0.442295722
3.126616496,-0.308460109,1,0.797200552,1,0.77253247,0.01575871
2.59364321,-1.104997257,1,0.893196031,1,0.001960963,0.834951417
0.834768071,-2.019724156,1,0.192138315,1,0.55189329,0.876772121
1.685811543,-0.664930958,1,0.218966194,1,0.946920804,0.64415401
3.899028426,0.353550235,1,0.998527833,1,0.340476822,0.230664044
1.540923865,-0.347629451,1,0.450835618,1,0.149121548,0.425873335
1.263995321,-1.845729705,1,0.531831368,1,0.402450574,0.759338438
2.37629902,-0.511897192,1,0.56611557,1,0.493963819,0.400401184
2.713820783,0.009896287,1,0.427000717,1,0.609202252,0.717815352
2.429411156,-2.985255863,1,0.712166938,1,0.974351207,0.892296969
1.386614683,1.448458614,1,0.066268341,1,0.59787404,0.042390452
1.483179883,-0.150480798,1,0.529754963,1,0.648358573,0.017136855
0.536309916,0.141645139,1,0.615465983,1,0.242193802,0.049200831
3.311673521,0.346836495,1,0.861666956,1,0.687546684,0.08026102
2.683486601,-1.494296545,1,0.630045938,1,0.789860313,0.879996757
2.378718637,1.236572948,1,0.855230766,1,0.278191653,0.226291599
2.536889416,-2.02785135,1,0.714824721,1,0.040276913,0.869412217
2.16563275,-0.03613882,1,0.485114995,1,0.219898083,0.601723218
3.153807198,0.762827662,1,0.750800706,1,0.111296902,0.330878834
0.996628888,-0.96791075,1,0.201356902,1,0.294542501,0.531944228
1.813854092,1.908855412,1,0.170014136,1,0.035536741,0.349785893
1.957076334,-0.921707164,1,0.339488548,1,0.454707211,0.710370737
1.48294111,-1.055235774,1,0.421404665,1,0.131181605,0.468569536
2.422994948,-1.135235071,1,0.716230219,1,0.096810483,0.955996316
1.749759841,-1.680611727,1,0.58673219,1,0.150097865,0.635733916
1.019554873,-0.634778757,1,0.49571683,1,0.485163624,0.946571772
1.829445697,-2.337859446,1,0.541360635,1,0.503555445,0.702939949
3.045551622,-0.064411014,1,0.473971727,1,0.82336605,0.324103031
1.164449989,0.764787003,1,0.320193946,1,0.416309371,0.066807415
2.431328836,-0.181015337,1,0.833665845,1,0.042187554,0.342987061
1.1859997,-0.98443948,1,0.545692388,1,0.526241785,0.395783495
1.282058024,-0.17113715,1,0.161613929,1,0.393667274,0.62063038
3.146752676,-1.558090148,1,0.846198858,1,0.926254985,0.357028377
1.162203948,-1.049479448,1,0.065881894,1,0.598027081,0.625998104
1.705357366,-0.140320073,1,0.375509922,1,0.78797849,0.310743886
0.823719796,0.731518331,1,0.006100192,1,0.609217068,0.370403105
2.490157975,0.623266914,1,0.163011409,1,0.286434636,0.197818638
0.898929446,-2.323555539,1,0.534054605,1,0.924135089,0.129405782
2.95045723,0.317327944,1,0.449395213,1,0.133400164,0.637291785
1.547933557,-1.035383346,1,0.402404294,1,0.276514205,0.699503457
0.479725221,-1.347022927,1,0.317257154,1,0.249083369,0.559728944
2.284037993,-2.31149157,1,0.904242895,1,0.630613005,0.635398088
3.212316822,-1.181903587,1,0.809267796,1,0.839453404,0.957674894
1.658336767,-2.387611696,1,0.69912473,1,0.981339818,0.989443246
2.463366662,0.94403867,1,0.702485577,1,0.108584059,0.615675785
2.306760149,1.052693382,1,0.332576918,1,0.564710186,0.142135048
1.864041387,-0.439119827,1,0.258026772,1,0.412570729,0.437464829
1.421419881,0.031989647,1,0.109783978,1,0.390165814,0.177622195
2.482581434,-0.544259788,1,0.649390528,1,0.402667452,0.658836286
2.403067399,-1.398336893,1,0.683541841,1,0.699607512,0.477513449
1.491387651,1.033477427,1,0.0192416,1,0.563316795,0.13193884
1.383154201,-1.087806829,1,0.903278895,1,0.435285259,0.913866156
1.449101417,-1.20148843,1,0.545801303,1,0.113050615,0.596022198
1.294423028,-1.072868275,1,0.144951066,1,0.152689963,0.919335099
2.232199824,0.574279018,1,0.316687262,1,0.455116982,0.156372721
0.646044009,-0.97528477,1,0.317653496,1,0.423746223,0.044317925
1.638359775,-0.252580547,1,0.672491874,1,0.258300599,0.407739847
1.65417814,-1.2309681,1,0.614697835,1,0.548038553,0.750709659
1.327409414,-0.441272705,1,0.472698417,1,0.928165094,0.438622384
3.027447471,0.128594167,1,0.660877146,1,0.318702597,0.442867349
2.24037432,0.416663103,1,0.752792534,1,0.074585347,0.434754347
0.734837274,-1.486887782,1,0.176314316,1,0.859408203,0.606835243
0.93670002,-0.125951589,1,0.217456545,1,0.011453388,0.371165198
1.07646921,-1.65457337,1,0.179712573,1,0.471225872,0.690096613
2.492120713,0.565301444,1,0.237613973,1,0.359648256,0.543570239
1.637075967,-1.376003539,1,0.046178008,1,0.518588419,0.797575487
1.744359275,0.604910249,1,0.35979084,1,0.499070571,0.12460844
3.212214315,-0.382190836,1,0.969523683,1,0.403774015,0.504776322
1.894694272,-1.674780642,1,0.778493492,1,0.553984246,0.685120119
2.45209385,1.163310015,1,0.741347973,1,0.433538791,0.085791495
2.999122481,-0.817824953,1,0.587491749,1,0.754084061,0.753739101
2.416526651,-1.053361513,1,0.841581737,1,0.596626325,0.722096334
2.070226561,-1.587723554,1,0.663092556,1,0.37958774,0.784550774
1.957867992,1.674280317,1,0.0252894,1,0.076091256,0.380817971
2.830807318,0.538162306,1,0.869253245,1,0.087478837,0.293477048
3.089215336,-0.486996301,1,0.967109949,1,0.100021098,0.898053905
-0.022083003,-0.628000854,1,0.30955946,1,0.746736001,0.297218805
3.045467775,1.294461622,1,0.803033818,1,0.079094392,0.248584481
2.926572225,-0.591965895,1,0.472357989,1,0.818416035,0.827180791
1.379686492,-0.146943972,1,0.510752735,1,0.252461999,0.062211457
0.436778242,-3.1304723,1,0.330074837,1,0.976297717,0.854712388
2.264786793,-2.369861854,1,0.205431531,1,0.918511151,0.741294356
2.761546867,-0.53383718,1,0.60995709,1,0.784372415,0.237836019
2.374743105,-1.297652966,1,0.584661107,1,0.441234432,0.910268004
3.786432787,-0.457821532,1,0.577222864,1,0.20489629,0.78428178
2.062974128,-0.185232294,1,0.266194058,1,0.54399751,0.296383353
4.225244376,0.651639398,1,0.931717917,1,0.655530812,0.47674829
1.932915674,-0.234744303,1,0.686431018,1,0.757339501,0.005346614
2.443576167,-0.111653017,1,0.603040807,1,0.591217824,0.496224583
2.70586549,-0.266967913,1,0.90944746,1,0.32144032,0.242715401
1.987246715,-1.065936151,1,0.437170333,1,0.769456265,0.76513983
2.108437188,0.104604373,1,0.305363165,1,0.170542987,0.550250031
1.155551341,-0.759056564,1,0.036989155,1,0.443547582,0.658805514
1.659065217,-1.65372308,1,0.680947599,1,0.702310363,0.693313993
2.93403812,0.154593709,1,0.283924852,1,0.759274956,0.421722501
1.475970777,-0.430494679,1,0.868915547,1,0.945146374,0.40182828
2.616073343,-1.551074876,1,0.479721726,1,0.273939643,0.897731697
2.281974177,-0.406122603,1,0.476108673,1,0.011845997,0.636847714
2.852570374,1.23735088,1,0.337326479,1,0.229476306,0.278900752
1.83228484,0.611458246,1,0.167276518,1,0.683370371,0.534349444
1.650615477,-0.413371534,1,0.458119518,1,0.195737675,0.581532175
1.366138798,-1.553691518,1,0.483692263,1,0.439662561,0.473253998
1.310502111,1.044131058,1,0.228958308,1,0.508326056,0.003118391
1.077753721,-0.332233379,1,0.452292315,1,0.396592767,0.378682263
1.290775741,-1.64236086,1,0.531755195,1,0.921696479,0.706595707
1.564154941,-2.141237599,1,0.361922484,1,0.728626175,0.918175139
1.07183259,1.551698929,1,0.018354685,1,0.246854132,0.149421629
3.182561398,-0.002411536,1,0.75620669,1,0.417493732,0.417309626
2.088763069,-1.696430463,1,0.527870907,1,0.926391565,0.624549873
3.003006374,0.582043214,1,0.620621849,1,0.756870165,0.384906005
1.445854161,-1.610295474,1,0.369450052,1,0.95955803,0.801469516
3.004672452,-0.302841627,1,0.484878966,1,0.900364626,0.380570511
0.944924712,0.096174677,1,0.101267663,1,0.639674088,0.070591731
2.221401795,1.09025306,1,0.441479899,1,0.295345126,0.456208028
2.341294217,0.700732346,1,0.569263922,1,0.776906533,0.224122117
1.695651922,-1.145332077,1,0.871085976,1,0.729824599,0.779411519
2.672390885,1.334563469,1,0.607160666,1,0.90714472,0.072113269
1.411773942,-0.621616552,1,0.39156989,1,0.326657495,0.507261772
4.32619352,1.333685013,1,0.838695684,1,0.099368519,0.293764562
2.178913169,-1.554996968,1,0.655357441,1,0.841456219,0.290240212
2.342477783,-0.036944843,1,0.584318247,1,0.288421762,0.930939009
1.011055923,-0.76164951,1,0.304065073,1,0.229588108,0.557474109
2.485255853,-0.288295931,1,0.769156205,1,0.967303148,0.156061866
0.97450467,-1.033860227,1,0.048613185,1,0.448137884,0.602895443
2.179937707,-0.539697883,1,0.634165965,1,0.290015834,0.172155389
2.391614284,0.815974473,1,0.588076808,1,0.717719954,0.049189754
2.108001089,-0.694744371,1,0.650590565,1,0.904755975,0.812897148
2.236382286,-0.979204114,1,0.866473688,1,0.622128191,0.834948856
0.263523873,-1.679526222,1,0.25960857,1,0.939658513,0.787467749
0.443391288,-2.02698315,1,0.499973091,1,0.488489455,0.844773326
1.949158844,-1.701395818,1,0.518155548,1,0.35278817,0.760754252
2.574846847,0.633019883,1,0.751540746,1,0.415502014,0.186673857
1.840303056,-0.492213239,1,0.689203602,1,0.705557495,0.216076597
3.121013425,-1.448802475,1,0.350680959,1,0.788353102,0.586096944
2.730005508,-2.492394107,1,0.966479118,1,0.869778303,0.853369308
2.230192205,-1.880528559,1,0.395234361,1,0.78049766,0.904190718
1.127942037,-0.482064581,1,0.412119682,1,0.9687938,0.179747985
1.648816062,-1.06052859,1,0.023704878,1,0.99632262,0.478455439
2.805233667,-1.607382429,1,0.847765615,1,0.37428087,0.781724159
2.306864828,-0.451628011,1,0.542393376,1,0.289981342,0.427907465
2.106862077,0.24758174,1,0.612145344,1,0.719743209,0.266412925
1.467911783,-0.911039895,1,0.336468482,1,0.951041011,0.431045748
-0.006038769,-2.39117152,1,0.308162429,1,0.923944918,0.843861633
1.697775759,-0.963318037,1,0.413561937,1,0.187656871,0.479957868
1.762631984,-0.202320535,1,0.452060501,1,0.398771268,0.979328644
0.997712099,0.408120928,1,0.260851249,1,0.474840788,0.456532121
1.09921792,0.677150923,1,0.733517263,1,0.25375272,0.048808801
2.575390356,0.711036175,1,0.628950077,1,0.092484729,0.515396886
3.717649703,0.716054328,1,0.675085911,1,0.161717605,0.549559094
2.415679612,0.438291564,1,0.80965701,1,0.670127255,0.18220774
2.222410409,-2.250454864,1,0.933880674,1,0.575774681,0.977583405
1.115178506,-0.837079833,1,0.383907737,1,0.898699827,0.019851853
1.445603564,0.313129,1,0.194630583,1,0.252223799,0.18512902
3.116334148,-1.045643443,1,0.718215629,1,0.127799696,0.638017766
2.541569169,-0.228523844,1,0.702182335,1,0.20901954,0.921376053
3.575760209,-0.545954002,1,0.983443416,1,0.365794698,0.379838745
1.867149808,-0.591218251,1,0.501923537,1,0.750191556,0.088369368
2.435508155,-1.055034152,1,0.786371315,1,0.248111115,0.529867332
0.595690044,-1.008410642,1,0.13348666,1,0.577175316,0.860526337
1.267277628,-1.751127852,1,0.349457403,1,0.390184015,0.846255249
0.561751555,-1.943977959,1,0.209104491,1,0.908927425,0.672843367
1.777914552,0.247336958,1,0.652113735,1,0.429644478,0.49895937
0.862407789,-1.620271116,1,0.125594883,1,0.046807064,0.990165741
1.334545272,-0.209006188,1,0.452832835,1,0.601279779,0.269842851
3.521854864,-0.763671751,1,0.924980263,1,0.460178578,0.615316722
2.064320875,-1.597526105,1,0.325212113,1,0.506785403,0.559880024
1.591444629,-0.735672265,1,0.37047344,1,0.69314936,0.265380725
2.147440921,0.084827459,1,0.556137204,1,0.193416297,0.762513887
2.614564668,0.327051139,1,0.475016023,1,0.833303932,0.34553333
3.595102229,-0.191949464,1,0.913961065,1,0.20999978,0.457790967
2.556529887,-0.722073652,1,0.702602286,1,0.359484362,0.591181277
3.855798317,-0.062554887,1,0.700289489,1,0.606984535,0.844809924
1.702514516,-0.518440994,1,0.153048122,1,0.837479754,0.082067589
3.445077551,-1.401665996,1,0.721396766,1,0.180853711,0.448816037
1.203028981,-0.354845989,1,0.79833023,1,0.302730241,0.144693269
2.574408449,-0.333872149,1,0.527433767,1,0.653352037,0.506254331
3.126694641,0.926153753,1,0.838117626,1,0.282994344,0.468486052
2.994573364,1.025859383,1,0.971519822,1,0.564802187,0.098581949
2.247331357,-0.755701851,1,0.641700149,1,0.040371247,0.912503328
2.13604657,0.211607983,1,0.188159735,1,0.510590568,0.643014252
2.20060557,-1.207824175,1,0.848982628,1,0.908064693,0.559545611
1.330904715,-1.639563485,1,0.638571579,1,0.877688341,0.176063525
0.871565446,-1.447381046,1,0.147919767,1,0.751137846,0.554341129
0.892303153,-0.942969334,1,0.33407522,1,0.138163305,0.846528966
2.795169211,-1.704212024,1,0.746168833,1,0.977038582,0.625002524
1.925496522,-0.279342201,1,0.127894334,1,0.374012191,0.730411923
1.901667939,-1.713081033,1,0.927663402,1,0.632622739,0.374353783
2.137829666,0.338332273,1,0.311624779,1,0.117118943,0.219558876
0.710555571,0.140593488,1,0.151142987,1,0.781748931,0.197939476
3.654332781,0.831398893,1,0.347425649,1,0.239659124,0.225216709
1.971881135,-1.640408307,1,0.897656944,1,0.209659693,0.763301261
2.836030853,0.01234251,1,0.841071821,1,0.06156544,0.297272191
2.729109339,1.570621653,1,0.525403367,1,0.017525208,0.002806291
0.950519653,-1.838054196,1,0.336134843,1,0.322827381,0.935587484
0.80631302,-3.036068906,1,0.495817523,1,0.724090768,0.977071845
2.291604244,0.176079854,1,0.794445272,1,0.329276056,0.249037181
2.310585426,-0.793357007,1,0.481385427,1,0.966500219,0.886005167
1.150657031,-1.600096248,1,0.156602874,1,0.237811883,0.765247616
1.344710442,-1.047371518,1,0.055457968,1,0.856875822,0.860037371
3.04119427,0.781274553,1,0.697538874,1,0.663262545,0.54386362
2.139058648,-1.144727956,1,0.753533742,1,0.39696839,0.617539175
1.163295302,-1.255508402,1,0.567413245,1,0.846616253,0.017710792
0.481597439,-0.419150508,1,0.055920549,1,0.756653928,0.129408597
2.341213565,-0.91074653,1,0.535786296,1,0.862520787,0.081339494
1.356263083,0.98383366,1,0.023095241,1,0.646213559,0.138808524
2.847576216,0.020275072,1,0.43026351,1,0.769063496,0.289182237
1.966729545,0.263459282,1,0.230715424,1,0.542859881,0.294750219
2.022061167,0.357593786,1,0.844447281,1,0.099530429,0.435369171
1.460440631,-1.188483029,1,0.363306014,1,0.592510309,0.824556968
3.57791809,-1.462874528,1,0.706474231,1,0.69891724,0.667822642
1.870243612,0.99375154,1,0.130673423,1,0.523447062,0.177298144
2.228418834,0.339198113,1,0.000225747,1,0.060515723,0.984300785
1.885517962,-0.448318681,1,0.094326038,1,0.738830182,0.159770576
1.439826138,-0.683263048,1,0.059175296,1,0.327289357,0.563692443
1.973133106,0.145346271,1,0.700474652,1,0.703781602,0.534762644
1.950749922,-0.69829654,1,0.088883253,1,0.096765065,0.98087599
2.838042901,-1.06745573,1,0.695673945,1,0.42348059,0.787420896
2.290570131,-1.756833422,1,0.495858589,1,0.266885902,0.932301287
3.181193996,0.512900687,1,0.695441983,1,0.218716794,0.875221693
3.14388214,-1.648388755,1,0.904445084,1,0.435885747,0.834243434
2.022994888,-0.282874162,1,0.502255339,1,0.306412047,0.29065298
0.919558935,0.515068941,1,0.255853148,1,0.048241995,0.10527095
1.228034972,-2.117849762,1,0.592871955,1,0.989917166,0.379757787
1.996785518,-1.33920231,1,0.716237681,1,0.438926988,0.505089627
1.761329694,-0.409764373,1,0.348263615,1,0.192551498,0.486319783
2.120903879,0.255504525,1,0.5537312,1,0.666484297,0.145361879
2.471455951,-0.344034449,1,0.545378271,1,0.747688958,0.657773011
0.622864564,-1.634040039,1,0.437458368,1,0.880789823,0.605094148
-0.267509809,-0.851235981,1,0.015628673,1,0.761891983,0.194268371
0.924276031,0.132288681,1,0.058995249,1,0.316078137,0.732333051
1.773742048,0.611089132,1,0.117029032,1,0.123309817,0.331728382
2.388514094,-1.620084681,1,0.926584798,1,0.655945331,0.985026811
0.678347872,-0.494752354,1,0.13684406,1,0.236827692,0.663008128
3.952598861,-0.524057373,1,0.968446903,1,0.703446505,0.490623073
2.2493896,0.19603129,1,0.714856922,1,0.341620052,0.140986665
3.204360736,-1.243097091,1,0.987952294,1,0.754969641,0.844869014
4.037730492,-0.215225736,1,0.979957843,1,0.80785301,0.20417264
1.765066654,-0.696268663,1,0.190592967,1,0.291978001,0.658594355
1.994811273,0.251028935,1,0.701611079,1,0.151267341,0.116902273
2.052161096,-0.656391631,1,0.598356983,1,0.374348094,0.198754856
2.629491524,-0.234367229,1,0.331097387,1,0.776881518,0.136176043
2.114631069,1.515206145,1,0.321007975,1,0.052930041,0.279515196
1.717021985,-0.19666924,1,0.570297633,1,0.454391456,0.275622958
0.548787439,1.049520363,1,0.267238077,1,0.001133578,0.02451467
1.85446682,-1.407284529,1,0.169118045,1,0.833299365,0.834572546
1.051549038,-0.746201002,1,0.209903696,1,0.283124116,0.58038532
1.424525456,-0.974722237,1,0.348059925,1,0.594957318,0.73741602
2.57461803,-0.379544995,1,0.776022962,1,0.163777352,0.721271586
1.706384154,-1.344860594,1,0.072143786,1,0.691846019,0.777152577
3.415834091,-0.177793618,1,0.567433818,1,0.406282874,0.242643557
2.833473641,-0.277440536,1,0.73756845,1,0.81944785,0.136180541
2.867908005,-1.047051595,1,0.754116388,1,0.715096923,0.008627897
1.603552818,-0.361769122,1,0.450761666,1,0.039677272,0.221928356
2.122959192,-0.314248622,1,0.299215104,1,0.660512412,0.710139828
1.532645135,-0.272017331,1,0.332929487,1,0.97636602,0.286514842
0.603199096,0.054002066,1,0.582896694,1,0.218250903,0.317883946
2.748206261,-2.107566527,1,0.872000473,1,0.988059436,0.905754246
2.360389884,-0.844036856,1,0.572428861,1,0.619795354,0.741465416
3.228446447,-0.54672738,1,0.808609234,1,0.191315727,0.731201655
1.332198038,-0.668203961,1,0.243072957,1,0.515380759,0.563786241
2.22963055,-1.443122015,1,0.196850405,1,0.721854203,0.516551291
2.868271633,-0.699851065,1,0.882218118,1,0.598404797,0.366161226
2.695824611,-0.435641705,1,0.518006946,1,0.768610821,0.602765088
1.831678147,-0.184556458,1,0.374959857,1,0.347255168,0.606238612
2.994026975,-0.063012182,1,0.768845069,1,0.49980648,0.367529141
1.77458481,0.201435375,1,0.656881298,1,0.137812325,0.245964548
1.832521664,0.027259753,1,0.520477137,1,0.524276303,0.047598037
0.906871245,-2.372674064,1,0.007591483,1,0.749022128,0.997862658
2.832682989,-1.317423194,1,0.567318004,1,0.608338148,0.875525691
1.192968642,0.440281179,1,0.106134496,1,0.954687475,0.127811448
0.826120662,-2.099773711,1,0.551533554,1,0.359162978,0.934174165
2.641111281,-0.526103791,1,0.815278389,1,0.359720705,0.394475184
1.979599959,0.822876573,1,0.496773083,1,0.65620064,0.284150942
1.706960303,-1.642911734,1,0.932242919,1,0.048717265,0.747058331
1.187071685,-2.26343508,1,0.026639234,1,0.820021313,0.438754991
1.896110028,-0.414397758,1,0.42437255,1,0.151897123,0.953848663
1.520340369,-0.971484801,1,0.371617982,1,0.811059149,0.541787532
2.417915865,-0.886268322,1,0.999483667,1,0.422192016,0.800274817
3.507365422,-0.712908504,1,0.748189976,1,0.127499043,0.7406341
3.207936102,-1.655097924,1,0.976707585,1,0.605281699,0.779622894
2.416774409,0.241681921,1,0.256450487,1,0.963216599,0.117140305
3.146490518,0.027312304,1,0.703099068,1,0.931209907,0.401070809
0.745434705,-0.88538312,1,0.047678437,1,0.093078955,0.817428865
2.750641609,-2.127180376,1,0.752899024,1,0.675621312,0.820920944
0.25157876,-0.044300347,1,0.011177917,1,0.760818735,0.347452041
2.252324273,-1.764845701,1,0.86678756,1,0.908671593,0.907103015
1.761981931,-0.251308949,1,0.399202812,1,0.984418292,0.402900272
2.803751852,-0.641691691,1,0.664374348,1,0.641510547,0.59252721
2.758572437,0.622299593,1,0.925195896,1,0.471753591,0.508156709
1.153407208,1.20585245,1,0.409697593,1,0.236193953,0.017505903
0.766799152,-1.177055709,1,0.318079576,1,0.500988985,0.800234966
1.65191778,-0.689153538,1,0.502447253,1,0.031936387,0.4273296
1.893033773,-0.189624066,1,0.176870066,1,0.184878767,0.077656575
3.768310775,-0.570474448,1,0.875591403,1,0.918003268,0.630239606
3.649430547,-0.712747973,1,0.951212763,1,0.290459471,0.507967772
2.838596406,0.121210927,1,0.812009693,1,0.243118699,0.480989171
2.035167182,-0.813670907,1,0.171620912,1,0.654618595,0.78694257
2.22721992,0.477075675,1,0.662352836,1,0.946565497,0.120232796
1.362561391,-0.871801062,1,0.215262244,1,0.310024299,0.495882048
3.796850938,0.243569894,1,0.878766135,1,0.114592651,0.751916175
1.769393412,-1.19648282,1,0.454993676,1,0.429124575,0.441936468
1.077808491,-1.187218276,1,0.29402011,1,0.451093087,0.356845937
3.017077346,-1.904601181,1,0.731506891,1,0.975929206,0.840579432
2.159813249,-0.776550074,1,0.180726446,1,0.617112685,0.582864853
3.206053255,-2.413041064,1,0.972907815,1,0.939665682,0.570557625
2.655685471,-1.285014934,1,0.765029909,1,0.782379782,0.753944916
2.818281878,0.059472319,1,0.940818401,1,0.590884021,0.48222417
2.051456959,0.155618708,1,0.680591051,1,0.116442524,0.392169
2.093767943,-0.646751481,1,0.802311567,1,0.247999634,0.232080195
1.258099365,-0.834358263,1,0.201084842,1,0.267917462,0.991043403
2.030956698,-0.805807836,1,0.101368566,1,0.838874635,0.361210288
0.775440694,-0.327116823,1,0.026235104,1,0.617488499,0.414976241
2.026950992,-1.522394916,1,0.962756695,1,0.572301551,0.944641188
3.801006069,-0.633414095,1,0.850911493,1,0.449744016,0.924057372
0.995691635,-0.135349967,1,0.124789143,1,0.438627568,0.581438755
1.260048671,-1.375507946,1,0.168697119,1,0.72187245,0.32257644
0.966434771,-2.076375153,1,0.113590872,1,0.832845093,0.942489636
2.261906005,0.231940622,1,0.298830084,1,0.509705178,0.006282706
2.654250923,-0.274639732,1,0.507434268,1,0.243094615,0.433788978
3.743909128,-0.040822612,1,0.811199118,1,0.914844728,0.634059526
2.232287625,0.485590066,1,0.844807165,1,0.856486758,0.159754039
3.387245311,-0.947010447,1,0.416905905,1,0.273062267,0.802244597
2.699291753,-0.181998446,1,0.809649005,1,0.617714481,0.299833366
2.417296038,-1.249724652,1,0.944080374,1,0.866234555,0.670328124
1.989339807,-0.354665246,1,0.387544852,1,0.932739986,0.318068391
0.324105395,-0.1677518,1,0.294890004,1,0.992925736,0.621716241
3.098101207,-2.182777525,1,0.674093043,1,0.797866791,0.647503308
2.785592847,-0.1268107,1,0.94560287,1,0.010181302,0.889367064
0.884791085,-0.5453562,1,0.430991784,1,0.113204996,0.820046961
0.848294583,-1.56008404,1,0.497881709,1,0.39811176,0.489025278
0.912283978,-0.872184647,1,0.600918105,1,0.65576326,0.655287915
1.615996621,-0.831900545,1,0.43105811,1,0.420446616,0.279584577
0.732257917,-0.76226063,1,0.510530123,1,0.694916413,0.55182159
3.543290472,0.125095261,1,0.69812954,1,0.346623281,0.112868271
2.936044679,-0.285761612,1,0.789337927,1,0.227256567,0.709371345
1.577059652,-0.807895526,1,0.063339045,1,0.392633724,0.757384488
3.033697552,-0.352546541,1,0.569561198,1,0.080031257,0.364909159
3.419369303,1.150589119,1,0.532338537,1,0.211607561,0.609129014
2.902599884,-0.225504279,1,0.542595786,1,0.006470598,0.966821149
1.958334598,-0.18298282,1,0.326174681,1,0.515813266,0.617321889
3.295722994,0.14793353,1,0.55704814,1,0.120995553,0.788157938
1.170680193,-0.373122125,1,0.474353478,1,0.772812395,0.103220858
0.44496239,-1.009464,1,0.277890213,1,0.028661224,0.544488936
2.044699629,0.194600203,1,0.994444737,1,0.129817972,0.631240734
3.181209282,0.257547104,1,0.610995915,1,0.222573926,0.561119234
1.358325452,0.138094309,1,0.219591179,1,0.936577541,0.309920203
2.217287598,0.559593827,1,0.27709748,1,0.107842002,0.520687497
2.561739198,-2.429344364,1,0.855415312,1,0.599855726,0.991979771
3.030382282,0.655135116,1,0.85680342,1,0.267555605,0.088758765
2.312810723,0.940476876,1,0.856741609,1,0.363988237,0.116069295
2.894559071,-1.08833779,1,0.675246551,1,0.703759301,0.718507976
1.964973496,-0.748418529,1,0.593323801,1,0.011820394,0.608356722
0.864129687,-1.500200661,1,0.209067209,1,0.435357646,0.404068491
2.941618672,0.698648315,1,0.309291085,1,0.107798252,0.782078288
2.2286135,-1.928716226,1,0.462851921,1,0.443879256,0.748858377
1.663471409,-0.599397978,1,0.563226819,1,0.771051294,0.154338241
0.73384919,-0.718888606,1,0.092693646,1,0.147077092,0.547151807
2.209735929,-0.50179337,1,0.868440156,1,0.032363633,0.547336245
3.147720534,-0.887400073,1,0.9322645,1,0.116057996,0.649481085
1.873928658,-1.514676044,1,0.945064002,1,0.510130496,0.441472022
2.931913708,-1.563973596,1,0.876705347,1,0.430964585,0.895787893
3.01684836,-0.802555947,1,0.639140267,1,0.413167171,0.726357523
3.75863559,-0.184140088,1,0.799232561,1,0.397538433,0.907835551
2.538690057,-0.953945343,1,0.919239006,1,0.565182535,0.385295049
1.202249489,1.118653739,1,0.238748408,1,0.572003216,0.131405799
-0.00790579,-0.623683032,1,0.08984158,1,0.597081574,0.232037104
1.678514306,0.454999212,1,0.520286726,1,0.459406995,0.171477163
3.126167752,-1.936555524,1,0.743227378,1,0.612568211,0.83522711
3.004705909,0.050951126,1,0.632709996,1,0.522560116,0.516205214
1.312005252,-0.449997329,1,0.785392683,1,0.43962285,0.389402392
2.673668412,-2.171299011,1,0.709467523,1,0.69313399,0.691895789
3.053166617,0.390272824,1,0.389200202,1,0.85507523,0.207832382
3.129571969,-1.055239897,1,0.971820085,1,0.801407397,0.990021446
1.842746726,-0.761899893,1,0.715614599,1,0.011008773,0.899917323
2.166700578,0.978692548,1,0.293164103,1,0.656483196,0.071715578
1.662016786,-1.225527928,1,0.819131681,1,0.231625791,0.966890868
3.19023782,-1.927250368,1,0.714120182,1,0.1694908,0.992528206
1.818308651,-0.968780883,1,0.511116374,1,0.882194185,0.657264468
0.933393,0.281096342,1,0.50318115,1,0.458624803,0.355519117
2.521543269,0.396747126,1,0.533807449,1,0.861346667,0.172829731
2.398046881,-1.661608175,1,0.540196227,1,0.805213474,0.971882158
0.589191137,1.070479956,1,0.152813711,1,0.272351356,0.011347592
3.645533359,0.948166745,1,0.917914228,1,0.243778751,0.000300367
1.066784194,0.653893682,1,0.132941931,1,0.016423409,0.47359608
2.280247218,-2.036013951,1,0.943312065,1,0.719770622,0.720299224
0.374603026,-1.338689851,1,0.153397463,1,0.825976887,0.182239353
3.302207427,-1.471216065,1,0.803465032,1,0.527435783,0.644704911
3.65205549,1.539061243,1,0.328646117,1,0.198193418,0.516864002
2.436750165,-1.311319202,1,0.634223018,1,0.460638134,0.907980111
3.468958068,-1.039556291,1,0.891416615,1,0.549758443,0.992271968
1.327251196,0.090655419,1,0.75435941,1,0.917849909,0.073535273
3.860865183,-0.617679714,1,0.944761492,1,0.298828179,0.532401799
2.991690109,-2.186047119,1,0.728637115,1,0.860133046,0.930532316
3.684938497,1.138446049,1,0.512968586,1,0.888779033,0.103299503
2.64430242,-0.568983102,1,0.916156163,1,0.169487405,0.621336529
1.865949453,-0.959591464,1,0.486620407,1,0.123867455,0.478034613
1.941765236,-1.044365278,1,0.416728803,1,0.800738001,0.704078041
2.059387272,-0.470030437,1,0.400920448,1,0.513914849,0.393332106
2.806908596,-1.246485298,1,0.76662925,1,0.481868464,0.663074807
1.925698679,-0.47306176,1,0.445757365,1,0.217859011,0.734493535
1.951786919,-1.023753851,1,0.55789129,1,0.932586377,0.591617911
2.878302957,-0.749207512,1,0.862944257,1,0.550192938,0.556484776
1.555045476,-1.892471565,1,0.2004982,1,0.33799206,0.797163523
1.048933886,-0.826786204,1,0.348019949,1,0.987764077,0.256762906
0.120028973,-1.062641814,1,0.006439694,1,0.790808708,0.463984676
1.419717035,0.24467458,1,0.27639499,1,0.159315031,0.778009808
2.474568412,-0.168391813,1,0.998957381,1,0.710805694,0.486939797
3.046512786,-0.048781106,1,0.065997217,1,0.600910437,0.842586871
1.046416868,-2.835423189,1,0.363558768,1,0.536737705,0.601728231
1.585237667,-0.366730717,1,0.270865705,1,0.85179239,0.276713934
0.759780554,-2.185950225,1,0.156571491,1,0.522709693,0.691497169
0.893922011,-0.98806239,1,0.266066975,1,0.31195283,0.617381294
1.384348941,-0.141967505,1,0.080570621,1,0.443519844,0.30725041
1.529879778,-1.422880491,1,0.371529934,1,0.193938206,0.817557339
2.309597146,-1.124300564,1,0.740442954,1,0.898270711,0.036266112
1.703450927,-0.666635144,1,0.737648701,1,0.69877183,0.271810969
2.604515245,-0.095101356,1,0.370759115,1,0.458807801,0.273661752
3.114156481,2.01652417,1,0.834867903,1,0.010808635,0.212317994
2.468709796,-1.381559058,1,0.924848022,1,0.481791142,0.868868738
3.800505327,1.407180842,1,0.994463223,1,0.040489387,0.020815268
2.10341894,-1.509477305,1,0.312301159,1,0.434598902,0.782081445
1.965815778,-0.836384164,1,0.44797207,1,0.683366559,0.135233423
0.550112837,-1.114036322,1,0.237400546,1,0.879858372,0.75117818
1.837155379,0.239976601,1,0.131776657,1,0.973938351,0.124939152
0.051917588,-0.677217887,1,0.256190021,1,0.175798109,0.41942606
2.452396703,-1.906820936,1,0.580293377,1,0.127772344,0.669821868
1.214726709,-0.931627351,1,0.185564124,1,0.887339962,0.471677961
2.050962962,-1.804900622,1,0.075114881,1,0.483854024,0.951086518
3.258466597,0.426919797,1,0.52663677,1,0.780076176,0.100573937
1.078051955,-1.045922996,1,0.363523397,1,0.878447857,0.595940554
0.318104397,-0.53584853,1,0.189471441,1,0.82490986,0.283375247
3.077246474,0.695434281,1,0.753938767,1,0.100612671,0.761616235
1.308368415,-0.350440905,1,0.028075759,1,0.959673118,0.325391266
2.339904992,-0.7267209,1,0.936579107,1,0.017122445,0.305044849
2.003787755,-0.757954861,1,0.699270021,1,0.10860313,0.735351281
1.555577219,-0.882610494,1,0.398829341,1,0.905405732,0.604319701
2.850591053,1.018993924,1,0.74757198,1,0.96948653,0.094942948
2.119400945,-0.429076736,1,0.534709118,1,0.180333452,0.685589113
2.535010648,-1.42344138,1,0.985721246,1,0.993196276,0.238386845
4.291781349,-0.622743958,1,0.89500708,1,0.809931334,0.569903012
0.606691725,-2.370497055,1,0.020574912,1,0.724102943,0.864064178
2.166999095,-0.16120895,1,0.554019831,1,0.731566055,0.103427667
2.913547527,-0.105208397,1,0.828784614,1,0.775811038,0.12353667
1.331250003,-0.744878692,1,0.236650655,1,0.062484843,0.987875923
1.723784793,-1.327732247,1,0.598922772,1,0.198533041,0.810918313
3.363582781,0.729321658,1,0.719498769,1,0.254327773,0.212322157
2.953320986,-1.375239299,1,0.8863749,1,0.964386103,0.918745936
1.74617915,-2.413470832,1,0.284918688,1,0.495470026,0.716969562
0.569000055,-0.05731981,1,0.403446054,1,0.635659501,0.226404245
2.11340595,0.646054746,1,0.761635635,1,0.594689111,0.164014911
2.219843008,-2.054193433,1,0.898197438,1,0.239861121,0.931856631
3.206624443,-0.376895134,1,0.74358329,1,0.232073535,0.830655522
1.891929282,1.462540223,1,0.688117866,1,0.08326307,0.209150776
1.913492635,-0.606203489,1,0.044912311,1,0.429403963,0.795430988
0.23821281,0.64008783,1,0.080500125,1,0.515213116,0.090945367
1.135893036,-0.036412097,1,0.527499916,1,0.433167392,0.205739941
1.504820721,1.251025993,1,0.563821053,1,0.375537633,0.160277383
0.64134322,-0.116477816,1,0.566201309,1,0.572457142,0.065140516
2.616553827,-0.246053328,1,0.945891744,1,0.252003331,0.283182454
2.086816278,-0.772237143,1,0.188643717,1,0.330170466,0.925403193
1.553910855,0.098265605,1,0.301934525,1,0.229550941,0.725129618
3.659801438,-0.243343417,1,0.758797387,1,0.884278281,0.575435431
2.161014823,-0.045588013,1,0.87540847,1,0.178827668,0.001855577
3.56132293,0.066131145,1,0.828230094,1,0.116040102,0.357326985
3.96451289,-2.652597553,1,0.987991975,1,0.635960178,0.905721295
2.579971729,-0.264289413,1,0.756744953,1,0.6743004,0.10175799
1.278312917,-0.087988307,1,0.321348061,1,0.597674951,0.257918685
3.729999919,-1.793222015,1,0.812376135,1,0.637915142,0.348000251
1.031607904,-1.45590201,1,0.189482136,1,0.850449433,0.773872147
1.486529104,-0.591541224,1,0.676498833,1,0.741045963,0.591448452
2.092598331,-1.184599573,1,0.184929303,1,0.45639409,0.996278681
2.907456521,-0.903975429,1,0.680009082,1,0.434779421,0.313534309
0.49004249,-3.214588519,1,0.520961034,1,0.978930183,0.813177584
3.311698845,-0.094438635,1,0.89136451,1,0.671872053,0.458051544
2.187464107,-0.62226866,1,0.898097741,1,0.897584469,0.868655946
1.620158942,0.002228236,1,0.474692158,1,0.301127111,0.077020979
0.452645513,-2.042557624,1,0.043682749,1,0.695709766,0.419097877
3.827834454,-0.21863885,1,0.948754119,1,0.819443025,0.364254873
3.055706576,-1.541411121,1,0.668854417,1,0.888647895,0.83598064
2.886189797,-1.676003194,1,0.834439697,1,0.907849266,0.808907208
2.397999654,-0.016641261,1,0.454453401,1,0.212356915,0.641896993
2.880409062,-1.764267246,1,0.844917404,1,0.080932498,0.962202228
1.273565737,-0.531983954,1,0.489369804,1,0.700952221,0.012119642
2.978844963,-0.888207283,1,0.605229697,1,0.228011089,0.737189129
2.017176683,-0.175004665,1,0.203416979,1,0.325226914,0.957710088
3.05984122,-0.961334359,1,0.787422783,1,0.45189414,0.610912007
1.444699263,1.490937009,1,0.003365114,1,0.630045695,0.064789321
2.256528467,-0.74924507,1,0.45330553,1,0.95851085,0.12053976
1.438621859,0.166281148,1,0.148338831,1,0.023000401,0.141800528
2.043169777,-0.690892585,1,0.439358282,1,0.55658792,0.964383944
1.542374347,-0.581833397,1,0.35148078,1,0.106525692,0.304129263
1.45511865,-0.289387513,1,0.154851905,1,0.372749124,0.282627904
1.759222554,-2.13600502,1,0.860776116,1,0.7671274,0.633042123
0.574133716,-1.211279947,1,0.48242833,1,0.586471851,0.727789528
3.216553403,-0.677227904,1,0.531730026,1,0.752873442,0.956264925
2.319505139,-1.247215062,1,0.45829513,1,0.444983677,0.771449963
2.708119991,-1.490466475,1,0.745208624,1,0.599147088,0.617941126
0.853117948,-0.88704497,1,0.017202452,1,0.027962941,0.737629745
2.818732551,-0.194225162,1,0.959084337,1,0.374278684,0.658046573
1.117983522,0.9993451,1,0.080210335,1,0.129682919,0.611053887
1.76149959,-0.117683732,1,0.119688459,1,0.220040272,0.593067623
2.056400896,-1.155745719,1,0.859465155,1,0.491112301,0.292685759
2.144839347,-0.618270737,1,0.656439847,1,0.917179303,0.691111636
0.952269424,-0.599286695,1,0.689486974,1,0.534379881,0.842492968
2.15820633,-0.249019016,1,0.659138947,1,0.635701949,0.469851977
2.954104919,-0.776103339,1,0.735583997,1,0.650095683,0.088087514
1.128672122,-0.597269975,1,0.361069177,1,0.527738769,0.551501004
2.015554687,-0.240649674,1,0.665732243,1,0.223982024,0.609685177
1.029197411,0.196648627,1,0.037307096,1,0.533137599,0.241770762
1.81853626,1.054198962,1,0.332565353,1,0.042403957,0.115673536
1.94917679,-0.713337377,1,0.833735636,1,0.26795506,0.355452186
1.544347634,-1.805158624,1,0.473932901,1,0.30253051,0.822748409
0.952187865,-0.157799947,1,0.055976782,1,0.102983971,0.58901372
3.147427657,0.741315459,1,0.806107732,1,0.529165866,0.127607586
0.988144591,-1.104305782,1,0.148034262,1,0.337661293,0.869235193
0.89576678,-0.765089212,1,0.263375627,1,0.586880594,0.486495455
2.835696351,0.050753218,1,0.781703007,1,0.207641673,0.426406174
2.975804146,-0.151645329,1,0.806328051,1,0.846282375,0.15344516
0.137612775,-2.237822189,1,0.083923471,1,0.852762955,0.712441566
2.057532802,-1.392687203,1,0.493701563,1,0.882247029,0.646875178
0.634419549,0.111366947,1,0.143791757,1,0.281402086,0.043199844
0.704042038,-0.4962569,1,0.588653331,1,0.834109902,0.46001526
1.635675311,0.649916871,1,0.415290595,1,0.05025574,0.070581106
0.60220418,0.428472447,1,0.030749748,1,0.640576113,0.108247103
0.994334249,-2.009196099,1,0.400320104,1,0.578459563,0.648046688
1.852338768,-1.351957116,1,0.512816379,1,0.880156021,0.895034643
1.203574722,-1.286115139,1,0.388198216,1,0.516208273,0.695732887
2.485052805,-0.722678822,1,0.968387616,1,0.498832342,0.115695938
1.402573644,-1.269468934,1,0.012662626,1,0.778355109,0.544463246
2.256570455,0.096041585,1,0.562359583,1,0.842509953,0.359483295
0.905637643,-1.433383514,1,0.043223214,1,0.887111123,0.912444013
2.873006836,1.956498782,1,0.595135636,1,0.871602291,0.246368469
3.620923102,-1.475117128,1,0.791187407,1,0.957767459,0.303428717
1.553087888,-0.611581692,1,0.425089431,1,0.383187577,0.62650239
2.843214608,-1.37006258,1,0.786483146,1,0.037982803,0.703794447
1.849092981,-1.051949361,1,0.388535983,1,0.952819558,0.243511974
1.621648362,-0.435909325,1,0.339717444,1,0.487922364,0.377294578
1.314144835,0.355901251,1,0.352132977,1,0.522717631,0.512473466
1.876722833,-1.069744887,1,0.655483423,1,0.781553758,0.854761841
4.069135019,1.131217008,1,0.903166638,1,0.15588611,0.327634066
2.102444011,-1.081780247,1,0.526378044,1,0.694049082,0.436638694
1.487912235,0.400522341,1,0.78030265,1,0.37342524,0.112642308
3.332537865,0.053683652,1,0.513909685,1,0.991966453,0.751612373
2.177378433,0.173772748,1,0.518381292,1,0.682314733,0.280499992
1.60989398,1.700434576,1,0.107510076,1,0.38430402,0.015712543
2.942791393,-0.276161585,1,0.959131553,1,0.782134366,0.220519784
3.926724252,1.291846407,1,0.650116714,1,0.364262785,0.632346632
3.319216964,-1.07503938,1,0.901883165,1,0.992159534,0.623297124
3.347147352,0.818861947,1,0.648021902,1,0.761765526,0.359094441
1.246398684,2.625007344,1,0.000311049,1,0.219196181,0.027155048
2.100245129,-1.358678808,1,0.503551306,1,0.199987844,0.976361562
3.140757473,0.327722986,1,0.65104923,1,0.482323197,0.185894714
1.68462021,0.673078928,1,0.377062728,1,0.501816903,0.358220375
3.030132655,0.561549203,1,0.819939525,1,0.541070068,0.214165153
0.754376499,-0.106640837,1,0.53501402,1,0.012540547,0.447305574
2.710384579,-0.117372187,1,0.667943196,1,0.527665019,0.255724323
1.193976799,-2.468535537,1,0.256009032,1,0.522509841,0.722986329
2.097932882,-0.47581407,1,0.283490323,1,0.453641701,0.209257244
1.710976956,0.345880006,1,0.628388699,1,0.209392149,0.391186155
2.150609578,1.653465705,1,0.339604247,1,0.703451721,0.037566565
0.424232385,-1.85237736,1,0.456665552,1,0.979751105,0.78673869
1.54963639,-1.153616753,1,0.544398403,1,0.471991932,0.663800984
1.94364283,0.420659883,1,0.464392569,1,0.933715512,0.360998701
3.382782135,-0.216420258,1,0.712003982,1,0.370880897,0.984638634
1.408877477,-1.400646689,1,0.784912111,1,0.836934777,0.445051755
1.725410039,-0.463699066,1,0.465907976,1,0.245834875,0.549331113
0.868551896,-2.430271496,1,0.245375997,1,0.971456833,0.147712406
1.373232742,-1.497457681,1,0.017867628,1,0.578385593,0.979444929
1.35444972,-1.075956911,1,0.475401459,1,0.625139002,0.88915395
3.331515709,-0.026043983,1,0.853973166,1,0.842129622,0.407185038
1.332977848,0.09841179,1,0.281989024,1,0.225682148,0.074788755
2.87559958,-1.127928409,1,0.856969292,1,0.406108394,0.76318555
0.652620198,-1.705583168,1,0.289744075,1,0.899388823,0.76927128
2.798912666,1.642802298,1,0.814461142,1,0.40219262,0.174514321
2.61595321,-0.031837081,1,0.475727769,1,0.144798485,0.421283518
2.059394665,-0.541943349,1,0.537159114,1,0.391355371,0.599126873
2.153145979,-0.801882835,1,0.865361071,1,0.573369499,0.552730718
2.899291137,-0.208345093,1,0.445886032,1,0.368416856,0.505184212
3.138214371,-0.5637268,1,0.791902859,1,0.79234699,0.710911569
0.514291732,0.677955525,1,0.117520611,1,0.45859881,0.192088152
3.229248232,0.165105723,1,0.462659306,1,0.034765989,0.374475702
2.706660842,-1.167972025,1,0.693512436,1,0.992213913,0.209540958
2.350435057,0.007776994,1,0.890743333,1,0.162517097,0.254439007
1.50759509,0.350241568,1,0.05673561,1,0.644989236,0.477852794
2.590694327,-2.5398345,1,0.822573643,1,0.943890179,0.877060698
1.04720865,-2.51992999,1,0.21564673,1,0.467801843,0.910669362
0.476365556,-0.909646389,1,0.184325468,1,0.604710785,0.703514222
2.538470541,-1.365767593,1,0.514715881,1,0.70254589,0.947283441
3.175700081,0.892226405,1,0.530027927,1,0.36252333,0.544344203
1.724426617,0.722608256,1,0.205047942,1,0.22130865,0.525092068
1.942074041,-0.524808905,1,0.175476312,1,0.031134098,0.902465491
1.642007421,-0.971690624,1,0.621589287,1,0.001968684,0.782250657
2.39310326,0.218635135,1,0.326738324,1,0.476875121,0.341428398
3.214325838,-0.693303781,1,0.74042958,1,0.727464246,0.549914209
4.030619687,0.776223118,1,0.718530385,1,0.202902821,0.629794243
0.998366321,-0.067322078,1,0.414047663,1,0.96516627,0.011463567
0.912118501,-0.665209842,1,0.337215543,1,0.212137746,0.549155247
0.467986574,-1.621625428,1,0.256220876,1,0.077844044,0.950200502
2.954853502,-1.210191385,1,0.810595048,1,0.838923013,0.913614321
0.940279312,-1.86670624,1,0.235675335,1,0.034238018,0.561570253
1.906604865,-1.735599742,1,0.433810502,1,0.530281303,0.85911197
1.268245007,-2.977364685,1,0.651770118,1,0.995087467,0.516413899
1.840737411,-1.718891315,1,0.75028836,1,0.974834521,0.915298746
2.443529262,0.295848227,1,0.94638262,1,0.670152944,0.32216307
2.974537806,-0.430194369,1,0.792067139,1,0.638020322,0.318683562
-0.131164325,-1.423735046,1,0.003365121,1,0.879997493,0.174006779
1.573463912,0.555328552,1,0.374489618,1,0.050705948,0.308528346
0.348465457,-1.633484947,1,0.349007773,1,0.110216087,0.797747848
1.327295593,0.596057324,1,0.40934613,1,0.396700778,0.001288903
1.329668857,-1.472442223,1,0.714582538,1,0.819051491,0.705445331
1.467493742,-1.988063936,1,0.559851369,1,0.78921113,0.503208914
3.149801961,-1.209565944,1,0.367789309,1,0.567324766,0.927679582
3.173904545,0.691238769,1,0.846764716,1,0.154865781,0.197379987
1.392888023,-1.328455426,1,0.130172738,1,0.529696792,0.641104836
2.816563336,0.888990299,1,0.772146794,1,0.246839134,0.149929767
3.617497801,0.691083066,1,0.811765956,1,0.663078402,0.191220385
1.59112785,-0.756008454,1,0.455115026,1,0.036181886,0.910782673
1.397172973,0.19203689,1,0.561247169,1,0.079738145,0.25613012
2.323604575,-1.587440965,1,0.157518154,1,0.990893745,0.707476591
0.962327181,-0.444041382,1,0.162553584,1,0.789906588,0.293860406
1.827813183,-1.278964997,1,0.641461186,1,0.067381857,0.839692112
3.103589769,-0.978764966,1,0.805961262,1,0.412427142,0.746528207
2.977963923,-1.375137246,1,0.736441614,1,0.903401003,0.728615957
2.02389307,1.005028736,1,0.541261794,1,0.329684568,0.077359688
1.054950129,-0.918029078,1,0.205135968,1,0.043093821,0.488137078
2.740721763,-1.165488787,1,0.697888529,1,0.439289112,0.85177541
2.194106935,-0.406555482,1,0.474068363,1,0.279819195,0.879039816
3.535458762,-0.638296093,1,0.897644134,1,0.515784072,0.196791958
1.132236008,-1.650980176,1,0.392137839,1,0.558770376,0.214238345
2.659549469,1.110963607,1,0.700935141,1,0.130824821,0.027314119
2.223992877,-1.646271978,1,0.545152557,1,0.311235744,0.917501936
2.100185284,0.822232893,1,0.222242102,1,0.464452191,0.11511446
2.717399777,0.149957841,1,0.88108645,1,0.422221375,0.185804608
3.360371816,1.103368354,1,0.795457256,1,0.684689915,0.000173104
3.243679091,-0.077347026,1,0.95313899,1,0.085724991,0.692172921
2.709435425,0.102843038,1,0.556330341,1,0.044841465,0.780875987
3.401720964,-0.131217674,1,0.604431274,1,0.816486045,0.497013025
1.01883283,-0.844332468,1,0.018335794,1,0.966369451,0.220110727
2.33188904,0.163554668,1,0.928932047,1,0.237487128,0.215453946
-0.316374491,-0.571841232,1,0.172491292,1,0.481391305,0.600789455
1.413571381,-1.394557403,1,0.239574307,1,0.499938781,0.450603719
2.355594808,-0.154947493,1,0.271455771,1,0.719259715,0.18532766
2.40916633,0.264881367,1,0.55713376,1,0.6901446,0.455149221
1.714456321,-0.444079787,1,0.417623327,1,0.566258794,0.310168714
2.861717161,-1.146608041,1,0.769164439,1,0.8547716,0.644806524
3.544466859,-0.759226887,1,0.760937451,1,0.867598323,0.55428003
2.014871584,-0.289916507,1,0.060541503,1,0.610562823,0.955652696
2.77973012,-0.738739944,1,0.66260633,1,0.259413557,0.99814963
1.270145811,0.9460791,1,0.442346438,1,0.354100552,0.203944232
1.089923225,0.620116616,1,0.073498801,1,0.053055418,0.108328145
1.588541622,-0.176458626,1,0.688961845,1,0.097933,0.520902819
2.581411864,0.067303952,1,0.649589875,1,0.361916509,0.216073621
2.282474945,0.032350871,1,0.948495765,1,0.239980983,0.592376645
1.429410277,-0.250646208,1,0.514440305,1,0.946226009,0.157579096
1.026510725,-0.465328446,1,0.149707183,1,0.238420689,0.373860042
2.167035784,-1.009312954,1,0.362347605,1,0.408579667,0.533139178
2.462856958,-0.785402742,1,0.32220764,1,0.209113136,0.378454925
1.668931626,-1.33372175,1,0.241299456,1,0.992227299,0.354627816
2.578979079,1.709026301,1,0.594282518,1,0.090365077,0.127830752
1.155577043,0.149075865,1,0.434909147,1,0.131860339,0.17567712
1.425319138,-0.392653699,1,0.114244203,1,0.370174823,0.481579395
2.091742054,-0.661174103,1,0.517542248,1,0.291118331,0.496194844
1.715906593,-2.627689135,1,0.547641766,1,0.975846786,0.799086604
2.676892774,-2.625911709,1,0.954763045,1,0.976830818,0.951201408
2.819248107,-0.75628966,1,0.551373731,1,0.085363824,0.855830514
0.536678269,-1.246502083,1,0.209250591,1,0.993237432,0.496866448
0.877181742,-1.668929783,1,0.215117337,1,0.906189184,0.453186585
2.24586295,-1.192777861,1,0.34122125,1,0.213194589,0.888456441
3.498689827,-0.089344147,1,0.77278947,1,0.284231641,0.666934154
2.80890188,-0.24681137,1,0.499864846,1,0.031605503,0.688245955
2.038345103,1.897628529,1,0.441825153,1,0.669126777,0.129379472
2.050078233,-1.226671619,1,0.2886688,1,0.918072434,0.623869432
1.462367921,-0.808639984,1,0.125355101,1,0.891188425,0.243658054
2.087300136,-0.592133801,1,0.60862124,1,0.490223384,0.637413191
1.895752639,-0.570438102,1,0.239621296,1,0.816646643,0.13898833
1.507179947,-0.256629942,1,0.205351141,1,0.076334169,0.268993014
1.200568803,-0.341525754,1,0.069356444,1,0.703745869,0.681341923
2.870095028,0.341523051,1,0.304052594,1,0.111920985,0.640169864
2.05922662,-0.257787426,1,0.420178951,1,0.049124155,0.58093706
2.992833964,-0.921827586,1,0.978230845,1,0.136482004,0.689838601
3.255335393,-0.094757394,1,0.929573054,1,0.646580089,0.390902244
0.500976798,-0.402011295,1,0.358226236,1,0.313148311,0.307039356
1.771505123,-2.178261383,1,0.801723283,1,0.119751613,0.871904507
1.847850003,0.59834413,1,0.377458723,1,0.516692844,0.277127348
1.236561342,-0.22760714,1,0.097027103,1,0.018820839,0.870808961
2.494786225,0.049114288,1,0.941794177,1,0.529565081,0.49715406
1.412659639,0.820487989,1,0.052616416,1,0.02966161,0.451442494
1.765030807,-0.333059987,1,0.434019657,1,0.594414142,0.394899061
2.617226829,-1.927771459,1,0.570397613,1,0.840633901,0.770372882
1.2585183,-0.647472631,1,0.158784166,1,0.849237818,0.108584518
1.463500578,0.462473732,1,0.413599346,1,0.292569921,0.547421682
3.079004429,0.329514971,1,0.780192883,1,0.134117481,0.67811341
2.888356607,0.067491994,1,0.317359885,1,0.370908844,0.514212169
2.331698029,-1.292304549,1,0.609528121,1,0.336511179,0.952544303
0.822248643,-0.326153004,1,0.060291776,1,0.696613003,0.285127302
4.190772361,-0.193020119,1,0.535729806,1,0.598283132,0.686811428
0.487553236,0.206738189,1,0.410164898,1,0.846010007,0.026714794
2.058027919,0.606246546,1,0.78857427,1,0.448677829,0.06379855
0.548979502,-0.339079765,1,0.194901478,1,0.7589052,0.285413045
3.00556116,-0.877362726,1,0.954104117,1,0.310422163,0.923320094
1.329009382,0.400711227,1,0.622674131,1,0.304364086,0.819786201
3.106017794,-0.662438104,1,0.823388077,1,0.915072669,0.568386227
0.493611572,-0.359138827,1,0.151794577,1,0.175027252,0.598452613
0.653919803,-0.856498648,1,0.345754661,1,0.370695092,0.601043137
2.090393422,0.715298581,1,0.142260249,1,0.189290843,0.362968379
1.495634119,-0.996288695,1,0.495318164,1,0.529826968,0.860520834
2.557451539,0.499179869,1,0.622570684,1,0.366779275,0.688293959
1.544090272,-0.121598721,1,0.202534314,1,0.203630322,0.312013589
1.495724114,0.196283176,1,0.161395897,1,0.499085957,0.502420239
2.807447606,-0.545414575,1,0.922357515,1,0.092112844,0.221495136
1.615033393,1.459814992,1,0.04349854,1,0.281163032,0.18098323
2.406868458,-1.465791817,1,0.583161871,1,0.606569828,0.834747509
2.602180608,0.058080683,1,0.917196791,1,0.714673509,0.101919665
1.66486876,-1.113351252,1,0.642998182,1,0.767686345,0.48483477
1.366980344,0.149890063,1,0.544140859,1,0.639747964,0.136974691
2.714209187,-1.018840355,1,0.368328921,1,0.909374985,0.935646104
1.471078814,-0.447117911,1,0.323177714,1,0.229038213,0.907186489
2.160520452,-0.770348949,1,0.234424523,1,0.399553372,0.369295299
0.592860822,-0.885043186,1,0.064938021,1,0.821793677,0.81337835
1.097896877,-1.904560259,1,0.251954271,1,0.89775966,0.766484952
1.150785095,-1.214059656,1,0.28380312,1,0.478346198,0.934965111
3.229998885,-0.600392175,1,0.882000855,1,0.116432659,0.725960124
1.123979221,-1.205037652,1,0.14730122,1,0.427677339,0.671935834
2.431690259,-1.403279427,1,0.663025675,1,0.898316361,0.62180262
2.806584817,-2.183454245,1,0.828561957,1,0.805392042,0.577877908
3.067237686,-0.012646839,1,0.64779922,1,0.795325965,0.340545179
0.794505463,-2.069412362,1,0.009361174,1,0.406618841,0.919017275
2.437614705,-0.068950021,1,0.658327538,1,0.268105468,0.049108862
1.412891129,-0.485007019,1,0.720863767,1,0.89537254,0.238671258
3.068584623,1.048003688,1,0.77266413,1,0.223063371,0.222704243
0.948923427,-0.71538403,1,0.362753987,1,0.472052423,0.502555849
3.425443354,-1.480528739,1,0.619925619,1,0.984746299,0.937130126
3.195960182,1.105818449,1,0.774044512,1,0.627094814,0.391509999
4.44541312,1.236381248,1,0.984636051,1,0.419581583,0.56697774
1.025668871,0.250491377,1,0.314193156,1,0.949862045,0.276576781
0.505976784,-1.876306721,1,0.243422346,1,0.880091741,0.892128912
1.149672266,-0.030906742,1,0.261445483,1,0.848385806,0.503990921
1.791382523,-0.502090885,1,0.437658435,1,0.209925632,0.264759713
2.32834882,-0.75448396,1,0.827135804,1,0.910090935,0.686956738
3.693976213,0.007898518,1,0.911366979,1,0.444630132,0.40403521
1.153090259,-0.811786095,1,0.570720169,1,0.531948522,0.622006622
0.809415706,-2.11316586,1,0.205195252,1,0.159432366,0.890053029
2.317507922,-1.921822874,1,0.607612604,1,0.525915091,0.470223721
1.848266329,-1.180198815,1,0.834630062,1,0.055087454,0.928765975
1.152794093,-0.515710377,1,0.21223516,1,0.719294574,0.571037388
1.042210416,-0.632441003,1,0.162975146,1,0.40469403,0.211522487
2.751613166,-0.686704049,1,0.406461113,1,0.757361377,0.409281122
0.859399722,-1.583146803,1,0.112008542,1,0.067292315,0.635930195
3.603924946,0.525496911,1,0.847654613,1,0.041084713,0.235004669
0.895100815,-0.822038194,1,0.036127835,1,0.992770201,0.342251991
1.744301085,-1.720834296,1,0.332961392,1,0.76581988,0.551319611
2.539202257,-1.151018705,1,0.422330144,1,0.241011267,0.442508494
3.121379233,1.007621815,1,0.794503232,1,0.399030362,0.231301085
2.656801396,0.647303403,1,0.406784391,1,0.687142681,0.013271905
2.728384699,-0.20714999,1,0.484090479,1,0.756420193,0.244523919
3.217846489,-0.15450926,1,0.978521907,1,0.647852436,0.379614179
2.45643067,-0.755405668,1,0.968137062,1,0.66092396,0.343554533
2.267999717,1.204415576,1,0.266378053,1,0.430696388,0.458323385
1.877943413,0.952422901,1,0.001259976,1,0.177719482,0.714825759
1.801212903,-1.122738852,1,0.645538565,1,0.2917092,0.827283669
0.830940665,-2.047642889,1,0.394508188,1,0.810285455,0.840474475
3.452201089,0.19957866,1,0.939137555,1,0.231541167,0.26231016
2.253415124,-1.330068027,1,0.9044354,1,0.484139324,0.785956528
3.593863663,-0.988874734,1,0.877779051,1,0.183598652,0.456668922
1.865507925,-2.208654955,1,0.601551445,1,0.320382279,0.854859948
1.637477347,0.922390464,1,0.3676022,1,0.78175204,0.045498308
3.197548468,-2.026398583,1,0.974384239,1,0.927821222,0.954523932
1.962494655,-1.531761395,1,0.976038532,1,0.426210307,0.869752882
1.336080031,-1.115319997,1,0.595505161,1,0.824653822,0.763623351
1.909447882,-1.324829417,1,0.225649874,1,0.684291097,0.742538995
1.376074111,0.576904335,1,0.435739677,1,0.163394505,0.844504118
0.587971719,0.961238839,1,0.419442963,1,0.093838702,0.268711957
2.150060099,-1.119870818,1,0.683672499,1,0.406128177,0.972227349
1.444331273,0.338051315,1,0.790503353,1,0.288583782,0.311363378
1.758337802,0.027995056,1,0.399724664,1,0.345834933,0.566289225
2.710865323,-0.101857623,1,0.608581824,1,0.055566179,0.816936573
3.026283672,-0.19983431,1,0.451574627,1,0.077450024,0.850855426
0.950862147,0.279948068,1,0.265040825,1,0.665151898,0.237199931
3.539199024,1.127885295,1,0.820088114,1,0.897240171,0.472285368
2.399965207,-0.071858782,1,0.79033389,1,0.433318367,0.544875668
1.663512146,-1.139489367,1,0.022401738,1,0.904728589,0.282599004
2.363135678,-1.933548233,1,0.822886042,1,0.735272556,0.989981924
2.982532506,-1.718526377,1,0.818592257,1,0.658478836,0.694283476
0.455549175,-1.180666543,1,0.027208515,1,0.686340819,0.953712958
1.821715177,0.77959678,1,0.202314277,1,0.296887258,0.22294518
4.110489148,0.199661135,1,0.903097373,1,0.504573336,0.470081966
3.217247102,-0.856438633,1,0.722705391,1,0.852023621,0.121019023
3.332520035,-0.861415405,1,0.797058086,1,0.261244978,0.71612399
1.319976813,-0.079443201,1,0.338718527,1,0.045483019,0.357292562
1.279562841,0.201673455,1,0.46225908,1,0.271546845,0.122663427
1.518537212,0.01166592,1,0.346056604,1,0.13518621,0.299747488
2.731593286,-0.514651274,1,0.970923502,1,0.579081608,0.289553148
0.767854452,-0.490512885,1,0.253680455,1,0.833338783,0.212405837
2.299043503,2.604373528,1,0.652865722,1,0.124134522,0.023642526
2.720245762,0.517344098,1,0.587965541,1,0.871772927,0.014516362
2.44986553,0.186498247,1,0.467971085,1,0.058292028,0.32973323
1.84385213,0.623649975,1,0.229676525,1,0.023299985,0.847537383
0.648315041,-1.258609937,1,0.089561902,1,0.987304166,0.838066624
2.110001837,-1.377463895,1,0.456875069,1,0.388642721,0.827465858
1.875574789,-3.233337274,1,0.557489745,1,0.867323539,0.936382209
1.868999794,-1.259630087,1,0.607547351,1,0.953190326,0.6928817
0.490147416,-0.87033636,1,0.043887868,1,0.582979301,0.097614594
3.249616053,-0.690689384,1,0.53320095,1,0.773790156,0.755325386
