z1,z2,z3
0.989936575,0.647220105,0.087745192
0.829692625,0.831794542,0.562107736
0.585886904,0.870028124,0.964379692
0.417046119,0.502599611,0.322167601
0.66209688,0.716851999,0.551265692
0.37930209,0.198500164,0.659820171
0.424265605,0.123022696,0.371193188
0.842512691,0.795854791,0.926635649
0.376442175,0.467253499,0.740057396
0.911530065,0.961558448,0.374169963
0.258538362,0.213407639,0.505849262
0.203262769,0.642430621,0.880279176
0.224613787,0.330547242,0.582361181
0.914636284,0.1732032,0.530409325
0.890230997,0.366911364,0.916321937
0.279540783,0.831992989,0.561957083
0.429378508,0.594731021,0.982703052
0.27404702,0.910590784,0.8108721
0.512474872,0.090011427,0.693565378
0.355274114,0.475280597,0.435346179
0.127846915,0.646744997,0.915543542
0.294366778,0.337605038,0.4127775
0.16143548,0.350408949,0.25229508
0.506660538,0.146661916,0.903502217
0.377715006,0.436078341,0.274097178
0.185361522,0.839549193,0.744399874
0.097394675,0.101010326,0.288601155
0.84437194,0.063305349,0.633557095
0.172153104,0.145435057,0.62051011
0.024964523,0.633261924,0.047452659
0.572962533,0.061774267,0.456819002
0.231643864,0.894495029,0.234485171
0.385121858,0.745791127,0.694562977
0.149870741,0.107967004,0.253617269
0.551969573,0.33286054,0.220289049
0.278166075,0.75491139,0.520415159
0.541876743,0.836265503,0.025419327
0.972725303,0.160217507,0.923965412
0.697466494,0.576450418,0.739130494
0.490186031,0.564350863,0.775445968
0.47259012,0.646188086,0.087973559
0.24298591,0.026480722,0.669756723
0.526279822,0.279056997,0.972135669
0.998526135,0.533644385,0.518820195
0.966452155,0.161856346,0.663154851
0.424015761,0.072675011,0.55471495
0.257583758,0.329282269,0.483947848
0.994311236,0.442286392,0.209078574
0.185366467,0.167800315,0.884316967
0.758035332,0.346138998,0.543227854
0.05943664,0.638755438,0.658680623
0.185801898,0.313345221,0.721879138
0.636969226,0.920169594,0.841671015
0.641892214,0.983400666,0.342879689
0.662417121,0.9343597,0.507428246
0.409965415,0.254027299,0.859825489
0.383950177,0.618892163,0.305032603
0.431254078,0.146197034,0.905579661
0.063719698,0.748940879,0.718413909
0.305855863,0.823661576,0.246452463
0.969301577,0.113816963,0.284759973
0.180786234,0.241918583,0.359144869
0.815149864,0.631969834,0.622719613
0.632874259,0.918044661,0.051890187
0.361671046,0.305225621,0.541402766
0.281503205,0.310671539,0.434493907
0.721278154,0.63214839,0.6906643
0.092384431,0.20264767,0.535505377
0.155009425,0.213969679,0.58293288
0.892214361,0.232623391,0.6851727
0.991042807,0.598130407,0.225720243
0.442594546,0.672717766,0.12432231
0.344149584,0.237647027,0.141963189
0.162059878,0.541353267,0.397777942
0.898117877,0.606590876,0.762023801
0.234579696,0.94073136,0.825249165
0.531690305,0.472266203,0.811191672
0.797954551,0.456327367,0.788297536
0.265472529,0.188787299,0.59648664
0.371756776,0.520580481,0.266398721
0.274631182,0.896042407,0.082041564
0.606340025,0.346006245,0.863872713
0.047392607,0.006734379,0.016647846
0.654180061,0.170774233,0.804355833
0.931906697,0.721368087,0.710149267
0.643536362,0.346550412,0.26647766
0.299557332,0.398502647,0.483029463
0.171410341,0.568540657,0.547228996
0.640116534,0.008393814,0.655526291
0.3017032,0.992403222,0.345792051
0.386089334,0.801294797,0.366319876
0.463615743,0.03088401,0.939734107
0.153682291,0.176236399,0.674894044
0.69623569,0.792831483,0.6954573
0.465760362,0.976443169,0.354242752
0.27349477,0.430602317,0.949357566
0.044595036,0.766302281,0.397892266
0.568761204,0.364676499,0.334850248
0.47076293,0.931073705,0.041399304
0.751863339,0.841829776,0.380206099
0.259972115,0.342352597,0.506800188
0.710883829,0.653972589,0.918595091
0.328196065,0.840336568,0.881585669
0.396773008,0.478423619,0.365264254
0.215346405,0.893983964,0.764053028
0.18645515,0.1679681,0.173656351
0.942297427,0.779074001,0.575304612
0.63413381,0.312306607,0.600981538
0.617128569,0.709430147,0.720376687
0.535312242,0.076539569,0.988300899
0.910731611,0.187608995,0.97785054
0.364191507,0.481929869,0.962883573
0.719276924,0.766159724,0.252790824
0.562585153,0.478831086,0.698455832
0.664333824,0.809623077,0.501075134
0.136520223,0.839021169,0.567769395
0.195183316,0.497583698,0.193995263
0.331407196,0.248108321,0.361587465
0.94224557,0.421204401,0.023826045
0.041970065,0.596339937,0.756084741
0.43872105,0.596368098,0.642710821
0.510006766,0.100121921,0.685428114
0.122299521,0.213646324,0.06806855
0.157836515,0.328755246,0.422424845
0.39951626,0.428994827,0.105816523
0.947365944,0.284667606,0.764711659
0.594533908,0.086230608,0.659790487
0.694581894,0.599136,0.799872078
0.137800699,0.936560486,0.710403691
0.23574968,0.994121325,0.592735033
0.333463666,0.185619232,0.373386986
0.777679385,0.583521193,0.967206627
0.254368332,0.565898298,0.565640266
0.382419569,0.001320159,0.240685922
0.142721121,0.815218658,0.398957528
0.792460017,0.312833927,0.082035095
0.305121701,0.810061583,0.172715263
0.407203585,0.793719157,0.283104459
0.019204002,0.147959578,0.309897662
0.707699382,0.621732196,0.62626686
0.351969312,0.479711948,0.531567034
0.3202239,0.988918914,0.441616849
0.248926842,0.627224596,0.199901206
0.10094425,0.892954463,0.23950444
0.626355683,0.604172126,0.6451669
0.724526309,0.252634734,0.058875598
0.831746319,0.153542179,0.00450371
0.243465914,0.220379877,0.021237963
0.487479584,0.829397653,0.35217449
0.680148454,0.100372384,0.081731013
0.643040627,0.165181735,0.098510128
0.521784334,0.541928219,0.256801989
0.962517834,0.652858559,0.458758879
0.653591079,0.980758629,0.062135349
0.94050515,0.514779405,0.262957549
0.875144651,0.074922148,0.265688428
0.863488446,0.645092036,0.802304909
0.91536376,0.363545456,0.098811715
0.177375075,0.711821432,0.087018883
0.225825988,0.143181503,0.532086695
0.905506675,0.683703633,0.101206603
0.742795743,0.245349132,0.586222607
0.438429011,0.395283466,0.348060589
0.255896548,0.955428562,0.758457409
0.022509723,0.901946814,0.38011899
0.684434419,0.554348564,0.450432133
0.189233213,0.476242649,0.989536976
0.205215572,0.015229338,0.166479231
0.750625385,0.500130957,0.083607282
0.16492654,0.278940777,0.64495674
0.550681469,0.007176733,0.439000688
0.291246504,0.012797531,0.092373899
0.770264303,0.500996948,0.766214666
0.971047495,0.547541454,0.052239879
0.829070571,0.74552553,0.806656169
0.632064248,0.873159846,0.932256249
0.4600081,0.263257967,0.189483766
0.771819174,0.313105173,0.410482497
0.883063189,0.805994006,0.261208944
0.239208747,0.51539178,0.42565747
0.652912033,0.068268299,0.453893393
0.407547926,0.233014111,0.20050535
0.136204031,0.121828139,0.367496333
0.559572484,0.207332947,0.200529803
0.929399786,0.894485487,0.582657608
0.001004776,0.508321707,0.579124644
0.832782933,0.640127185,0.563613333
0.418009975,0.56926616,0.093356687
0.6827635,0.273665199,0.737586204
0.206599383,0.79292913,0.476623015
0.648855053,0.791748296,0.25597915
0.960010844,0.175423805,0.730321135
0.839418852,0.618481642,0.294280868
0.50542727,0.23507581,0.603835788
0.904145935,0.08499595,0.322333964
0.669358037,0.637749396,0.62427758
0.397294946,0.290084898,0.442295722
0.797200552,0.77253247,0.01575871
0.893196031,0.001960963,0.834951417
0.192138315,0.55189329,0.876772121
0.218966194,0.946920804,0.64415401
0.998527833,0.340476822,0.230664044
0.450835618,0.149121548,0.425873335
0.531831368,0.402450574,0.759338438
0.56611557,0.493963819,0.400401184
0.427000717,0.609202252,0.717815352
0.712166938,0.974351207,0.892296969
0.066268341,0.59787404,0.042390452
0.529754963,0.648358573,0.017136855
0.615465983,0.242193802,0.049200831
0.861666956,0.687546684,0.08026102
0.630045938,0.789860313,0.879996757
0.855230766,0.278191653,0.226291599
0.714824721,0.040276913,0.869412217
0.485114995,0.219898083,0.601723218
0.750800706,0.111296902,0.330878834
0.201356902,0.294542501,0.531944228
0.170014136,0.035536741,0.349785893
0.339488548,0.454707211,0.710370737
0.421404665,0.131181605,0.468569536
0.716230219,0.096810483,0.955996316
0.58673219,0.150097865,0.635733916
0.49571683,0.485163624,0.946571772
0.541360635,0.503555445,0.702939949
0.473971727,0.82336605,0.324103031
0.320193946,0.416309371,0.066807415
0.833665845,0.042187554,0.342987061
0.545692388,0.526241785,0.395783495
0.161613929,0.393667274,0.62063038
0.846198858,0.926254985,0.357028377
0.065881894,0.598027081,0.625998104
0.375509922,0.78797849,0.310743886
0.006100192,0.609217068,0.370403105
0.163011409,0.286434636,0.197818638
0.534054605,0.924135089,0.129405782
0.449395213,0.133400164,0.637291785
0.402404294,0.276514205,0.699503457
0.317257154,0.249083369,0.559728944
0.904242895,0.630613005,0.635398088
0.809267796,0.839453404,0.957674894
0.69912473,0.981339818,0.989443246
0.702485577,0.108584059,0.615675785
0.332576918,0.564710186,0.142135048
0.258026772,0.412570729,0.437464829
0.109783978,0.390165814,0.177622195
0.649390528,0.402667452,0.658836286
0.683541841,0.699607512,0.477513449
0.0192416,0.563316795,0.13193884
0.903278895,0.435285259,0.913866156
0.545801303,0.113050615,0.596022198
0.144951066,0.152689963,0.919335099
0.316687262,0.455116982,0.156372721
0.317653496,0.423746223,0.044317925
0.672491874,0.258300599,0.407739847
0.614697835,0.548038553,0.750709659
0.472698417,0.928165094,0.438622384
0.660877146,0.318702597,0.442867349
0.752792534,0.074585347,0.434754347
0.176314316,0.859408203,0.606835243
0.217456545,0.011453388,0.371165198
0.179712573,0.471225872,0.690096613
0.237613973,0.359648256,0.543570239
0.046178008,0.518588419,0.797575487
0.35979084,0.499070571,0.12460844
0.969523683,0.403774015,0.504776322
0.778493492,0.553984246,0.685120119
0.741347973,0.433538791,0.085791495
0.587491749,0.754084061,0.753739101
0.841581737,0.596626325,0.722096334
0.663092556,0.37958774,0.784550774
0.0252894,0.076091256,0.380817971
0.869253245,0.087478837,0.293477048
0.967109949,0.100021098,0.898053905
0.30955946,0.746736001,0.297218805
0.803033818,0.079094392,0.248584481
0.472357989,0.818416035,0.827180791
0.510752735,0.252461999,0.062211457
0.330074837,0.976297717,0.854712388
0.205431531,0.918511151,0.741294356
0.60995709,0.784372415,0.237836019
0.584661107,0.441234432,0.910268004
0.577222864,0.20489629,0.78428178
0.266194058,0.54399751,0.296383353
0.931717917,0.655530812,0.47674829
0.686431018,0.757339501,0.005346614
0.603040807,0.591217824,0.496224583
0.90944746,0.32144032,0.242715401
0.437170333,0.769456265,0.76513983
0.305363165,0.170542987,0.550250031
0.036989155,0.443547582,0.658805514
0.680947599,0.702310363,0.693313993
0.283924852,0.759274956,0.421722501
0.868915547,0.945146374,0.40182828
0.479721726,0.273939643,0.897731697
0.476108673,0.011845997,0.636847714
0.337326479,0.229476306,0.278900752
0.167276518,0.683370371,0.534349444
0.458119518,0.195737675,0.581532175
0.483692263,0.439662561,0.473253998
0.228958308,0.508326056,0.003118391
0.452292315,0.396592767,0.378682263
0.531755195,0.921696479,0.706595707
0.361922484,0.728626175,0.918175139
0.018354685,0.246854132,0.149421629
0.75620669,0.417493732,0.417309626
0.527870907,0.926391565,0.624549873
0.620621849,0.756870165,0.384906005
0.369450052,0.95955803,0.801469516
0.484878966,0.900364626,0.380570511
0.101267663,0.639674088,0.070591731
0.441479899,0.295345126,0.456208028
0.569263922,0.776906533,0.224122117
0.871085976,0.729824599,0.779411519
0.607160666,0.90714472,0.072113269
0.39156989,0.326657495,0.507261772
0.838695684,0.099368519,0.293764562
0.655357441,0.841456219,0.290240212
0.584318247,0.288421762,0.930939009
0.304065073,0.229588108,0.557474109
0.769156205,0.967303148,0.156061866
0.048613185,0.448137884,0.602895443
0.634165965,0.290015834,0.172155389
0.588076808,0.717719954,0.049189754
0.650590565,0.904755975,0.812897148
0.866473688,0.622128191,0.834948856
0.25960857,0.939658513,0.787467749
0.499973091,0.488489455,0.844773326
0.518155548,0.35278817,0.760754252
0.751540746,0.415502014,0.186673857
0.689203602,0.705557495,0.216076597
0.350680959,0.788353102,0.586096944
0.966479118,0.869778303,0.853369308
0.395234361,0.78049766,0.904190718
0.412119682,0.9687938,0.179747985
0.023704878,0.99632262,0.478455439
0.847765615,0.37428087,0.781724159
0.542393376,0.289981342,0.427907465
0.612145344,0.719743209,0.266412925
0.336468482,0.951041011,0.431045748
0.308162429,0.923944918,0.843861633
0.413561937,0.187656871,0.479957868
0.452060501,0.398771268,0.979328644
0.260851249,0.474840788,0.456532121
0.733517263,0.25375272,0.048808801
0.628950077,0.092484729,0.515396886
0.675085911,0.161717605,0.549559094
0.80965701,0.670127255,0.18220774
0.933880674,0.575774681,0.977583405
0.383907737,0.898699827,0.019851853
0.194630583,0.252223799,0.18512902
0.718215629,0.127799696,0.638017766
0.702182335,0.20901954,0.921376053
0.983443416,0.365794698,0.379838745
0.501923537,0.750191556,0.088369368
0.786371315,0.248111115,0.529867332
0.13348666,0.577175316,0.860526337
0.349457403,0.390184015,0.846255249
0.209104491,0.908927425,0.672843367
0.652113735,0.429644478,0.49895937
0.125594883,0.046807064,0.990165741
0.452832835,0.601279779,0.269842851
0.924980263,0.460178578,0.615316722
0.325212113,0.506785403,0.559880024
0.37047344,0.69314936,0.265380725
0.556137204,0.193416297,0.762513887
0.475016023,0.833303932,0.34553333
0.913961065,0.20999978,0.457790967
0.702602286,0.359484362,0.591181277
0.700289489,0.606984535,0.844809924
0.153048122,0.837479754,0.082067589
0.721396766,0.180853711,0.448816037
0.79833023,0.302730241,0.144693269
0.527433767,0.653352037,0.506254331
0.838117626,0.282994344,0.468486052
0.971519822,0.564802187,0.098581949
0.641700149,0.040371247,0.912503328
0.188159735,0.510590568,0.643014252
0.848982628,0.908064693,0.559545611
0.638571579,0.877688341,0.176063525
0.147919767,0.751137846,0.554341129
0.33407522,0.138163305,0.846528966
0.746168833,0.977038582,0.625002524
0.127894334,0.374012191,0.730411923
0.927663402,0.632622739,0.374353783
0.311624779,0.117118943,0.219558876
0.151142987,0.781748931,0.197939476
0.347425649,0.239659124,0.225216709
0.897656944,0.209659693,0.763301261
0.841071821,0.06156544,0.297272191
0.525403367,0.017525208,0.002806291
0.336134843,0.322827381,0.935587484
0.495817523,0.724090768,0.977071845
0.794445272,0.329276056,0.249037181
0.481385427,0.966500219,0.886005167
0.156602874,0.237811883,0.765247616
0.055457968,0.856875822,0.860037371
0.697538874,0.663262545,0.54386362
0.753533742,0.39696839,0.617539175
0.567413245,0.846616253,0.017710792
0.055920549,0.756653928,0.129408597
0.535786296,0.862520787,0.081339494
0.023095241,0.646213559,0.138808524
0.43026351,0.769063496,0.289182237
0.230715424,0.542859881,0.294750219
0.844447281,0.099530429,0.435369171
0.363306014,0.592510309,0.824556968
0.706474231,0.69891724,0.667822642
0.130673423,0.523447062,0.177298144
0.000225747,0.060515723,0.984300785
0.094326038,0.738830182,0.159770576
0.059175296,0.327289357,0.563692443
0.700474652,0.703781602,0.534762644
0.088883253,0.096765065,0.98087599
0.695673945,0.42348059,0.787420896
0.495858589,0.266885902,0.932301287
0.695441983,0.218716794,0.875221693
0.904445084,0.435885747,0.834243434
0.502255339,0.306412047,0.29065298
0.255853148,0.048241995,0.10527095
0.592871955,0.989917166,0.379757787
0.716237681,0.438926988,0.505089627
0.348263615,0.192551498,0.486319783
0.5537312,0.666484297,0.145361879
0.545378271,0.747688958,0.657773011
0.437458368,0.880789823,0.605094148
0.015628673,0.761891983,0.194268371
0.058995249,0.316078137,0.732333051
0.117029032,0.123309817,0.331728382
0.926584798,0.655945331,0.985026811
0.13684406,0.236827692,0.663008128
0.968446903,0.703446505,0.490623073
0.714856922,0.341620052,0.140986665
0.987952294,0.754969641,0.844869014
0.979957843,0.80785301,0.20417264
0.190592967,0.291978001,0.658594355
0.701611079,0.151267341,0.116902273
0.598356983,0.374348094,0.198754856
0.331097387,0.776881518,0.136176043
0.321007975,0.052930041,0.279515196
0.570297633,0.454391456,0.275622958
0.267238077,0.001133578,0.02451467
0.169118045,0.833299365,0.834572546
0.209903696,0.283124116,0.58038532
0.348059925,0.594957318,0.73741602
0.776022962,0.163777352,0.721271586
0.072143786,0.691846019,0.777152577
0.567433818,0.406282874,0.242643557
0.73756845,0.81944785,0.136180541
0.754116388,0.715096923,0.008627897
0.450761666,0.039677272,0.221928356
0.299215104,0.660512412,0.710139828
0.332929487,0.97636602,0.286514842
0.582896694,0.218250903,0.317883946
0.872000473,0.988059436,0.905754246
0.572428861,0.619795354,0.741465416
0.808609234,0.191315727,0.731201655
0.243072957,0.515380759,0.563786241
0.196850405,0.721854203,0.516551291
0.882218118,0.598404797,0.366161226
0.518006946,0.768610821,0.602765088
0.374959857,0.347255168,0.606238612
0.768845069,0.49980648,0.367529141
0.656881298,0.137812325,0.245964548
0.520477137,0.524276303,0.047598037
0.007591483,0.749022128,0.997862658
0.567318004,0.608338148,0.875525691
0.106134496,0.954687475,0.127811448
0.551533554,0.359162978,0.934174165
0.815278389,0.359720705,0.394475184
0.496773083,0.65620064,0.284150942
0.932242919,0.048717265,0.747058331
0.026639234,0.820021313,0.438754991
0.42437255,0.151897123,0.953848663
0.371617982,0.811059149,0.541787532
0.999483667,0.422192016,0.800274817
0.748189976,0.127499043,0.7406341
0.976707585,0.605281699,0.779622894
0.256450487,0.963216599,0.117140305
0.703099068,0.931209907,0.401070809
0.047678437,0.093078955,0.817428865
0.752899024,0.675621312,0.820920944
0.011177917,0.760818735,0.347452041
0.86678756,0.908671593,0.907103015
0.399202812,0.984418292,0.402900272
0.664374348,0.641510547,0.59252721
0.925195896,0.471753591,0.508156709
0.409697593,0.236193953,0.017505903
0.318079576,0.500988985,0.800234966
0.502447253,0.031936387,0.4273296
0.176870066,0.184878767,0.077656575
0.875591403,0.918003268,0.630239606
0.951212763,0.290459471,0.507967772
0.812009693,0.243118699,0.480989171
0.171620912,0.654618595,0.78694257
0.662352836,0.946565497,0.120232796
0.215262244,0.310024299,0.495882048
0.878766135,0.114592651,0.751916175
0.454993676,0.429124575,0.441936468
0.29402011,0.451093087,0.356845937
0.731506891,0.975929206,0.840579432
0.180726446,0.617112685,0.582864853
0.972907815,0.939665682,0.570557625
0.765029909,0.782379782,0.753944916
0.940818401,0.590884021,0.48222417
0.680591051,0.116442524,0.392169
0.802311567,0.247999634,0.232080195
0.201084842,0.267917462,0.991043403
0.101368566,0.838874635,0.361210288
0.026235104,0.617488499,0.414976241
0.962756695,0.572301551,0.944641188
0.850911493,0.449744016,0.924057372
0.124789143,0.438627568,0.581438755
0.168697119,0.72187245,0.32257644
0.113590872,0.832845093,0.942489636
0.298830084,0.509705178,0.006282706
0.507434268,0.243094615,0.433788978
0.811199118,0.914844728,0.634059526
0.844807165,0.856486758,0.159754039
0.416905905,0.273062267,0.802244597
0.809649005,0.617714481,0.299833366
0.944080374,0.866234555,0.670328124
0.387544852,0.932739986,0.318068391
0.294890004,0.992925736,0.621716241
0.674093043,0.797866791,0.647503308
0.94560287,0.010181302,0.889367064
0.430991784,0.113204996,0.820046961
0.497881709,0.39811176,0.489025278
0.600918105,0.65576326,0.655287915
0.43105811,0.420446616,0.279584577
0.510530123,0.694916413,0.55182159
0.69812954,0.346623281,0.112868271
0.789337927,0.227256567,0.709371345
0.063339045,0.392633724,0.757384488
0.569561198,0.080031257,0.364909159
0.532338537,0.211607561,0.609129014
0.542595786,0.006470598,0.966821149
0.326174681,0.515813266,0.617321889
0.55704814,0.120995553,0.788157938
0.474353478,0.772812395,0.103220858
0.277890213,0.028661224,0.544488936
0.994444737,0.129817972,0.631240734
0.610995915,0.222573926,0.561119234
0.219591179,0.936577541,0.309920203
0.27709748,0.107842002,0.520687497
0.855415312,0.599855726,0.991979771
0.85680342,0.267555605,0.088758765
0.856741609,0.363988237,0.116069295
0.675246551,0.703759301,0.718507976
0.593323801,0.011820394,0.608356722
0.209067209,0.435357646,0.404068491
0.309291085,0.107798252,0.782078288
0.462851921,0.443879256,0.748858377
0.563226819,0.771051294,0.154338241
0.092693646,0.147077092,0.547151807
0.868440156,0.032363633,0.547336245
0.9322645,0.116057996,0.649481085
0.945064002,0.510130496,0.441472022
0.876705347,0.430964585,0.895787893
0.639140267,0.413167171,0.726357523
0.799232561,0.397538433,0.907835551
0.919239006,0.565182535,0.385295049
0.238748408,0.572003216,0.131405799
0.08984158,0.597081574,0.232037104
0.520286726,0.459406995,0.171477163
0.743227378,0.612568211,0.83522711
0.632709996,0.522560116,0.516205214
0.785392683,0.43962285,0.389402392
0.709467523,0.69313399,0.691895789
0.389200202,0.85507523,0.207832382
0.971820085,0.801407397,0.990021446
0.715614599,0.011008773,0.899917323
0.293164103,0.656483196,0.071715578
0.819131681,0.231625791,0.966890868
0.714120182,0.1694908,0.992528206
0.511116374,0.882194185,0.657264468
0.50318115,0.458624803,0.355519117
0.533807449,0.861346667,0.172829731
0.540196227,0.805213474,0.971882158
0.152813711,0.272351356,0.011347592
0.917914228,0.243778751,0.000300367
0.132941931,0.016423409,0.47359608
0.943312065,0.719770622,0.720299224
0.153397463,0.825976887,0.182239353
0.803465032,0.527435783,0.644704911
0.328646117,0.198193418,0.516864002
0.634223018,0.460638134,0.907980111
0.891416615,0.549758443,0.992271968
0.75435941,0.917849909,0.073535273
0.944761492,0.298828179,0.532401799
0.728637115,0.860133046,0.930532316
0.512968586,0.888779033,0.103299503
0.916156163,0.169487405,0.621336529
0.486620407,0.123867455,0.478034613
0.416728803,0.800738001,0.704078041
0.400920448,0.513914849,0.393332106
0.76662925,0.481868464,0.663074807
0.445757365,0.217859011,0.734493535
0.55789129,0.932586377,0.591617911
0.862944257,0.550192938,0.556484776
0.2004982,0.33799206,0.797163523
0.348019949,0.987764077,0.256762906
0.006439694,0.790808708,0.463984676
0.27639499,0.159315031,0.778009808
0.998957381,0.710805694,0.486939797
0.065997217,0.600910437,0.842586871
0.363558768,0.536737705,0.601728231
0.270865705,0.85179239,0.276713934
0.156571491,0.522709693,0.691497169
0.266066975,0.31195283,0.617381294
0.080570621,0.443519844,0.30725041
0.371529934,0.193938206,0.817557339
0.740442954,0.898270711,0.036266112
0.737648701,0.69877183,0.271810969
0.370759115,0.458807801,0.273661752
0.834867903,0.010808635,0.212317994
0.924848022,0.481791142,0.868868738
0.994463223,0.040489387,0.020815268
0.312301159,0.434598902,0.782081445
0.44797207,0.683366559,0.135233423
0.237400546,0.879858372,0.75117818
0.131776657,0.973938351,0.124939152
0.256190021,0.175798109,0.41942606
0.580293377,0.127772344,0.669821868
0.185564124,0.887339962,0.471677961
0.075114881,0.483854024,0.951086518
0.52663677,0.780076176,0.100573937
0.363523397,0.878447857,0.595940554
0.189471441,0.82490986,0.283375247
0.753938767,0.100612671,0.761616235
0.028075759,0.959673118,0.325391266
0.936579107,0.017122445,0.305044849
0.699270021,0.10860313,0.735351281
0.398829341,0.905405732,0.604319701
0.74757198,0.96948653,0.094942948
0.534709118,0.180333452,0.685589113
0.985721246,0.993196276,0.238386845
0.89500708,0.809931334,0.569903012
0.020574912,0.724102943,0.864064178
0.554019831,0.731566055,0.103427667
0.828784614,0.775811038,0.12353667
0.236650655,0.062484843,0.987875923
0.598922772,0.198533041,0.810918313
0.719498769,0.254327773,0.212322157
0.8863749,0.964386103,0.918745936
0.284918688,0.495470026,0.716969562
0.403446054,0.635659501,0.226404245
0.761635635,0.594689111,0.164014911
0.898197438,0.239861121,0.931856631
0.74358329,0.232073535,0.830655522
0.688117866,0.08326307,0.209150776
0.044912311,0.429403963,0.795430988
0.080500125,0.515213116,0.090945367
0.527499916,0.433167392,0.205739941
0.563821053,0.375537633,0.160277383
0.566201309,0.572457142,0.065140516
0.945891744,0.252003331,0.283182454
0.188643717,0.330170466,0.925403193
0.301934525,0.229550941,0.725129618
0.758797387,0.884278281,0.575435431
0.87540847,0.178827668,0.001855577
0.828230094,0.116040102,0.357326985
0.987991975,0.635960178,0.905721295
0.756744953,0.6743004,0.10175799
0.321348061,0.597674951,0.257918685
0.812376135,0.637915142,0.348000251
0.189482136,0.850449433,0.773872147
0.676498833,0.741045963,0.591448452
0.184929303,0.45639409,0.996278681
0.680009082,0.434779421,0.313534309
0.520961034,0.978930183,0.813177584
0.89136451,0.671872053,0.458051544
0.898097741,0.897584469,0.868655946
0.474692158,0.301127111,0.077020979
0.043682749,0.695709766,0.419097877
0.948754119,0.819443025,0.364254873
0.668854417,0.888647895,0.83598064
0.834439697,0.907849266,0.808907208
0.454453401,0.212356915,0.641896993
0.844917404,0.080932498,0.962202228
0.489369804,0.700952221,0.012119642
0.605229697,0.228011089,0.737189129
0.203416979,0.325226914,0.957710088
0.787422783,0.45189414,0.610912007
0.003365114,0.630045695,0.064789321
0.45330553,0.95851085,0.12053976
0.148338831,0.023000401,0.141800528
0.439358282,0.55658792,0.964383944
0.35148078,0.106525692,0.304129263
0.154851905,0.372749124,0.282627904
0.860776116,0.7671274,0.633042123
0.48242833,0.586471851,0.727789528
0.531730026,0.752873442,0.956264925
0.45829513,0.444983677,0.771449963
0.745208624,0.599147088,0.617941126
0.017202452,0.027962941,0.737629745
0.959084337,0.374278684,0.658046573
0.080210335,0.129682919,0.611053887
0.119688459,0.220040272,0.593067623
0.859465155,0.491112301,0.292685759
0.656439847,0.917179303,0.691111636
0.689486974,0.534379881,0.842492968
0.659138947,0.635701949,0.469851977
0.735583997,0.650095683,0.088087514
0.361069177,0.527738769,0.551501004
0.665732243,0.223982024,0.609685177
0.037307096,0.533137599,0.241770762
0.332565353,0.042403957,0.115673536
0.833735636,0.26795506,0.355452186
0.473932901,0.30253051,0.822748409
0.055976782,0.102983971,0.58901372
0.806107732,0.529165866,0.127607586
0.148034262,0.337661293,0.869235193
0.263375627,0.586880594,0.486495455
0.781703007,0.207641673,0.426406174
0.806328051,0.846282375,0.15344516
0.083923471,0.852762955,0.712441566
0.493701563,0.882247029,0.646875178
0.143791757,0.281402086,0.043199844
0.588653331,0.834109902,0.46001526
0.415290595,0.05025574,0.070581106
0.030749748,0.640576113,0.108247103
0.400320104,0.578459563,0.648046688
0.512816379,0.880156021,0.895034643
0.388198216,0.516208273,0.695732887
0.968387616,0.498832342,0.115695938
0.012662626,0.778355109,0.544463246
0.562359583,0.842509953,0.359483295
0.043223214,0.887111123,0.912444013
0.595135636,0.871602291,0.246368469
0.791187407,0.957767459,0.303428717
0.425089431,0.383187577,0.62650239
0.786483146,0.037982803,0.703794447
0.388535983,0.952819558,0.243511974
0.339717444,0.487922364,0.377294578
0.352132977,0.522717631,0.512473466
0.655483423,0.781553758,0.854761841
0.903166638,0.15588611,0.327634066
0.526378044,0.694049082,0.436638694
0.78030265,0.37342524,0.112642308
0.513909685,0.991966453,0.751612373
0.518381292,0.682314733,0.280499992
0.107510076,0.38430402,0.015712543
0.959131553,0.782134366,0.220519784
0.650116714,0.364262785,0.632346632
0.901883165,0.992159534,0.623297124
0.648021902,0.761765526,0.359094441
0.000311049,0.219196181,0.027155048
0.503551306,0.199987844,0.976361562
0.65104923,0.482323197,0.185894714
0.377062728,0.501816903,0.358220375
0.819939525,0.541070068,0.214165153
0.53501402,0.012540547,0.447305574
0.667943196,0.527665019,0.255724323
0.256009032,0.522509841,0.722986329
0.283490323,0.453641701,0.209257244
0.628388699,0.209392149,0.391186155
0.339604247,0.703451721,0.037566565
0.456665552,0.979751105,0.78673869
0.544398403,0.471991932,0.663800984
0.464392569,0.933715512,0.360998701
0.712003982,0.370880897,0.984638634
0.784912111,0.836934777,0.445051755
0.465907976,0.245834875,0.549331113
0.245375997,0.971456833,0.147712406
0.017867628,0.578385593,0.979444929
0.475401459,0.625139002,0.88915395
0.853973166,0.842129622,0.407185038
0.281989024,0.225682148,0.074788755
0.856969292,0.406108394,0.76318555
0.289744075,0.899388823,0.76927128
0.814461142,0.40219262,0.174514321
0.475727769,0.144798485,0.421283518
0.537159114,0.391355371,0.599126873
0.865361071,0.573369499,0.552730718
0.445886032,0.368416856,0.505184212
0.791902859,0.79234699,0.710911569
0.117520611,0.45859881,0.192088152
0.462659306,0.034765989,0.374475702
0.693512436,0.992213913,0.209540958
0.890743333,0.162517097,0.254439007
0.05673561,0.644989236,0.477852794
0.822573643,0.943890179,0.877060698
0.21564673,0.467801843,0.910669362
0.184325468,0.604710785,0.703514222
0.514715881,0.70254589,0.947283441
0.530027927,0.36252333,0.544344203
0.205047942,0.22130865,0.525092068
0.175476312,0.031134098,0.902465491
0.621589287,0.001968684,0.782250657
0.326738324,0.476875121,0.341428398
0.74042958,0.727464246,0.549914209
0.718530385,0.202902821,0.629794243
0.414047663,0.96516627,0.011463567
0.337215543,0.212137746,0.549155247
0.256220876,0.077844044,0.950200502
0.810595048,0.838923013,0.913614321
0.235675335,0.034238018,0.561570253
0.433810502,0.530281303,0.85911197
0.651770118,0.995087467,0.516413899
0.75028836,0.974834521,0.915298746
0.94638262,0.670152944,0.32216307
0.792067139,0.638020322,0.318683562
0.003365121,0.879997493,0.174006779
0.374489618,0.050705948,0.308528346
0.349007773,0.110216087,0.797747848
0.40934613,0.396700778,0.001288903
0.714582538,0.819051491,0.705445331
0.559851369,0.78921113,0.503208914
0.367789309,0.567324766,0.927679582
0.846764716,0.154865781,0.197379987
0.130172738,0.529696792,0.641104836
0.772146794,0.246839134,0.149929767
0.811765956,0.663078402,0.191220385
0.455115026,0.036181886,0.910782673
0.561247169,0.079738145,0.25613012
0.157518154,0.990893745,0.707476591
0.162553584,0.789906588,0.293860406
0.641461186,0.067381857,0.839692112
0.805961262,0.412427142,0.746528207
0.736441614,0.903401003,0.728615957
0.541261794,0.329684568,0.077359688
0.205135968,0.043093821,0.488137078
0.697888529,0.439289112,0.85177541
0.474068363,0.279819195,0.879039816
0.897644134,0.515784072,0.196791958
0.392137839,0.558770376,0.214238345
0.700935141,0.130824821,0.027314119
0.545152557,0.311235744,0.917501936
0.222242102,0.464452191,0.11511446
0.88108645,0.422221375,0.185804608
0.795457256,0.684689915,0.000173104
0.95313899,0.085724991,0.692172921
0.556330341,0.044841465,0.780875987
0.604431274,0.816486045,0.497013025
0.018335794,0.966369451,0.220110727
0.928932047,0.237487128,0.215453946
0.172491292,0.481391305,0.600789455
0.239574307,0.499938781,0.450603719
0.271455771,0.719259715,0.18532766
0.55713376,0.6901446,0.455149221
0.417623327,0.566258794,0.310168714
0.769164439,0.8547716,0.644806524
0.760937451,0.867598323,0.55428003
0.060541503,0.610562823,0.955652696
0.66260633,0.259413557,0.99814963
0.442346438,0.354100552,0.203944232
0.073498801,0.053055418,0.108328145
0.688961845,0.097933,0.520902819
0.649589875,0.361916509,0.216073621
0.948495765,0.239980983,0.592376645
0.514440305,0.946226009,0.157579096
0.149707183,0.238420689,0.373860042
0.362347605,0.408579667,0.533139178
0.32220764,0.209113136,0.378454925
0.241299456,0.992227299,0.354627816
0.594282518,0.090365077,0.127830752
0.434909147,0.131860339,0.17567712
0.114244203,0.370174823,0.481579395
0.517542248,0.291118331,0.496194844
0.547641766,0.975846786,0.799086604
0.954763045,0.976830818,0.951201408
0.551373731,0.085363824,0.855830514
0.209250591,0.993237432,0.496866448
0.215117337,0.906189184,0.453186585
0.34122125,0.213194589,0.888456441
0.77278947,0.284231641,0.666934154
0.499864846,0.031605503,0.688245955
0.441825153,0.669126777,0.129379472
0.2886688,0.918072434,0.623869432
0.125355101,0.891188425,0.243658054
0.60862124,0.490223384,0.637413191
0.239621296,0.816646643,0.13898833
0.205351141,0.076334169,0.268993014
0.069356444,0.703745869,0.681341923
0.304052594,0.111920985,0.640169864
0.420178951,0.049124155,0.58093706
0.978230845,0.136482004,0.689838601
0.929573054,0.646580089,0.390902244
0.358226236,0.313148311,0.307039356
0.801723283,0.119751613,0.871904507
0.377458723,0.516692844,0.277127348
0.097027103,0.018820839,0.870808961
0.941794177,0.529565081,0.49715406
0.052616416,0.02966161,0.451442494
0.434019657,0.594414142,0.394899061
0.570397613,0.840633901,0.770372882
0.158784166,0.849237818,0.108584518
0.413599346,0.292569921,0.547421682
0.780192883,0.134117481,0.67811341
0.317359885,0.370908844,0.514212169
0.609528121,0.336511179,0.952544303
0.060291776,0.696613003,0.285127302
0.535729806,0.598283132,0.686811428
0.410164898,0.846010007,0.026714794
0.78857427,0.448677829,0.06379855
0.194901478,0.7589052,0.285413045
0.954104117,0.310422163,0.923320094
0.622674131,0.304364086,0.819786201
0.823388077,0.915072669,0.568386227
0.151794577,0.175027252,0.598452613
0.345754661,0.370695092,0.601043137
0.142260249,0.189290843,0.362968379
0.495318164,0.529826968,0.860520834
0.622570684,0.366779275,0.688293959
0.202534314,0.203630322,0.312013589
0.161395897,0.499085957,0.502420239
0.922357515,0.092112844,0.221495136
0.04349854,0.281163032,0.18098323
0.583161871,0.606569828,0.834747509
0.917196791,0.714673509,0.101919665
0.642998182,0.767686345,0.48483477
0.544140859,0.639747964,0.136974691
0.368328921,0.909374985,0.935646104
0.323177714,0.229038213,0.907186489
0.234424523,0.399553372,0.369295299
0.064938021,0.821793677,0.81337835
0.251954271,0.89775966,0.766484952
0.28380312,0.478346198,0.934965111
0.882000855,0.116432659,0.725960124
0.14730122,0.427677339,0.671935834
0.663025675,0.898316361,0.62180262
0.828561957,0.805392042,0.577877908
0.64779922,0.795325965,0.340545179
0.009361174,0.406618841,0.919017275
0.658327538,0.268105468,0.049108862
0.720863767,0.89537254,0.238671258
0.77266413,0.223063371,0.222704243
0.362753987,0.472052423,0.502555849
0.619925619,0.984746299,0.937130126
0.774044512,0.627094814,0.391509999
0.984636051,0.419581583,0.56697774
0.314193156,0.949862045,0.276576781
0.243422346,0.880091741,0.892128912
0.261445483,0.848385806,0.503990921
0.437658435,0.209925632,0.264759713
0.827135804,0.910090935,0.686956738
0.911366979,0.444630132,0.40403521
0.570720169,0.531948522,0.622006622
0.205195252,0.159432366,0.890053029
0.607612604,0.525915091,0.470223721
0.834630062,0.055087454,0.928765975
0.21223516,0.719294574,0.571037388
0.162975146,0.40469403,0.211522487
0.406461113,0.757361377,0.409281122
0.112008542,0.067292315,0.635930195
0.847654613,0.041084713,0.235004669
0.036127835,0.992770201,0.342251991
0.332961392,0.76581988,0.551319611
0.422330144,0.241011267,0.442508494
0.794503232,0.399030362,0.231301085
0.406784391,0.687142681,0.013271905
0.484090479,0.756420193,0.244523919
0.978521907,0.647852436,0.379614179
0.968137062,0.66092396,0.343554533
0.266378053,0.430696388,0.458323385
0.001259976,0.177719482,0.714825759
0.645538565,0.2917092,0.827283669
0.394508188,0.810285455,0.840474475
0.939137555,0.231541167,0.26231016
0.9044354,0.484139324,0.785956528
0.877779051,0.183598652,0.456668922
0.601551445,0.320382279,0.854859948
0.3676022,0.78175204,0.045498308
0.974384239,0.927821222,0.954523932
0.976038532,0.426210307,0.869752882
0.595505161,0.824653822,0.763623351
0.225649874,0.684291097,0.742538995
0.435739677,0.163394505,0.844504118
0.419442963,0.093838702,0.268711957
0.683672499,0.406128177,0.972227349
0.790503353,0.288583782,0.311363378
0.399724664,0.345834933,0.566289225
0.608581824,0.055566179,0.816936573
0.451574627,0.077450024,0.850855426
0.265040825,0.665151898,0.237199931
0.820088114,0.897240171,0.472285368
0.79033389,0.433318367,0.544875668
0.022401738,0.904728589,0.282599004
0.822886042,0.735272556,0.989981924
0.818592257,0.658478836,0.694283476
0.027208515,0.686340819,0.953712958
0.202314277,0.296887258,0.22294518
0.903097373,0.504573336,0.470081966
0.722705391,0.852023621,0.121019023
0.797058086,0.261244978,0.71612399
0.338718527,0.045483019,0.357292562
0.46225908,0.271546845,0.122663427
0.346056604,0.13518621,0.299747488
0.970923502,0.579081608,0.289553148
0.253680455,0.833338783,0.212405837
0.652865722,0.124134522,0.023642526
0.587965541,0.871772927,0.014516362
0.467971085,0.058292028,0.32973323
0.229676525,0.023299985,0.847537383
0.089561902,0.987304166,0.838066624
0.456875069,0.388642721,0.827465858
0.557489745,0.867323539,0.936382209
0.607547351,0.953190326,0.6928817
0.043887868,0.582979301,0.097614594
0.53320095,0.773790156,0.755325386
