ceb,age,agesq,electric,radio,tv,bicycle,educ,agefbrth,knowmeth,usemeth,agefm,heduc,urban,urb_educ,spirit,protest,catholic,frsthalf,educ0
3,32,1024,1,1,1,1,13,25,1,1,24,12,1,13,0,0,0,1,0
1,30,900,1,0,0,0,5,27,1,0,24,7,1,5,1,0,0,0,0
3,42,1764,1,0,1,0,4,17,1,0,15,11,1,4,0,0,0,0,0
2,43,1849,1,1,1,1,11,24,1,1,20,14,1,11,0,1,0,1,0
1,36,1296,1,0,0,0,7,26,1,1,24,9,1,7,0,0,0,0,0
4,37,1369,1,1,1,1,16,20,1,1,26,17,1,16,0,0,1,0,0
1,34,1156,0,1,0,0,5,19,1,1,18,3,1,5,0,1,0,0,0
3,42,1764,1,1,1,1,15,25,1,1,24,16,1,15,0,0,0,1,0
3,29,841,1,1,0,0,7,23,1,1,24,7,1,7,1,0,0,0,0
10,48,2304,1,1,0,0,4,19,1,1,26,3,1,4,0,1,0,1,0
3,35,1225,1,1,1,1,12,23,1,1,21,16,1,12,0,1,0,1,0
1,27,729,1,1,1,0,12,24,1,1,23,16,1,12,1,0,0,0,0
4,39,1521,1,1,1,1,11,28,1,0,23,16,1,11,0,1,0,1,0
2,38,1444,1,1,1,1,12,29,1,0,25,14,1,12,0,0,0,1,0
4,39,1521,1,1,0,1,6,18,1,0,18,10,1,6,1,0,0,0,0
2,43,1849,1,1,1,1,16,23,1,1,22,15,1,16,0,1,0,1,0
6,41,1681,1,1,1,1,13,19,1,1,18,15,1,13,0,1,0,1,0
3,49,2401,1,1,1,1,12,27,1,1,21,15,1,12,1,0,0,0,0
4,25,625,0,0,0,0,5,18,1,1,21,14,1,5,0,0,0,0,0
2,40,1600,1,1,1,1,12,26,1,1,25,15,1,12,0,0,1,1,0
5,40,1600,1,1,0,1,7,19,1,1,17,0,1,7,1,0,0,0,0
1,33,1089,1,1,0,0,12,26,1,1,22,12,1,12,0,0,0,0,0
2,41,1681,1,1,1,0,12,23,1,1,23,13,1,12,0,1,0,1,0
1,25,625,1,1,1,0,12,18,1,1,25,14,1,12,0,0,1,1,0
3,48,2304,1,1,1,1,12,32,1,0,30,15,1,12,0,0,1,0,0
3,32,1024,1,1,1,1,14,22,1,1,22,14,1,14,0,0,1,0,0
3,27,729,1,1,1,1,10,21,0,0,17,7,1,10,0,1,0,0,0
2,40,1600,1,1,1,1,12,21,1,1,19,12,1,12,0,0,1,1,0
5,49,2401,1,1,1,0,17,18,1,1,17,10,1,17,1,0,0,1,0
2,38,1444,1,1,1,1,14,26,1,0,25,17,1,14,0,0,0,1,0
2,41,1681,1,1,1,1,17,26,1,1,24,17,1,17,0,0,0,0,0
1,30,900,0,1,0,0,7,17,1,1,18,8,1,7,0,0,1,0,0
5,36,1296,1,1,1,1,12,20,1,1,20,12,1,12,0,1,0,1,0
3,42,1764,1,1,1,1,10,20,1,1,39,12,1,10,0,1,0,1,0
4,44,1936,1,1,1,0,10,26,1,0,25,12,1,10,0,0,1,0,0
1,36,1296,1,1,0,0,2,25,1,0,35,0,1,2,0,1,0,0,0
3,41,1681,1,1,1,1,19,31,1,1,27,16,1,19,0,1,0,0,0
2,49,2401,1,0,0,0,6,22,0,0,22,4,1,6,0,1,0,0,0
2,47,2209,1,1,0,1,15,30,1,1,21,15,1,15,0,0,0,1,0
2,40,1600,1,1,1,1,13,13,1,1,20,12,1,13,0,0,1,0,0
4,39,1521,1,1,1,0,15,22,1,1,22,13,1,15,0,1,0,1,0
2,22,484,0,0,0,0,0,12,1,0,20,6,1,0,1,0,0,0,1
2,30,900,1,1,1,1,16,17,1,1,24,15,1,16,1,0,0,0,0
2,36,1296,1,1,1,1,14,23,1,1,22,10,1,14,0,1,0,0,0
4,27,729,1,1,1,0,10,17,1,1,19,10,1,10,0,0,0,1,0
1,29,841,1,1,1,0,6,27,1,1,15,15,1,6,0,1,0,0,0
5,46,2116,1,1,1,1,10,22,1,1,24,10,1,10,0,1,0,0,0
3,39,1521,1,1,1,0,12,20,1,1,19,12,1,12,0,0,0,0,0
2,33,1089,1,1,1,0,17,25,1,1,23,17,1,17,0,0,0,0,0
2,28,784,1,1,1,1,11,22,1,1,22,12,1,11,0,0,1,1,0
3,25,625,1,1,1,0,10,18,1,1,24,16,1,10,0,1,0,1,0
6,39,1521,1,1,1,0,12,17,1,1,16,12,1,12,0,0,0,1,0
2,37,1369,1,1,1,1,20,30,1,1,28,20,1,20,0,0,0,0,0
1,32,1024,1,0,1,1,13,28,1,1,26,17,1,13,0,0,1,1,0
5,47,2209,1,0,0,0,4,22,1,1,20,0,1,4,1,0,0,0,0
4,39,1521,1,1,1,1,14,21,1,1,21,16,1,14,0,1,0,1,0
3,31,961,0,0,0,0,12,20,1,1,19,12,1,12,0,0,1,0,0
7,40,1600,1,1,1,0,5,19,1,1,18,0,1,5,1,0,0,0,0
3,31,961,1,1,1,0,12,20,1,1,28,17,1,12,0,0,1,1,0
1,38,1444,1,1,1,0,7,22,1,1,30,10,1,7,1,0,0,0,0
4,43,1849,1,1,1,0,10,18,1,1,25,7,1,10,0,1,0,0,0
3,41,1681,1,1,1,1,18,27,1,1,25,17,1,18,0,0,1,1,0
3,40,1600,1,1,1,1,12,23,1,1,22,15,1,12,0,0,0,0,0
3,25,625,0,1,0,0,6,19,1,1,23,7,1,6,0,0,0,0,0
2,35,1225,1,1,1,0,12,20,1,1,17,15,1,12,0,0,0,0,0
2,24,576,1,1,0,0,12,18,1,1,23,14,1,12,0,0,0,0,0
2,26,676,1,1,0,0,10,18,1,1,25,9,1,10,0,1,0,0,0
3,37,1369,1,1,1,1,12,24,1,1,26,0,1,12,0,1,0,1,0
2,26,676,1,1,0,0,12,21,1,1,23,10,1,12,0,1,0,0,0
6,34,1156,1,1,1,0,9,15,1,1,15,12,1,9,0,0,1,0,0
3,37,1369,1,1,1,0,12,22,1,1,21,10,1,12,0,1,0,0,0
3,35,1225,1,1,1,0,12,24,1,1,29,10,1,12,0,0,1,1,0
10,48,2304,1,1,1,0,6,16,1,1,16,7,1,6,1,0,0,1,0
4,29,841,1,1,1,0,12,19,1,1,28,15,1,12,1,0,0,1,0
2,29,841,1,1,1,1,12,26,1,1,25,13,1,12,0,1,0,1,0
2,21,441,1,1,1,1,12,19,1,1,19,10,1,12,0,0,0,0,0
2,43,1849,1,1,0,0,7,23,1,1,20,15,1,7,0,1,0,0,0
1,26,676,1,1,1,0,12,21,1,1,20,12,1,12,0,1,0,1,0
1,24,576,0,1,0,0,12,18,1,1,21,12,1,12,0,1,0,1,0
3,35,1225,1,1,1,1,14,24,1,1,27,14,1,14,1,0,0,1,0
3,36,1296,1,1,1,0,12,22,1,1,21,12,1,12,1,0,0,1,0
2,28,784,1,1,1,0,16,21,1,1,22,10,1,16,0,1,0,0,0
2,28,784,1,1,0,0,12,23,1,1,21,12,1,12,0,0,1,1,0
3,41,1681,1,1,1,1,12,17,1,1,17,12,1,12,0,0,1,0,0
1,31,961,1,0,1,1,12,27,1,1,21,12,1,12,0,0,1,0,0
2,48,2304,1,1,1,0,12,21,1,1,20,12,1,12,0,1,0,0,0
2,29,841,1,1,1,1,12,18,1,1,17,12,1,12,0,0,1,1,0
3,35,1225,1,1,1,1,12,22,1,1,19,12,1,12,0,0,0,0,0
2,40,1600,1,1,1,0,16,30,1,1,29,14,1,16,0,0,0,0,0
1,42,1764,1,1,1,0,16,35,1,0,34,16,1,16,0,0,0,0,0
2,49,2401,1,1,1,0,15,22,1,1,46,15,1,15,0,1,0,0,0
2,32,1024,1,1,1,1,12,24,1,1,23,12,1,12,0,0,1,0,0
1,26,676,1,1,1,1,10,16,1,1,22,10,1,10,0,0,1,0,0
2,25,625,1,1,1,0,9,19,1,1,21,10,1,9,1,0,0,0,0
1,20,400,1,1,0,0,10,19,1,1,16,14,1,10,0,1,0,0,0
4,34,1156,1,1,1,0,12,17,1,1,21,12,1,12,1,0,0,1,0
5,45,2025,1,1,1,1,5,22,1,1,21,7,1,5,0,0,0,1,0
2,22,484,1,1,1,1,9,16,1,1,15,9,1,9,0,0,0,0,0
3,45,2025,1,1,1,0,9,26,0,0,27,10,1,9,1,0,0,0,0
1,23,529,0,1,0,0,11,21,1,1,19,10,1,11,0,1,0,1,0
4,33,1089,0,0,0,1,9,22,1,1,21,10,1,9,1,0,0,1,0
2,39,1521,1,1,1,1,10,27,1,0,26,12,1,10,0,0,1,1,0
2,30,900,1,1,1,1,16,27,1,1,23,10,1,16,0,0,1,0,0
3,37,1369,1,1,1,0,10,22,1,1,24,10,1,10,1,0,0,1,0
4,33,1089,1,1,1,0,12,20,1,1,20,12,1,12,0,1,0,0,0
9,47,2209,0,1,0,0,3,22,1,1,37,7,1,3,0,1,0,0,0
4,40,1600,0,0,0,0,12,23,1,1,24,10,1,12,0,1,0,0,0
3,26,676,0,1,0,0,7,18,1,0,18,7,1,7,0,0,0,0,0
5,32,1024,0,1,0,1,6,16,1,1,31,0,1,6,1,0,0,1,0
3,26,676,0,0,0,0,7,15,1,0,22,5,1,7,0,1,0,0,0
3,34,1156,0,1,0,0,0,18,1,0,16,8,1,0,0,0,0,1,1
9,48,2304,0,1,0,0,0,17,1,1,16,0,1,0,0,0,0,1,1
2,30,900,1,1,1,1,14,16,1,0,15,14,1,14,0,0,1,0,0
3,29,841,1,1,1,0,14,20,1,1,18,13,1,14,1,0,0,0,0
2,27,729,1,1,1,1,12,17,1,1,16,12,1,12,0,1,0,1,0
3,26,676,1,1,0,0,10,19,1,1,16,10,1,10,0,0,1,1,0
6,30,900,1,1,0,0,4,17,1,1,18,10,1,4,0,0,1,0,0
1,26,676,1,1,0,0,10,20,1,1,19,10,1,10,1,0,0,0,0
3,33,1089,1,1,1,0,9,21,1,1,20,2,1,9,1,0,0,0,0
1,39,1521,1,1,1,0,10,30,1,0,26,10,1,10,1,0,0,1,0
4,35,1225,1,1,0,0,9,21,1,1,22,7,1,9,0,1,0,0,0
4,28,784,0,1,0,0,9,17,1,1,22,7,1,9,1,0,0,1,0
2,22,484,0,1,0,0,8,17,1,1,17,10,1,8,0,0,1,1,0
4,38,1444,0,0,0,0,6,15,1,0,12,2,1,6,1,0,0,1,0
1,40,1600,0,1,0,0,10,26,1,0,32,7,1,10,0,0,1,0,0
2,30,900,0,1,0,1,10,25,1,1,24,7,1,10,0,0,1,1,0
1,25,625,0,1,0,0,10,19,1,0,21,0,1,10,0,0,0,0,0
1,47,2209,0,1,0,0,0,21,1,0,19,4,1,0,1,0,0,1,1
2,38,1444,1,1,1,0,12,22,1,1,21,12,1,12,0,0,1,0,0
4,41,1681,0,1,0,1,7,27,1,1,38,6,1,7,1,0,0,1,0
3,24,576,0,0,0,0,6,17,1,1,17,8,1,6,0,0,0,0,0
5,41,1681,0,1,0,1,7,18,1,1,16,1,1,7,0,0,1,1,0
5,48,2304,0,1,0,1,4,18,1,0,19,0,1,4,0,1,0,0,0
3,33,1089,0,0,0,0,6,17,1,1,27,0,1,6,0,1,0,0,0
2,25,625,0,1,0,1,7,17,1,1,17,7,1,7,1,0,0,1,0
5,32,1024,0,1,0,0,7,18,1,0,24,10,1,7,0,0,1,1,0
3,27,729,0,1,0,0,6,20,1,1,16,10,1,6,1,0,0,0,0
3,32,1024,0,1,0,0,10,21,1,1,21,7,1,10,0,1,0,1,0
2,33,1089,0,1,0,0,15,21,1,1,31,16,1,15,0,1,0,0,0
1,24,576,0,1,1,0,14,23,1,1,23,14,1,14,1,0,0,0,0
1,23,529,0,1,1,1,10,20,1,1,22,12,1,10,0,1,0,1,0
3,34,1156,0,1,1,1,12,22,1,1,20,14,1,12,0,1,0,1,0
4,36,1296,0,1,0,0,10,15,1,1,35,10,1,10,0,1,0,0,0
3,40,1600,1,1,1,1,16,25,1,1,25,16,1,16,0,0,1,0,0
2,28,784,1,1,1,0,12,23,1,1,19,14,1,12,0,0,1,0,0
4,32,1024,1,1,1,0,7,17,1,1,23,14,1,7,1,0,0,0,0
5,27,729,0,1,0,1,4,17,1,1,25,7,1,4,1,0,0,1,0
1,20,400,1,1,1,0,7,18,1,1,14,7,1,7,0,0,0,0,0
4,33,1089,1,1,1,1,10,21,1,1,22,17,1,10,0,1,0,1,0
2,30,900,1,1,1,0,17,17,1,1,28,16,1,17,0,1,0,0,0
2,30,900,1,1,1,1,8,17,1,1,19,15,1,8,1,0,0,0,0
4,37,1369,1,1,1,1,12,24,1,1,25,12,1,12,0,1,0,1,0
3,29,841,1,1,1,0,14,17,1,1,15,16,1,14,0,1,0,0,0
1,31,961,1,1,1,0,19,26,1,1,25,19,1,19,0,0,0,0,0
2,32,1024,1,0,1,0,15,28,1,1,25,19,1,15,0,0,0,1,0
2,32,1024,1,1,1,1,16,27,1,1,25,16,1,16,0,0,0,1,0
1,25,625,0,0,0,0,0,16,1,0,18,0,1,0,0,0,0,1,1
2,20,400,0,1,0,0,7,17,1,1,19,6,1,7,0,0,0,1,0
5,32,1024,0,0,1,0,7,16,1,1,24,10,1,7,0,1,0,0,0
2,27,729,0,1,0,1,5,20,1,1,24,7,1,5,1,0,0,0,0
2,34,1156,0,1,0,0,10,22,1,1,25,7,1,10,0,1,0,1,0
5,30,900,0,1,0,0,5,17,1,1,21,12,1,5,0,1,0,1,0
2,35,1225,0,1,0,0,9,19,1,1,26,7,1,9,1,0,0,0,0
2,30,900,0,1,1,0,10,17,1,1,25,12,1,10,0,0,0,0,0
5,41,1681,0,1,0,0,2,26,1,1,23,7,1,2,0,0,0,1,0
3,22,484,0,0,0,0,9,17,1,1,21,9,1,9,0,1,0,1,0
6,31,961,0,0,0,0,2,18,1,1,18,7,1,2,1,0,0,0,0
2,24,576,0,0,0,0,7,19,1,1,15,0,1,7,0,1,0,0,0
6,34,1156,0,1,0,0,5,18,1,1,22,5,1,5,1,0,0,0,0
1,24,576,0,1,0,0,9,20,1,0,20,0,1,9,0,0,1,1,0
1,27,729,0,1,0,0,10,27,1,1,21,7,1,10,1,0,0,1,0
1,42,1764,0,1,0,0,2,19,1,0,20,8,1,2,0,0,0,1,0
3,31,961,0,1,0,0,12,20,1,1,17,10,1,12,1,0,0,1,0
1,21,441,0,1,0,0,0,15,1,1,13,12,1,0,1,0,0,1,1
2,31,961,0,1,1,0,10,18,1,1,26,6,1,10,1,0,0,0,0
1,30,900,0,0,0,0,0,23,1,0,28,0,1,0,0,0,0,0,1
4,34,1156,1,1,1,0,7,21,1,1,20,1,1,7,1,0,0,0,0
4,25,625,0,1,0,0,7,16,1,1,19,6,1,7,1,0,0,1,0
3,29,841,0,1,0,0,7,18,1,1,26,6,1,7,0,0,1,1,0
2,33,1089,0,1,0,1,9,24,1,1,26,7,1,9,0,1,0,0,0
6,41,1681,0,0,0,0,4,18,1,1,21,9,1,4,0,0,0,0,0
1,23,529,0,0,0,0,7,16,1,0,22,7,1,7,0,0,0,1,0
2,25,625,0,1,0,0,5,17,1,1,20,9,1,5,0,0,0,0,0
5,30,900,0,1,0,0,0,18,1,1,27,8,1,0,1,0,0,0,1
1,29,841,0,1,0,0,8,21,1,1,21,17,1,8,0,0,1,0,0
6,35,1225,0,1,0,1,0,20,1,0,34,6,1,0,0,0,0,0,1
3,26,676,0,1,0,1,8,16,1,1,24,7,1,8,1,0,0,1,0
2,26,676,0,0,0,0,7,18,1,1,25,10,1,7,1,0,0,1,0
5,30,900,0,0,0,1,8,12,1,0,22,12,1,8,0,0,1,1,0
6,40,1600,0,1,0,0,7,20,0,0,21,2,1,7,0,1,0,0,0
1,40,1600,0,1,0,0,7,21,1,1,22,7,1,7,1,0,0,0,0
6,42,1764,1,1,1,0,5,19,1,1,18,12,1,5,0,1,0,0,0
3,26,676,0,0,0,0,8,19,1,1,20,10,1,8,1,0,0,1,0
4,33,1089,0,1,0,0,6,14,1,0,29,7,1,6,1,0,0,0,0
5,32,1024,0,1,0,0,6,18,1,0,17,7,1,6,1,0,0,0,0
2,39,1521,0,1,0,0,3,15,1,0,24,9,1,3,1,0,0,0,0
2,28,784,0,1,0,0,5,19,1,1,21,10,1,5,1,0,0,0,0
3,32,1024,0,0,0,0,0,18,1,0,24,5,1,0,0,0,0,1,1
7,34,1156,0,0,0,0,0,19,1,1,18,2,1,0,1,0,0,1,1
4,29,841,0,0,0,0,7,18,1,1,26,7,1,7,0,0,0,1,0
3,30,900,0,1,0,0,4,17,1,1,17,0,1,4,0,0,1,0,0
1,20,400,0,1,0,0,0,16,1,1,19,0,1,0,0,1,0,1,1
9,39,1521,0,0,0,0,0,18,1,1,19,5,1,0,1,0,0,0,1
1,33,1089,0,0,0,0,0,23,1,0,27,7,1,0,1,0,0,1,1
2,25,625,0,0,0,0,6,18,1,1,17,0,1,6,1,0,0,1,0
2,20,400,0,1,0,0,8,16,1,1,15,0,1,8,1,0,0,0,0
4,30,900,0,0,0,0,8,19,1,1,29,0,1,8,0,0,0,0,0
8,38,1444,0,0,0,0,2,20,1,1,19,0,1,2,1,0,0,1,0
2,43,1849,0,0,0,0,0,18,1,0,18,0,1,0,0,1,0,0,1
2,24,576,0,1,0,1,0,18,1,1,19,0,1,0,0,0,0,0,1
1,22,484,0,1,0,0,7,17,1,0,13,7,1,7,1,0,0,0,0
4,32,1024,0,1,0,0,5,19,1,1,28,2,1,5,0,0,1,1,0
6,32,1024,0,0,0,0,9,20,1,1,26,0,1,9,1,0,0,1,0
6,27,729,0,1,0,0,4,18,1,0,18,0,1,4,0,1,0,1,0
4,30,900,0,1,0,0,4,16,1,1,17,6,1,4,1,0,0,1,0
9,41,1681,0,1,0,0,0,21,1,1,22,0,1,0,0,0,0,1,1
3,32,1024,0,1,1,0,7,22,1,1,20,11,1,7,0,1,0,0,0
7,39,1521,0,1,0,0,0,17,1,1,35,0,1,0,1,0,0,1,1
1,23,529,0,1,0,0,0,22,1,0,22,0,1,0,1,0,0,0,1
4,26,676,0,1,0,0,4,12,1,1,20,0,1,4,1,0,0,0,0
1,22,484,0,1,0,0,0,19,1,1,21,7,1,0,0,0,0,0,1
4,38,1444,0,1,0,0,5,28,1,0,33,3,1,5,0,1,0,0,0
3,29,841,0,1,0,0,14,21,1,0,20,16,1,14,1,0,0,0,0
4,34,1156,1,1,1,0,6,19,1,0,19,7,1,6,0,0,0,1,0
2,38,1444,0,1,1,0,10,26,1,1,24,14,1,10,0,0,0,0,0
2,27,729,0,0,0,0,7,20,1,1,21,6,1,7,1,0,0,1,0
4,38,1444,0,1,0,0,2,16,0,0,17,0,1,2,1,0,0,1,0
1,22,484,0,1,0,1,10,21,1,1,20,10,1,10,1,0,0,1,0
6,32,1024,0,1,0,0,3,18,1,1,18,6,1,3,0,1,0,0,0
3,24,576,0,0,0,0,0,18,1,1,19,7,1,0,0,0,0,0,1
1,24,576,0,0,0,0,0,16,1,0,16,7,1,0,0,0,0,0,1
1,24,576,0,1,0,0,7,21,1,1,21,7,1,7,0,0,0,1,0
3,30,900,0,1,0,0,13,18,1,1,21,6,1,13,0,1,0,1,0
4,30,900,0,1,0,0,9,20,1,1,21,14,1,9,0,1,0,1,0
3,25,625,0,1,0,0,0,19,1,1,21,0,1,0,1,0,0,0,1
6,46,2116,0,0,0,0,0,17,1,0,24,0,1,0,0,1,0,0,1
2,35,1225,0,1,0,1,0,26,1,1,26,6,1,0,0,0,0,0,1
4,29,841,0,1,0,1,4,19,1,0,19,7,1,4,0,1,0,0,0
3,26,676,0,1,1,1,10,16,1,1,15,10,1,10,0,0,0,0,0
2,28,784,0,1,0,0,10,19,1,1,19,10,1,10,0,1,0,1,0
8,41,1681,0,1,0,0,4,20,1,1,25,0,1,4,0,0,0,1,0
4,29,841,0,0,0,0,0,15,1,0,16,0,1,0,0,1,0,1,1
5,37,1369,0,1,0,0,10,18,1,0,19,7,1,10,1,0,0,1,0
2,31,961,0,1,0,0,8,23,1,1,29,7,1,8,1,0,0,0,0
7,36,1296,0,1,0,1,0,16,1,1,18,6,1,0,0,0,0,0,1
1,19,361,0,0,0,1,7,15,1,0,14,7,1,7,1,0,0,1,0
3,34,1156,0,1,0,0,7,19,1,1,23,4,1,7,0,1,0,1,0
1,30,900,0,1,0,0,0,19,1,0,18,7,1,0,0,0,0,1,1
5,34,1156,0,1,0,1,7,21,1,1,21,3,1,7,0,1,0,1,0
1,23,529,0,0,0,0,7,21,1,1,21,7,1,7,0,1,0,1,0
1,23,529,0,0,0,0,0,19,1,0,22,7,1,0,0,1,0,1,1
1,26,676,0,0,0,0,8,20,1,0,22,0,1,8,1,0,0,0,0
1,19,361,0,1,0,0,7,18,1,0,18,7,1,7,0,0,0,1,0
6,36,1296,0,1,0,0,4,23,1,1,17,0,1,4,1,0,0,1,0
2,22,484,0,0,0,0,7,18,1,1,17,9,1,7,1,0,0,1,0
1,21,441,0,1,0,1,7,16,1,1,20,0,1,7,0,0,1,1,0
3,24,576,0,1,0,0,5,17,1,1,20,8,1,5,1,0,0,0,0
9,39,1521,0,1,0,0,6,17,1,1,15,10,1,6,0,1,0,1,0
1,24,576,0,1,0,0,10,17,1,1,21,10,1,10,0,0,1,0,0
1,23,529,0,1,1,0,9,19,1,1,20,10,1,9,0,1,0,1,0
1,25,625,0,1,1,0,7,17,1,1,17,9,1,7,0,0,0,0,0
1,21,441,0,0,0,0,0,21,1,0,20,0,1,0,0,0,1,1,1
6,37,1369,0,1,0,0,6,21,1,0,17,7,1,6,0,1,0,0,0
4,33,1089,0,1,0,0,0,17,1,1,26,0,1,0,1,0,0,0,1
1,46,2116,0,1,0,0,0,23,1,0,18,6,1,0,1,0,0,0,1
6,32,1024,0,0,0,0,7,19,1,1,19,7,1,7,1,0,0,1,0
2,29,841,0,1,0,1,6,19,1,1,22,6,1,6,0,1,0,1,0
3,26,676,0,1,0,1,0,20,1,1,18,7,1,0,1,0,0,0,1
1,36,1296,0,1,0,1,2,16,1,0,21,0,1,2,1,0,0,1,0
7,36,1296,0,1,1,0,7,17,1,1,20,7,1,7,0,1,0,1,0
8,40,1600,0,1,1,1,4,19,1,1,16,7,1,4,1,0,0,1,0
2,24,576,0,1,1,1,0,19,1,0,18,12,1,0,1,0,0,0,1
3,28,784,0,1,0,0,0,20,1,1,24,0,1,0,0,0,0,1,1
3,48,2304,0,0,0,0,4,27,1,0,20,0,1,4,1,0,0,1,0
2,28,784,0,1,0,0,7,22,1,1,28,0,1,7,1,0,0,1,0
5,29,841,0,0,0,0,0,17,1,1,18,7,1,0,0,0,0,1,1
5,41,1681,0,1,0,1,0,20,1,0,17,0,1,0,1,0,0,1,1
2,25,625,0,1,0,1,6,18,1,0,16,0,1,6,0,0,1,0,0
2,25,625,0,0,0,0,0,22,1,0,16,0,1,0,0,1,0,1,1
2,25,625,0,0,0,0,0,18,1,1,25,0,1,0,1,0,0,1,1
1,26,676,0,1,0,0,14,21,1,1,19,15,1,14,0,0,1,1,0
8,43,1849,0,1,0,0,7,17,1,0,15,14,1,7,1,0,0,1,0
9,38,1444,0,1,0,0,0,19,1,1,25,3,1,0,0,1,0,0,1
1,21,441,0,1,1,0,7,16,1,1,19,7,1,7,0,0,0,0,0
1,24,576,0,0,0,0,7,17,1,1,22,10,1,7,1,0,0,0,0
1,19,361,0,1,0,0,7,18,1,1,15,7,1,7,1,0,0,1,0
2,29,841,0,1,0,0,7,26,1,1,22,10,1,7,0,0,0,0,0
6,33,1089,0,1,0,1,7,18,1,1,20,6,1,7,0,0,1,1,0
5,31,961,0,1,0,0,0,19,1,1,24,2,1,0,1,0,0,1,1
2,34,1156,0,1,0,0,0,16,1,0,18,0,1,0,1,0,0,1,1
4,48,2304,0,1,0,0,0,23,1,0,46,0,1,0,1,0,0,0,1
11,48,2304,0,0,0,0,0,19,1,0,19,0,1,0,0,0,0,1,1
2,20,400,0,0,0,0,6,18,1,1,17,10,1,6,0,0,1,1,0
3,29,841,0,1,1,1,7,17,1,1,16,0,1,7,0,1,0,0,0
6,40,1600,0,1,0,0,5,19,1,1,19,7,1,5,1,0,0,0,0
2,25,625,0,1,0,0,0,19,1,1,16,3,1,0,1,0,0,1,1
9,48,2304,0,1,0,1,3,20,1,0,22,0,1,3,1,0,0,1,0
3,22,484,0,1,0,0,0,14,1,0,14,0,1,0,0,0,0,1,1
4,25,625,0,1,0,1,5,16,1,1,19,0,1,5,1,0,0,0,0
2,25,625,0,0,0,0,4,15,1,1,19,12,1,4,0,0,0,1,0
3,24,576,0,1,0,1,7,18,1,0,24,5,1,7,1,0,0,1,0
4,38,1444,0,1,0,1,6,18,1,1,34,3,1,6,1,0,0,0,0
4,30,900,0,0,0,1,5,16,1,0,16,0,1,5,0,0,1,1,0
2,31,961,0,1,0,1,0,15,1,0,25,9,1,0,1,0,0,0,1
3,33,1089,0,1,0,1,6,19,1,1,18,0,1,6,1,0,0,1,0
3,28,784,0,0,0,0,7,18,1,1,20,0,1,7,1,0,0,0,0
3,28,784,0,1,0,0,10,20,1,0,19,6,1,10,1,0,0,0,0
1,19,361,0,0,0,1,6,19,1,0,17,0,1,6,1,0,0,1,0
4,28,784,0,0,0,0,7,22,1,1,18,0,1,7,1,0,0,0,0
1,24,576,0,1,0,0,7,19,1,1,23,7,1,7,0,1,0,0,0
2,34,1156,0,1,0,1,7,17,1,0,23,7,1,7,1,0,0,1,0
4,40,1600,0,1,0,1,2,23,1,0,33,0,1,2,1,0,0,1,0
1,26,676,0,1,0,1,7,16,1,0,22,7,1,7,0,0,0,0,0
4,48,2304,0,1,0,0,0,15,1,0,13,10,1,0,0,1,0,0,1
3,41,1681,0,0,0,0,0,18,1,0,29,7,1,0,0,0,1,1,1
5,37,1369,0,1,0,0,7,22,1,1,23,7,1,7,0,0,1,0,0
1,26,676,0,1,1,0,17,24,1,1,25,2,1,17,0,0,0,1,0
2,26,676,0,1,1,1,5,23,1,1,21,12,1,5,0,0,0,1,0
3,40,1600,0,1,0,0,7,19,1,1,20,6,1,7,0,1,0,0,0
4,36,1296,0,1,0,0,6,20,1,1,22,12,1,6,1,0,0,1,0
3,39,1521,1,1,1,0,9,22,1,0,21,6,1,9,0,0,0,0,0
2,26,676,1,1,0,0,2,19,1,1,26,10,1,2,0,1,0,1,0
2,22,484,0,1,0,0,7,18,1,1,21,4,1,7,0,1,0,0,0
2,27,729,0,1,1,0,10,23,1,1,26,7,1,10,0,0,1,1,0
2,27,729,0,1,1,0,0,20,1,1,20,6,1,0,1,0,0,1,1
7,38,1444,0,1,0,0,7,21,1,1,23,9,1,7,1,0,0,1,0
2,22,484,0,1,0,1,7,16,1,1,20,7,1,7,1,0,0,1,0
2,36,1296,0,1,0,1,6,20,1,0,22,3,1,6,1,0,0,1,0
6,38,1444,0,1,0,0,5,15,1,1,22,7,1,5,1,0,0,0,0
3,28,784,0,0,0,0,7,19,1,1,19,7,1,7,1,0,0,1,0
2,26,676,0,0,0,0,7,19,1,1,17,10,1,7,1,0,0,1,0
3,37,1369,0,1,0,0,0,15,1,0,24,7,1,0,1,0,0,0,1
1,23,529,0,1,0,0,7,19,1,1,15,6,1,7,0,0,1,1,0
1,29,841,0,0,0,0,0,22,1,1,23,0,1,0,1,0,0,0,1
2,26,676,0,0,0,0,0,21,1,1,25,0,1,0,0,0,0,1,1
1,22,484,0,1,0,1,4,19,1,0,21,1,1,4,0,0,0,1,0
3,30,900,0,1,0,0,0,17,1,1,16,5,1,0,1,0,0,0,1
1,20,400,0,1,0,0,4,18,1,1,20,0,1,4,1,0,0,1,0
2,22,484,0,0,0,0,6,17,1,1,17,0,1,6,1,0,0,1,0
5,29,841,0,0,0,0,0,17,1,1,20,0,1,0,1,0,0,0,1
5,33,1089,0,1,0,1,2,19,1,1,18,0,1,2,0,1,0,0,0
4,36,1296,0,1,0,0,1,20,1,1,30,0,1,1,0,0,0,0,0
2,19,361,0,0,0,0,7,16,1,0,15,7,1,7,0,0,1,0,0
3,35,1225,0,1,0,0,0,21,1,1,19,0,1,0,0,0,0,1,1
2,21,441,0,1,0,0,9,18,1,1,18,12,1,9,0,0,1,0,0
5,34,1156,0,1,0,1,5,18,1,1,17,0,1,5,0,0,0,1,0
3,27,729,0,1,0,0,12,16,1,1,20,10,1,12,0,1,0,0,0
4,25,625,0,1,0,0,10,18,1,1,22,5,1,10,0,0,0,1,0
3,31,961,0,1,0,1,10,20,1,1,20,13,1,10,0,1,0,1,0
2,26,676,0,0,0,0,9,21,1,1,24,10,1,9,1,0,0,0,0
5,39,1521,0,1,0,0,0,24,1,0,29,7,1,0,1,0,0,0,1
2,25,625,0,1,1,1,7,21,1,1,22,7,1,7,1,0,0,0,0
7,38,1444,0,1,0,1,7,18,1,1,19,7,1,7,0,1,0,1,0
1,24,576,0,1,0,0,10,22,1,1,24,10,1,10,0,1,0,1,0
4,35,1225,0,1,1,0,10,21,1,0,21,12,1,10,0,1,0,0,0
3,25,625,0,1,0,0,7,16,1,0,16,0,1,7,0,1,0,0,0
2,22,484,0,1,0,1,10,19,1,1,20,7,1,10,0,0,0,0,0
2,29,841,0,1,0,0,7,24,1,1,28,6,1,7,0,1,0,1,0
2,26,676,0,1,0,0,7,19,1,1,18,5,1,7,1,0,0,1,0
2,26,676,0,1,0,0,7,20,1,1,19,3,1,7,1,0,0,1,0
1,25,625,0,1,0,0,9,18,1,1,23,8,1,9,0,1,0,0,0
8,44,1936,0,1,0,0,0,19,1,0,18,7,1,0,0,0,1,1,1
4,26,676,0,1,0,0,5,18,1,1,18,10,1,5,1,0,0,1,0
2,33,1089,0,1,0,0,5,17,1,1,28,5,1,5,0,0,1,0,0
1,23,529,0,1,0,0,0,20,1,1,21,7,1,0,1,0,0,1,1
2,23,529,0,1,0,0,7,20,1,1,17,0,1,7,0,0,0,1,0
2,30,900,0,1,0,0,0,17,1,0,16,0,1,0,1,0,0,0,1
5,30,900,0,1,0,0,0,17,1,1,16,6,1,0,0,0,0,0,1
5,34,1156,0,0,0,1,0,20,1,1,26,0,1,0,1,0,0,1,1
6,29,841,0,0,0,0,0,17,1,0,16,0,1,0,0,0,0,1,1
4,29,841,0,1,0,0,0,16,1,1,20,0,1,0,1,0,0,1,1
6,29,841,0,1,1,0,7,17,1,1,26,7,1,7,1,0,0,1,0
7,38,1444,1,1,0,0,5,15,1,1,15,6,1,5,0,0,1,1,0
3,31,961,1,1,1,0,8,16,1,1,28,7,1,8,0,0,1,1,0
9,40,1600,1,1,0,0,7,21,1,1,19,6,1,7,1,0,0,0,0
6,37,1369,1,1,0,0,7,19,1,1,34,10,1,7,0,1,0,0,0
2,27,729,1,1,1,0,7,18,1,1,19,7,1,7,1,0,0,0,0
1,35,1225,1,1,0,0,7,24,1,1,32,7,1,7,0,1,0,0,0
1,26,676,1,1,1,0,10,16,1,1,24,9,1,10,1,0,0,0,0
3,31,961,0,1,1,0,12,21,1,1,22,12,1,12,0,0,1,1,0
7,44,1936,0,1,1,0,14,19,1,1,15,18,1,14,1,0,0,1,0
2,41,1681,0,1,1,0,13,24,1,1,37,10,1,13,1,0,0,0,0
3,28,784,0,1,1,0,1,16,1,0,15,0,1,1,1,0,0,1,0
2,24,576,0,0,0,0,10,19,1,1,14,10,1,10,0,1,0,1,0
3,28,784,0,1,0,0,10,20,1,1,20,12,1,10,1,0,0,0,0
2,32,1024,1,1,1,0,10,18,1,1,26,12,1,10,0,1,0,0,0
1,36,1296,0,1,0,0,7,21,1,0,25,0,1,7,0,1,0,1,0
2,23,529,0,1,0,0,0,16,1,1,20,7,1,0,1,0,0,0,1
3,28,784,0,0,0,0,9,18,1,1,20,4,1,9,1,0,0,0,0
3,36,1296,0,1,0,1,7,20,1,0,29,0,1,7,0,0,1,1,0
2,39,1521,0,1,0,0,2,23,1,1,19,0,1,2,1,0,0,0,0
2,26,676,0,1,0,0,7,20,1,0,23,8,1,7,1,0,0,1,0
7,44,1936,0,0,0,0,4,16,1,0,16,7,1,4,0,1,0,1,0
3,28,784,0,1,0,0,10,16,1,0,13,10,1,10,0,1,0,0,0
2,26,676,0,0,0,0,7,17,1,1,17,10,1,7,0,1,0,1,0
5,38,1444,0,0,0,1,4,19,1,1,19,4,1,4,1,0,0,0,0
5,33,1089,0,1,0,1,7,19,1,1,21,9,1,7,0,0,1,0,0
1,24,576,0,1,0,1,7,22,1,0,22,7,1,7,1,0,0,0,0
2,18,324,0,0,0,0,7,16,1,0,17,0,1,7,0,0,0,0,0
1,21,441,0,0,0,0,7,19,1,0,20,7,1,7,0,0,0,1,0
3,31,961,0,1,0,0,0,18,1,1,14,7,1,0,1,0,0,1,1
1,41,1681,0,0,0,0,0,34,1,0,33,1,1,0,1,0,0,1,1
1,17,289,0,0,0,0,7,14,1,1,16,5,1,7,1,0,0,0,0
1,30,900,0,1,0,0,5,26,1,0,28,7,1,5,1,0,0,1,0
4,27,729,0,1,0,0,6,18,1,1,23,0,1,6,1,0,0,0,0
1,35,1225,0,1,0,1,1,17,1,0,16,0,1,1,1,0,0,1,0
1,17,289,0,0,0,0,6,17,1,0,16,8,1,6,1,0,0,0,0
8,39,1521,0,1,0,1,0,19,1,1,18,7,1,0,1,0,0,1,1
7,40,1600,0,1,0,1,7,21,1,0,36,3,1,7,1,0,0,1,0
6,35,1225,0,1,0,1,6,16,1,1,16,7,1,6,1,0,0,0,0
4,30,900,0,1,0,0,7,22,1,1,28,10,1,7,0,0,0,1,0
6,33,1089,0,0,0,0,0,18,1,0,17,7,1,0,1,0,0,1,1
5,26,676,0,1,0,0,4,14,1,1,18,2,1,4,1,0,0,1,0
4,27,729,0,1,0,0,4,20,1,0,20,7,1,4,0,0,0,1,0
3,25,625,0,1,0,0,7,19,1,1,22,7,1,7,0,0,0,0,0
1,19,361,0,1,0,0,7,17,1,1,15,10,1,7,1,0,0,1,0
2,25,625,0,1,0,1,7,18,1,1,19,7,1,7,0,0,0,1,0
1,20,400,0,1,0,1,7,17,1,0,20,7,1,7,1,0,0,1,0
3,28,784,0,1,0,1,7,17,1,1,24,10,1,7,0,0,0,0,0
2,21,441,0,1,0,0,10,17,1,1,19,7,1,10,1,0,0,0,0
3,24,576,0,0,0,0,6,18,1,1,17,0,1,6,1,0,0,1,0
4,27,729,0,1,0,1,5,19,1,1,22,7,1,5,1,0,0,1,0
2,37,1369,0,0,0,1,0,15,1,0,16,0,1,0,1,0,0,0,1
6,41,1681,0,0,0,0,7,18,1,0,17,7,1,7,0,0,0,1,0
4,36,1296,0,1,0,1,4,16,1,1,15,0,1,4,1,0,0,1,0
6,32,1024,0,1,0,1,3,21,1,0,19,2,1,3,0,1,0,0,0
7,38,1444,0,1,0,0,0,18,1,0,16,4,1,0,0,1,0,1,1
3,41,1681,0,1,0,0,0,16,1,0,11,0,1,0,0,0,0,1,1
2,20,400,0,1,0,0,7,16,1,1,15,5,1,7,0,0,0,1,0
5,39,1521,0,1,0,1,3,19,1,1,22,3,1,3,1,0,0,1,0
2,27,729,0,1,0,0,7,16,1,0,14,8,1,7,0,1,0,1,0
5,47,2209,0,0,0,1,2,26,1,0,24,5,1,2,0,1,0,0,0
1,27,729,0,0,0,0,7,20,1,1,26,4,1,7,0,0,0,0,0
7,31,961,0,1,0,1,4,17,1,1,20,6,1,4,0,0,0,0,0
3,26,676,0,1,0,1,7,18,1,1,25,7,1,7,1,0,0,1,0
1,19,361,0,1,0,0,4,19,1,1,17,7,1,4,1,0,0,1,0
2,24,576,0,1,0,0,7,18,1,0,16,0,1,7,1,0,0,0,0
4,25,625,0,0,0,1,3,14,1,1,12,0,1,3,0,0,0,1,0
2,23,529,0,0,0,0,6,20,1,0,16,0,1,6,1,0,0,1,0
5,35,1225,0,1,0,0,0,19,1,0,23,5,1,0,0,0,0,0,1
5,32,1024,0,0,0,0,7,19,1,1,18,0,1,7,0,0,0,0,0
3,35,1225,0,1,0,0,7,27,1,1,27,7,1,7,1,0,0,1,0
3,31,961,0,0,0,0,5,19,1,1,17,7,1,5,0,0,0,1,0
8,46,2116,0,1,0,0,0,17,1,0,12,4,1,0,0,0,0,1,1
2,20,400,0,1,0,0,4,17,1,0,15,7,1,4,0,0,0,0,0
4,31,961,0,0,0,0,7,22,1,1,19,7,1,7,1,0,0,0,0
4,34,1156,0,1,0,1,0,23,1,0,19,4,1,0,0,0,0,0,1
2,27,729,0,0,0,0,0,16,1,0,21,0,1,0,0,0,0,0,1
1,22,484,0,0,0,0,6,18,1,0,20,7,1,6,0,0,0,1,0
7,36,1296,0,1,0,1,7,19,1,1,19,7,1,7,0,0,1,0,0
6,41,1681,0,1,0,1,7,21,1,1,30,7,1,7,0,0,0,1,0
2,28,784,0,1,0,1,0,21,1,1,16,7,1,0,0,0,0,1,1
8,37,1369,0,1,0,1,2,19,1,0,20,0,1,2,0,0,0,1,0
5,30,900,0,0,0,0,5,17,1,1,19,2,1,5,1,0,0,1,0
1,20,400,0,1,0,0,10,20,1,0,17,7,1,10,1,0,0,1,0
9,30,900,0,1,0,1,0,11,1,1,10,0,1,0,1,0,0,1,1
2,48,2304,1,1,0,0,12,26,1,0,25,0,1,12,0,1,0,1,0
2,23,529,0,0,0,0,2,17,1,0,20,10,1,2,0,0,0,0,0
3,25,625,1,1,1,0,7,14,1,1,22,10,1,7,0,0,0,1,0
4,48,2304,0,1,0,0,4,15,1,0,29,0,1,4,1,0,0,1,0
6,39,1521,0,1,0,0,4,12,1,1,31,7,1,4,0,0,1,0,0
4,26,676,0,1,0,0,8,17,1,1,24,10,1,8,0,0,1,0,0
4,32,1024,0,1,0,1,3,18,1,1,28,5,1,3,0,1,0,1,0
3,23,529,0,0,0,1,7,19,1,1,18,10,1,7,1,0,0,1,0
1,21,441,0,1,0,0,6,17,1,1,16,7,1,6,0,0,0,0,0
2,25,625,0,1,0,0,12,21,1,1,25,10,1,12,1,0,0,1,0
8,37,1369,0,1,0,1,0,18,1,0,17,4,1,0,1,0,0,1,1
5,47,2209,0,1,0,0,4,16,1,0,44,7,1,4,1,0,0,1,0
1,20,400,0,1,0,1,7,17,1,1,17,10,1,7,1,0,0,0,0
4,31,961,0,1,0,1,0,20,1,0,21,5,1,0,1,0,0,1,1
11,34,1156,0,1,0,1,0,16,1,0,15,0,1,0,1,0,0,1,1
6,29,841,0,1,0,1,0,11,1,0,10,10,1,0,0,0,0,0,1
2,30,900,0,1,0,1,4,16,1,1,24,7,1,4,0,0,0,1,0
6,30,900,0,0,0,0,5,16,1,1,22,0,1,5,1,0,0,0,0
1,22,484,0,1,0,1,0,22,1,0,21,0,1,0,0,0,0,1,1
6,36,1296,0,1,0,0,1,19,1,1,21,7,1,1,1,0,0,1,0
9,44,1936,0,0,0,0,0,16,1,1,26,0,1,0,1,0,0,1,1
5,32,1024,0,1,0,0,7,16,1,1,20,7,1,7,0,1,0,0,0
2,30,900,0,1,0,0,10,15,1,1,29,10,1,10,0,0,1,1,0
10,48,2304,0,1,0,0,7,19,1,1,29,7,1,7,0,0,1,1,0
8,29,841,0,0,0,0,10,19,1,0,25,10,1,10,0,1,0,0,0
1,19,361,0,0,0,0,4,13,1,0,19,10,1,4,1,0,0,0,0
2,21,441,0,0,0,0,7,18,1,1,21,7,1,7,0,0,0,0,0
2,22,484,0,0,0,0,7,16,1,1,18,7,1,7,0,0,0,0,0
6,36,1296,0,0,0,0,0,16,1,1,32,4,1,0,0,0,0,1,1
2,35,1225,0,1,0,0,7,23,1,1,34,0,1,7,1,0,0,1,0
6,38,1444,0,1,0,0,7,17,1,1,30,7,1,7,1,0,0,0,0
8,42,1764,0,1,0,1,6,18,1,1,21,1,1,6,1,0,0,1,0
4,40,1600,0,1,0,1,6,21,1,1,26,7,1,6,1,0,0,0,0
6,41,1681,0,1,0,0,6,23,1,1,18,9,1,6,0,1,0,0,0
9,40,1600,0,1,0,1,7,16,1,0,12,7,1,7,0,0,1,0,0
5,31,961,0,1,0,0,0,18,1,0,14,7,1,0,1,0,0,0,1
2,43,1849,0,0,0,0,0,18,0,0,23,7,1,0,0,0,1,1,1
4,27,729,0,1,0,1,0,18,1,1,13,2,1,0,0,0,0,1,1
8,43,1849,0,0,0,0,0,19,1,1,19,5,1,0,1,0,0,1,1
2,29,841,0,1,0,1,7,16,1,0,16,10,1,7,1,0,0,1,0
6,41,1681,0,0,0,1,3,26,1,1,15,10,1,3,1,0,0,0,0
8,41,1681,0,1,0,0,1,14,1,1,16,0,1,1,1,0,0,0,0
7,33,1089,0,1,0,0,5,18,1,0,19,3,1,5,1,0,0,0,0
5,41,1681,0,1,0,1,5,21,1,1,21,2,1,5,0,0,1,1,0
4,49,2401,1,1,1,0,15,26,1,1,20,15,1,15,0,0,1,0,0
2,36,1296,1,1,1,1,13,20,1,1,20,16,1,13,0,1,0,0,0
2,44,1936,1,1,1,0,11,19,1,1,18,15,1,11,0,0,0,0,0
7,36,1296,1,1,1,1,10,20,1,1,18,10,1,10,0,1,0,1,0
4,26,676,0,1,0,1,7,17,1,1,19,10,1,7,1,0,0,0,0
4,33,1089,1,1,1,0,7,22,1,1,17,7,1,7,0,1,0,0,0
1,25,625,0,1,0,0,7,18,1,1,21,7,1,7,0,0,0,0,0
4,36,1296,1,1,1,1,7,17,1,1,21,10,1,7,0,1,0,1,0
1,20,400,0,1,0,0,12,17,1,1,18,17,1,12,0,0,1,1,0
1,29,841,0,1,0,0,3,16,1,0,20,7,1,3,0,0,0,1,0
2,26,676,0,1,0,0,2,22,1,0,23,7,1,2,1,0,0,1,0
1,49,2401,0,1,0,1,3,20,1,0,41,0,1,3,1,0,0,1,0
8,45,2025,1,1,0,1,0,18,1,1,24,6,1,0,1,0,0,0,1
1,24,576,1,1,0,1,10,18,1,1,22,10,1,10,1,0,0,0,0
7,46,2116,0,1,0,0,0,18,1,1,30,4,1,0,1,0,0,0,1
8,48,2304,0,1,0,0,0,18,1,0,17,5,1,0,1,0,0,1,1
3,38,1444,1,1,0,0,7,22,1,1,26,10,1,7,0,0,1,1,0
1,19,361,1,1,1,0,6,18,1,0,17,7,1,6,0,0,0,1,0
6,35,1225,0,1,0,0,3,18,1,1,23,7,1,3,1,0,0,0,0
1,36,1296,0,1,0,0,0,34,1,0,20,5,1,0,0,0,0,0,1
8,42,1764,0,1,0,0,3,15,1,1,16,0,1,3,1,0,0,0,0
5,36,1296,0,1,0,0,5,16,1,1,22,10,1,5,1,0,0,0,0
1,18,324,0,1,0,0,7,15,1,1,17,12,1,7,0,1,0,0,0
5,31,961,0,1,0,1,4,19,1,1,20,7,1,4,0,0,0,1,0
7,44,1936,0,1,0,0,8,21,1,1,22,9,1,8,0,0,1,0,0
5,31,961,0,1,0,1,10,19,1,1,21,7,1,10,1,0,0,0,0
6,32,1024,0,1,0,0,3,17,1,1,29,7,1,3,0,1,0,1,0
2,21,441,1,1,0,1,8,17,1,1,19,3,1,8,0,0,0,1,0
9,46,2116,0,0,0,0,1,18,1,0,18,3,1,1,0,0,0,1,0
2,23,529,0,1,0,0,4,18,1,1,22,9,1,4,0,0,0,1,0
4,26,676,0,1,0,1,3,16,1,0,17,0,1,3,0,0,0,1,0
3,29,841,0,1,0,0,7,19,1,1,23,10,1,7,1,0,0,0,0
2,26,676,0,1,0,0,10,19,1,1,19,12,1,10,0,1,0,0,0
2,28,784,0,0,0,0,7,19,1,1,25,7,1,7,1,0,0,0,0
3,30,900,0,1,0,1,12,19,1,1,25,7,1,12,0,0,1,1,0
1,18,324,0,0,0,0,8,17,1,1,16,10,1,8,0,0,1,1,0
3,25,625,0,1,0,1,7,18,1,1,23,0,1,7,1,0,0,1,0
1,20,400,0,1,0,1,7,19,1,1,19,9,1,7,1,0,0,0,0
7,46,2116,0,1,0,1,4,14,1,0,43,12,1,4,1,0,0,0,0
4,34,1156,0,0,0,0,5,21,1,1,22,7,1,5,1,0,0,1,0
6,28,784,0,1,0,1,0,17,1,1,15,0,1,0,1,0,0,1,1
2,19,361,0,1,0,1,5,16,1,1,15,0,1,5,0,0,0,0,0
4,31,961,0,1,0,0,10,21,1,0,20,5,1,10,1,0,0,1,0
1,24,576,0,1,0,0,12,24,1,1,22,7,1,12,1,0,0,1,0
1,31,961,0,1,0,0,12,25,1,1,23,10,1,12,1,0,0,0,0
3,32,1024,0,1,0,0,5,15,1,1,19,7,1,5,1,0,0,0,0
3,24,576,0,1,0,0,10,16,1,1,22,7,1,10,1,0,0,1,0
2,22,484,0,0,0,1,0,19,1,1,17,7,1,0,1,0,0,1,1
2,36,1296,0,1,0,0,4,17,1,0,29,12,1,4,1,0,0,1,0
4,35,1225,0,0,0,0,0,21,1,1,17,9,1,0,0,0,0,1,1
4,45,2025,0,1,0,1,5,15,1,0,15,0,1,5,1,0,0,1,0
5,28,784,0,0,0,0,0,18,1,1,24,10,1,0,0,1,0,1,1
5,33,1089,0,1,0,0,0,17,1,1,27,7,1,0,1,0,0,1,1
2,22,484,0,1,0,1,7,19,1,0,18,7,1,7,1,0,0,0,0
4,31,961,0,1,0,1,1,19,1,1,26,5,1,1,0,0,0,1,0
4,30,900,0,0,0,0,4,18,1,1,25,7,1,4,1,0,0,0,0
3,30,900,0,0,0,1,5,22,1,1,17,0,1,5,0,0,0,0,0
2,23,529,0,1,0,1,7,17,1,0,15,10,1,7,1,0,0,1,0
3,23,529,0,0,0,1,8,17,1,1,18,7,1,8,1,0,0,1,0
2,28,784,0,1,0,0,7,23,1,1,27,7,1,7,1,0,0,0,0
4,33,1089,0,0,0,0,0,15,1,0,30,0,1,0,1,0,0,1,1
3,27,729,0,1,0,0,10,19,1,1,25,7,1,10,1,0,0,0,0
3,27,729,0,0,0,1,9,18,1,1,15,10,1,9,1,0,0,0,0
7,38,1444,0,1,0,1,7,21,1,1,21,5,1,7,0,1,0,1,0
8,47,2209,1,1,0,1,6,20,1,0,30,10,1,6,0,1,0,0,0
2,23,529,0,1,0,0,10,18,1,1,16,12,1,10,0,1,0,0,0
3,24,576,0,1,0,0,6,17,1,0,21,10,1,6,0,0,0,1,0
2,30,900,0,1,0,0,10,18,1,1,17,10,1,10,1,0,0,0,0
6,38,1444,0,1,0,0,5,17,1,1,16,7,1,5,0,0,1,0,0
8,41,1681,0,1,0,0,3,18,1,1,19,5,1,3,1,0,0,1,0
3,28,784,0,1,0,1,0,20,1,1,21,4,1,0,1,0,0,0,1
1,24,576,0,1,0,1,10,22,1,1,20,10,1,10,0,0,0,0,0
3,25,625,0,0,0,0,4,16,1,1,24,7,1,4,0,0,1,1,0
2,23,529,0,0,0,0,6,19,1,0,18,4,1,6,0,1,0,1,0
5,30,900,0,1,0,1,4,17,1,1,19,7,1,4,0,0,0,1,0
9,49,2401,0,1,0,1,3,22,1,0,32,7,1,3,1,0,0,1,0
3,27,729,0,1,0,0,7,17,1,1,19,7,1,7,1,0,0,1,0
7,35,1225,0,1,0,1,7,17,1,1,21,4,1,7,1,0,0,1,0
10,39,1521,0,1,0,0,5,15,1,1,21,6,1,5,0,1,0,0,0
2,42,1764,1,1,1,1,12,22,1,1,21,12,1,12,0,0,1,0,0
3,34,1156,1,1,0,1,7,21,1,1,21,10,1,7,0,1,0,0,0
2,32,1024,0,1,0,0,12,23,1,1,29,10,1,12,1,0,0,1,0
2,28,784,0,1,0,0,7,21,1,1,15,10,1,7,0,1,0,0,0
4,31,961,0,0,0,0,7,20,1,1,14,15,1,7,0,0,0,1,0
7,32,1024,0,0,0,0,0,18,1,0,16,0,1,0,1,0,0,1,1
7,40,1600,0,0,0,1,1,17,1,1,21,3,1,1,1,0,0,0,0
2,24,576,0,1,0,0,7,16,1,1,19,6,1,7,1,0,0,0,0
4,27,729,0,1,0,0,6,15,1,1,14,9,1,6,1,0,0,1,0
6,45,2025,0,1,0,0,2,18,1,1,15,4,1,2,1,0,0,0,0
3,25,625,0,0,0,1,0,15,1,0,18,0,1,0,0,0,0,1,1
3,25,625,0,1,0,1,7,19,1,1,21,7,1,7,1,0,0,1,0
2,26,676,0,1,0,0,7,20,1,1,25,7,1,7,1,0,0,1,0
5,35,1225,0,1,0,0,7,18,1,1,34,1,1,7,1,0,0,1,0
2,25,625,1,0,0,0,5,21,1,0,24,10,1,5,0,0,0,1,0
1,23,529,0,0,0,0,6,22,1,0,15,8,1,6,1,0,0,1,0
5,32,1024,0,0,0,0,0,14,1,0,24,0,1,0,1,0,0,1,1
1,20,400,0,1,0,0,0,18,1,0,13,0,1,0,1,0,0,1,1
5,35,1225,0,0,0,0,0,19,1,0,29,0,1,0,0,0,0,1,1
2,26,676,0,0,0,0,7,20,1,1,19,7,1,7,1,0,0,1,0
3,32,1024,0,0,0,0,7,22,1,1,21,4,1,7,1,0,0,1,0
1,27,729,1,1,1,0,16,26,1,1,22,16,1,16,0,0,1,0,0
2,33,1089,1,1,1,1,19,24,1,1,22,19,1,19,0,0,1,0,0
4,34,1156,1,1,0,0,6,16,1,1,15,7,1,6,1,0,0,0,0
3,29,841,1,1,1,1,12,18,1,1,20,17,1,12,0,0,0,1,0
2,26,676,0,1,0,1,3,21,1,1,19,7,1,3,0,0,1,1,0
2,26,676,0,1,0,0,7,20,1,1,17,3,1,7,1,0,0,1,0
2,41,1681,0,1,0,0,3,14,1,0,13,4,1,3,1,0,0,1,0
3,26,676,0,1,0,0,7,19,1,1,20,5,1,7,1,0,0,1,0
7,35,1225,0,1,0,0,0,19,1,1,19,6,1,0,1,0,0,0,1
3,26,676,1,1,0,0,10,19,1,1,20,10,1,10,0,0,1,1,0
1,26,676,1,1,1,0,10,19,1,1,21,10,1,10,1,0,0,0,0
1,24,576,1,1,1,0,10,17,1,1,21,10,1,10,1,0,0,1,0
2,21,441,1,1,0,0,12,14,1,1,11,10,1,12,1,0,0,0,0
4,34,1156,1,0,0,0,7,20,1,1,26,12,1,7,0,0,1,1,0
1,27,729,1,1,0,1,7,18,1,0,23,7,1,7,0,0,0,1,0
3,24,576,1,1,0,1,9,18,1,1,16,10,1,9,1,0,0,1,0
3,32,1024,1,1,0,1,10,20,1,1,16,10,1,10,0,0,1,1,0
1,23,529,1,1,0,0,8,18,1,1,16,10,1,8,0,1,0,0,0
3,24,576,1,1,0,0,8,16,1,1,17,10,1,8,0,0,1,0,0
5,31,961,1,1,0,0,7,19,1,0,18,9,1,7,1,0,0,0,0
1,23,529,1,1,0,1,10,20,1,1,19,10,1,10,0,1,0,0,0
1,25,625,1,1,0,0,10,21,1,0,19,10,1,10,1,0,0,0,0
4,30,900,1,1,0,1,7,16,1,1,21,10,1,7,0,0,1,0,0
6,29,841,1,1,0,0,7,15,1,1,21,7,1,7,0,0,0,0,0
3,37,1369,0,1,0,0,7,16,1,1,25,7,1,7,0,1,0,1,0
1,25,625,0,1,1,0,12,18,1,1,22,16,1,12,0,0,1,0,0
6,40,1600,0,1,1,0,14,18,1,1,17,7,1,14,0,0,1,0,0
6,36,1296,1,1,1,1,7,19,1,1,17,7,1,7,0,1,0,0,0
3,43,1849,1,1,1,0,14,21,1,1,21,15,1,14,0,0,1,0,0
2,34,1156,0,1,0,0,7,24,1,1,30,7,1,7,1,0,0,0,0
3,34,1156,1,1,0,1,7,20,1,1,22,7,1,7,0,1,0,1,0
1,22,484,1,1,0,1,12,18,1,1,17,7,1,12,0,1,0,0,0
1,24,576,1,1,1,1,12,22,1,1,23,10,1,12,0,1,0,0,0
2,25,625,0,1,0,1,7,19,1,1,18,10,1,7,0,1,0,1,0
2,20,400,0,1,0,0,0,14,1,1,13,10,1,0,1,0,0,1,1
7,39,1521,1,1,1,0,7,20,1,1,18,0,1,7,0,0,0,1,0
3,26,676,0,1,0,1,0,19,1,1,22,0,1,0,1,0,0,1,1
3,21,441,0,1,0,1,7,17,1,0,19,0,1,7,0,0,0,1,0
1,29,841,1,1,1,0,18,17,1,1,26,16,1,18,1,0,0,1,0
3,42,1764,1,1,1,0,10,22,1,0,23,12,1,10,0,0,0,0,0
2,28,784,0,1,0,0,14,24,1,1,23,14,1,14,0,1,0,1,0
2,25,625,0,1,0,0,12,15,1,1,14,12,1,12,0,1,0,0,0
1,21,441,0,1,0,0,12,20,1,1,19,12,1,12,1,0,0,1,0
4,38,1444,0,1,0,1,5,19,1,1,21,0,1,5,1,0,0,1,0
3,24,576,0,1,0,0,7,16,1,1,16,10,1,7,1,0,0,0,0
3,40,1600,0,1,0,0,15,23,1,1,21,15,1,15,1,0,0,0,0
1,26,676,0,1,0,0,4,15,1,1,15,7,1,4,0,0,1,1,0
3,37,1369,0,1,1,0,10,28,1,1,22,2,1,10,0,0,1,0,0
5,44,1936,0,1,0,0,7,23,1,0,27,0,1,7,1,0,0,1,0
6,48,2304,0,1,0,0,4,19,1,1,22,6,1,4,1,0,0,0,0
2,22,484,0,0,0,0,7,19,1,0,19,3,1,7,0,1,0,0,0
2,25,625,0,1,0,0,7,21,1,1,20,7,1,7,1,0,0,0,0
1,21,441,0,0,0,0,7,16,1,1,20,0,1,7,0,0,0,0,0
7,48,2304,0,1,0,0,6,14,1,1,29,4,1,6,0,0,1,1,0
4,38,1444,0,0,0,0,4,18,1,1,18,10,1,4,0,0,1,0,0
8,41,1681,0,1,1,1,0,20,1,1,17,0,1,0,1,0,0,0,1
4,26,676,0,1,0,0,2,17,1,0,22,3,1,2,0,0,1,0,0
3,30,900,0,1,0,0,5,19,1,1,24,9,1,5,0,1,0,1,0
4,28,784,0,1,1,0,7,17,1,0,17,7,1,7,0,0,1,0,0
9,40,1600,0,1,0,1,5,18,1,1,23,0,1,5,0,0,1,1,0
2,21,441,0,1,0,1,7,17,1,0,19,10,1,7,1,0,0,0,0
5,40,1600,0,1,0,1,10,17,1,1,34,7,1,10,0,1,0,0,0
2,23,529,0,0,0,0,10,18,1,1,22,12,1,10,1,0,0,0,0
6,39,1521,0,1,0,0,7,21,1,1,32,7,1,7,0,0,1,1,0
4,37,1369,0,1,0,0,10,24,1,1,33,10,1,10,0,1,0,1,0
8,45,2025,0,1,1,0,0,14,1,0,30,0,1,0,0,1,0,1,1
4,30,900,0,1,0,0,0,17,1,0,16,0,1,0,1,0,0,1,1
11,48,2304,0,1,0,0,0,22,1,1,21,0,1,0,1,0,0,1,1
1,20,400,0,1,0,0,7,19,1,1,18,7,1,7,1,0,0,1,0
2,22,484,0,1,0,0,10,19,1,1,19,7,1,10,1,0,0,1,0
6,36,1296,0,1,0,0,1,21,1,1,20,4,1,1,1,0,0,0,0
6,40,1600,0,1,0,1,4,18,1,1,17,0,1,4,1,0,0,0,0
7,46,2116,0,1,0,0,6,20,1,1,19,10,1,6,0,1,0,1,0
7,41,1681,0,1,0,0,0,20,1,0,20,0,1,0,1,0,0,1,1
4,28,784,0,1,0,0,7,16,1,1,19,10,1,7,0,1,0,1,0
6,47,2209,0,1,0,0,2,20,1,1,33,2,1,2,1,0,0,1,0
3,22,484,0,1,0,0,7,18,1,1,17,7,1,7,1,0,0,1,0
1,33,1089,0,1,0,0,0,22,1,0,21,5,1,0,1,0,0,1,1
2,27,729,0,1,0,1,7,20,1,1,22,4,1,7,1,0,0,1,0
1,25,625,0,1,0,0,3,17,1,0,16,4,1,3,0,0,0,0,0
4,26,676,0,0,0,0,0,17,1,1,19,7,1,0,1,0,0,1,1
5,35,1225,0,1,0,1,5,18,1,1,16,10,1,5,1,0,0,0,0
5,33,1089,0,0,0,0,0,21,1,1,27,0,1,0,0,0,0,1,1
1,47,2209,0,0,0,0,0,18,1,0,25,6,1,0,0,0,0,1,1
1,27,729,0,1,0,0,0,19,1,0,19,0,1,0,1,0,0,1,1
3,33,1089,0,1,0,0,7,20,1,1,19,10,1,7,0,0,0,0,0
7,49,2401,0,1,0,0,6,19,1,1,23,4,1,6,1,0,0,0,0
5,32,1024,0,1,0,0,0,17,1,1,21,0,1,0,0,0,0,1,1
3,29,841,0,1,0,0,6,18,1,1,19,5,1,6,1,0,0,1,0
4,30,900,0,1,1,0,7,16,1,1,16,7,1,7,1,0,0,0,0
6,31,961,0,0,0,0,4,18,1,1,20,0,1,4,1,0,0,1,0
5,41,1681,0,1,0,0,4,22,1,0,29,7,1,4,1,0,0,1,0
5,36,1296,0,1,0,0,0,26,1,0,28,0,1,0,1,0,0,1,1
4,47,2209,0,1,0,0,10,25,1,1,23,14,1,10,0,0,1,0,0
2,23,529,0,1,0,0,7,18,1,1,22,0,1,7,0,1,0,0,0
3,27,729,0,1,0,0,0,19,1,1,25,7,1,0,0,0,0,1,1
2,30,900,0,1,0,1,0,22,1,1,26,7,1,0,1,0,0,0,1
1,22,484,0,0,0,0,10,21,1,1,17,7,1,10,1,0,0,1,0
1,27,729,0,1,0,0,7,22,1,1,19,12,1,7,0,0,0,0,0
2,19,361,0,0,0,0,0,17,1,1,19,0,1,0,0,0,1,1,1
4,31,961,0,0,0,0,0,15,1,1,26,0,1,0,1,0,0,1,1
4,33,1089,0,1,0,0,3,20,1,1,12,0,1,3,0,0,0,1,0
1,23,529,1,0,0,0,7,18,1,1,18,12,1,7,0,0,0,0,0
4,31,961,1,1,0,0,10,18,1,1,20,13,1,10,0,1,0,0,0
2,25,625,1,1,1,0,10,16,1,0,15,12,1,10,0,0,0,1,0
5,38,1444,1,1,0,0,10,16,1,1,15,14,1,10,1,0,0,1,0
3,40,1600,1,1,1,1,12,25,1,1,21,15,1,12,0,0,1,0,0
3,33,1089,1,1,0,0,6,21,1,1,22,10,1,6,0,1,0,1,0
6,35,1225,1,1,1,1,11,18,1,1,18,14,1,11,0,1,0,1,0
1,22,484,1,1,1,0,12,21,1,1,17,15,1,12,0,0,1,0,0
4,33,1089,1,1,1,0,10,20,1,1,19,10,1,10,1,0,0,1,0
3,31,961,1,1,1,1,12,22,1,1,16,15,1,12,0,1,0,0,0
2,43,1849,1,1,1,1,9,26,1,1,23,7,1,9,0,1,0,1,0
4,48,2304,1,1,1,1,8,24,1,1,18,12,1,8,0,1,0,1,0
2,34,1156,1,1,1,1,12,20,1,1,18,17,1,12,0,0,0,1,0
2,28,784,1,1,0,0,15,20,1,1,16,12,1,15,0,0,0,0,0
5,28,784,0,1,0,0,7,19,1,1,20,10,1,7,1,0,0,1,0
4,31,961,1,0,0,1,8,18,1,1,23,0,1,8,0,1,0,1,0
8,38,1444,0,1,0,0,0,18,1,0,18,7,1,0,0,1,0,0,1
2,22,484,1,1,1,0,7,17,1,1,16,11,1,7,1,0,0,0,0
5,38,1444,1,1,0,0,6,22,1,1,16,0,1,6,1,0,0,0,0
7,38,1444,1,1,1,1,10,22,1,1,24,15,1,10,0,1,0,1,0
4,33,1089,0,1,0,1,2,22,1,1,23,6,1,2,0,1,0,0,0
8,40,1600,1,0,0,1,0,17,1,1,19,4,1,0,1,0,0,1,1
5,34,1156,1,0,0,0,7,16,1,1,22,5,1,7,1,0,0,1,0
5,39,1521,1,1,0,0,0,17,1,0,26,4,1,0,0,0,0,1,1
4,39,1521,1,1,0,1,7,16,1,0,14,4,1,7,1,0,0,1,0
2,23,529,1,1,0,1,8,18,1,1,19,12,1,8,1,0,0,0,0
6,39,1521,1,1,1,1,8,19,1,1,17,12,1,8,1,0,0,1,0
8,38,1444,1,1,0,0,6,17,1,1,18,7,1,6,0,1,0,1,0
2,26,676,1,1,1,1,10,20,1,1,21,12,1,10,0,0,0,1,0
4,35,1225,1,1,0,1,9,16,1,1,24,7,1,9,1,0,0,1,0
3,28,784,1,1,0,0,5,18,1,1,16,7,1,5,1,0,0,1,0
3,28,784,1,0,0,0,3,20,1,1,17,0,1,3,0,0,1,1,0
4,35,1225,0,1,0,0,4,18,1,1,16,0,1,4,0,0,1,1,0
5,32,1024,0,1,0,1,4,18,1,1,17,5,1,4,0,0,0,1,0
1,19,361,0,1,0,1,7,17,1,1,17,7,1,7,0,0,1,1,0
2,28,784,0,0,0,0,0,15,1,0,14,0,1,0,1,0,0,1,1
9,46,2116,0,1,0,0,4,24,1,1,35,2,1,4,1,0,0,0,0
2,34,1156,0,1,0,0,5,20,1,1,21,10,1,5,1,0,0,0,0
8,41,1681,0,1,0,0,2,17,1,1,14,4,1,2,1,0,0,1,0
3,35,1225,0,0,0,0,0,23,1,1,23,4,1,0,0,1,0,1,1
7,36,1296,0,0,0,0,5,17,1,1,18,7,1,5,0,1,0,1,0
8,37,1369,0,0,0,0,4,18,1,0,22,0,1,4,0,0,0,0,0
4,33,1089,0,1,0,0,3,18,1,1,24,0,1,3,0,1,0,1,0
1,25,625,0,1,0,0,7,20,1,1,19,7,1,7,0,0,0,0,0
2,26,676,0,1,0,0,7,19,1,1,19,7,1,7,1,0,0,1,0
6,32,1024,1,1,0,1,3,17,1,1,18,7,1,3,1,0,0,1,0
4,24,576,0,1,0,1,7,17,1,1,15,0,1,7,0,0,1,0,0
4,33,1089,1,1,0,1,6,20,1,1,19,7,1,6,1,0,0,1,0
2,32,1024,1,1,0,0,0,19,1,1,13,0,1,0,0,1,0,1,1
1,37,1369,1,1,0,0,8,23,1,0,24,10,1,8,0,1,0,0,0
4,29,841,1,1,0,0,7,18,1,1,23,0,1,7,0,0,0,0,0
1,27,729,1,0,0,0,6,17,1,1,17,7,1,6,1,0,0,0,0
1,21,441,0,1,0,0,7,17,1,1,18,0,1,7,1,0,0,0,0
3,32,1024,1,1,0,1,5,19,1,1,23,6,1,5,0,0,0,1,0
4,30,900,1,1,0,1,3,17,1,1,16,0,1,3,0,0,0,0,0
5,38,1444,1,1,0,0,5,17,1,1,17,0,1,5,0,1,0,1,0
3,32,1024,1,1,0,1,7,18,1,1,17,7,1,7,0,1,0,1,0
4,28,784,1,1,0,0,7,17,1,0,15,5,1,7,0,1,0,1,0
3,30,900,1,1,0,1,2,22,1,1,23,0,1,2,0,1,0,1,0
2,25,625,1,1,0,0,7,19,1,1,18,7,1,7,0,0,0,0,0
6,37,1369,0,1,0,1,7,17,1,1,17,0,1,7,1,0,0,1,0
5,31,961,0,0,0,0,3,16,1,1,16,0,1,3,1,0,0,1,0
1,20,400,0,1,0,0,1,19,1,0,19,7,1,1,1,0,0,1,0
4,26,676,0,1,1,1,0,15,1,1,14,0,1,0,0,0,0,1,1
5,36,1296,0,0,0,0,0,19,1,1,19,10,1,0,0,1,0,1,1
1,32,1024,0,0,0,0,0,18,1,0,17,10,1,0,0,1,0,0,1
1,23,529,0,0,0,0,9,22,1,1,22,10,1,9,0,1,0,1,0
1,27,729,0,1,0,1,10,20,1,1,25,12,1,10,0,1,0,1,0
4,35,1225,0,1,1,1,9,21,1,1,21,6,1,9,0,0,0,0,0
3,26,676,0,1,0,0,7,17,1,1,16,9,1,7,1,0,0,1,0
9,47,2209,0,0,0,0,2,20,1,1,18,5,1,2,0,1,0,0,0
5,42,1764,0,1,0,0,4,21,1,0,19,2,1,4,1,0,0,1,0
1,20,400,0,1,0,1,0,18,1,1,14,15,1,0,1,0,0,0,1
5,29,841,0,1,0,1,0,20,1,1,20,0,1,0,0,0,0,0,1
2,25,625,0,0,0,1,9,18,1,1,21,10,1,9,1,0,0,0,0
3,31,961,0,1,0,0,0,20,1,1,18,3,1,0,0,1,0,1,1
1,23,529,0,1,0,0,5,18,1,0,17,0,1,5,0,0,0,1,0
5,30,900,0,0,0,1,0,18,1,1,30,3,1,0,0,0,0,1,1
2,31,961,0,0,0,0,0,17,1,1,15,0,1,0,0,0,0,1,1
4,32,1024,0,0,0,1,0,14,1,0,20,3,1,0,1,0,0,1,1
6,29,841,0,0,0,0,7,20,1,1,20,14,1,7,1,0,0,0,0
6,36,1296,0,1,0,0,0,17,1,1,26,3,1,0,0,0,0,0,1
4,36,1296,0,1,0,0,7,20,1,1,18,4,1,7,1,0,0,1,0
4,27,729,0,0,0,0,5,17,1,1,16,6,1,5,0,0,0,0,0
6,36,1296,0,1,0,0,0,18,1,1,17,7,1,0,1,0,0,1,1
1,20,400,0,1,0,0,7,18,1,1,16,10,1,7,0,0,0,1,0
5,39,1521,0,0,0,0,4,24,1,1,25,8,1,4,1,0,0,1,0
1,21,441,0,1,0,0,7,20,1,1,18,7,1,7,1,0,0,1,0
4,35,1225,0,1,0,0,5,20,1,1,27,3,1,5,1,0,0,1,0
3,29,841,0,1,0,1,7,21,1,1,18,7,1,7,0,0,0,1,0
3,28,784,0,1,0,1,7,16,1,1,15,0,1,7,0,1,0,1,0
1,22,484,0,1,0,0,7,15,1,1,14,9,1,7,0,0,0,0,0
1,27,729,0,0,0,0,10,20,1,1,17,7,1,10,1,0,0,0,0
4,28,784,0,0,0,0,0,17,1,1,15,7,1,0,1,0,0,1,1
3,29,841,0,1,0,0,10,21,1,1,20,12,1,10,1,0,0,0,0
3,34,1156,0,1,0,0,7,18,1,1,17,7,1,7,1,0,0,1,0
6,35,1225,0,1,0,0,0,18,1,1,16,7,1,0,1,0,0,0,1
1,22,484,0,0,0,0,7,19,1,1,21,7,1,7,0,1,0,1,0
2,26,676,0,1,0,1,13,18,1,1,16,7,1,13,0,0,0,1,0
1,22,484,0,0,0,0,11,18,1,1,19,10,1,11,0,0,1,0,0
1,24,576,0,1,0,0,6,17,1,0,24,7,1,6,1,0,0,0,0
4,37,1369,0,0,0,1,0,17,1,1,32,0,1,0,0,0,1,1,1
2,26,676,0,1,0,1,0,20,1,1,21,4,1,0,0,0,0,1,1
3,26,676,0,1,0,1,7,18,1,1,20,10,1,7,0,1,0,1,0
9,43,1849,0,1,0,1,2,20,1,1,24,0,1,2,0,1,0,1,0
2,24,576,0,1,1,1,7,20,1,1,16,7,1,7,1,0,0,1,0
2,26,676,0,0,0,0,7,19,1,1,17,2,1,7,0,0,0,1,0
3,25,625,0,1,0,0,7,17,1,1,17,0,1,7,0,0,0,1,0
2,23,529,0,1,0,1,4,19,1,0,19,0,1,4,1,0,0,1,0
2,21,441,0,1,0,1,6,18,1,1,18,7,1,6,1,0,0,1,0
8,33,1089,1,0,0,0,1,16,1,1,17,3,1,1,1,0,0,1,0
1,24,576,0,1,0,1,0,15,1,0,20,4,1,0,0,1,0,1,1
2,25,625,0,0,0,1,5,16,1,1,22,0,1,5,1,0,0,0,0
4,28,784,0,1,0,0,0,20,1,0,20,7,1,0,0,0,0,1,1
6,35,1225,0,1,0,0,0,17,1,0,15,0,1,0,0,1,0,0,1
1,23,529,0,1,0,0,0,19,1,0,20,6,1,0,0,0,0,0,1
3,26,676,0,0,0,1,7,19,1,0,16,6,1,7,0,0,0,1,0
8,42,1764,0,1,0,1,0,18,1,0,16,0,1,0,1,0,0,1,1
1,18,324,1,1,1,0,7,18,1,1,13,7,1,7,0,0,0,1,0
2,26,676,0,1,0,0,7,13,1,1,19,0,1,7,1,0,0,1,0
5,39,1521,0,1,0,1,6,19,1,1,33,7,1,6,1,0,0,1,0
3,25,625,0,1,0,1,5,18,1,1,17,5,1,5,1,0,0,0,0
3,28,784,0,0,0,0,5,22,1,1,20,5,1,5,0,0,0,0,0
4,34,1156,0,1,0,0,0,14,1,1,19,7,1,0,1,0,0,0,1
2,23,529,0,1,0,0,10,18,1,0,19,7,1,10,1,0,0,1,0
2,25,625,0,1,0,0,7,19,1,0,23,7,1,7,1,0,0,1,0
4,32,1024,0,1,0,0,0,21,1,0,27,5,1,0,1,0,0,1,1
4,30,900,1,1,0,1,0,19,1,1,18,0,1,0,0,0,0,0,1
2,23,529,1,1,0,1,2,16,1,1,17,7,1,2,1,0,0,1,0
6,30,900,1,1,0,0,7,18,1,1,16,3,1,7,0,0,0,1,0
3,23,529,1,1,0,0,10,16,1,1,14,10,1,10,1,0,0,0,0
1,35,1225,1,1,0,1,0,17,1,1,16,0,1,0,0,1,0,1,1
3,32,1024,1,1,0,0,4,19,1,1,20,7,1,4,1,0,0,1,0
3,28,784,1,0,0,0,6,18,1,1,18,3,1,6,0,1,0,1,0
7,35,1225,1,0,0,0,5,20,1,1,16,0,1,5,0,0,0,0,0
1,32,1024,1,1,1,1,12,27,1,1,22,10,1,12,0,1,0,1,0
5,42,1764,1,1,0,1,6,21,1,1,20,0,1,6,1,0,0,1,0
7,31,961,1,1,0,0,6,15,1,1,15,0,1,6,1,0,0,1,0
3,26,676,1,1,0,0,7,17,1,1,25,10,1,7,1,0,0,1,0
5,43,1849,1,0,0,0,5,16,1,1,16,6,1,5,1,0,0,1,0
4,44,1936,1,1,1,0,7,20,1,1,28,12,1,7,0,0,1,0,0
4,30,900,1,1,0,0,6,16,1,1,25,10,1,6,0,1,0,1,0
6,37,1369,1,1,0,1,2,19,1,1,18,0,1,2,1,0,0,0,0
2,26,676,1,1,1,1,12,21,1,1,20,11,1,12,0,1,0,0,0
4,30,900,1,1,1,1,10,17,1,1,16,11,1,10,0,0,1,0,0
5,28,784,0,1,0,0,7,17,1,0,15,7,1,7,1,0,0,0,0
4,34,1156,1,1,1,1,7,23,1,1,30,15,1,7,0,0,1,0,0
2,29,841,1,1,1,0,11,21,1,1,21,10,1,11,0,0,1,0,0
1,23,529,1,1,1,1,10,15,1,1,19,11,1,10,0,1,0,0,0
2,30,900,1,1,1,1,9,20,1,1,21,12,1,9,1,0,0,1,0
1,32,1024,1,0,1,0,6,26,1,1,29,12,1,6,0,0,0,1,0
2,22,484,1,1,0,0,10,19,1,1,18,12,1,10,0,0,0,0,0
3,27,729,1,1,1,0,7,17,1,1,24,7,1,7,0,0,1,1,0
1,23,529,1,0,0,0,10,22,1,1,21,10,1,10,1,0,0,0,0
1,19,361,1,1,0,1,7,17,1,1,16,0,1,7,1,0,0,1,0
2,30,900,1,1,1,0,15,22,1,1,27,16,1,15,0,0,1,1,0
3,39,1521,1,0,0,0,5,26,1,0,27,7,1,5,0,1,0,0,0
4,29,841,1,0,0,0,3,17,1,1,16,7,1,3,1,0,0,0,0
3,28,784,1,1,1,1,0,19,1,1,14,10,1,0,1,0,0,1,1
2,23,529,1,1,0,0,7,20,1,0,15,7,1,7,1,0,0,1,0
7,39,1521,1,1,0,0,4,17,1,1,15,0,1,4,1,0,0,1,0
6,34,1156,1,1,0,0,4,18,1,0,20,0,1,4,0,0,0,0,0
8,29,841,1,1,0,0,0,11,1,1,17,7,1,0,0,0,0,0,1
6,31,961,1,1,1,1,7,19,1,1,27,7,1,7,0,0,0,0,0
7,34,1156,1,1,1,0,3,19,1,0,20,8,1,3,0,1,0,1,0
3,25,625,0,1,0,0,0,14,1,1,13,1,1,0,1,0,0,0,1
4,34,1156,1,1,0,0,5,19,1,1,21,7,1,5,0,0,1,0,0
2,27,729,1,1,0,1,2,18,1,0,18,7,1,2,1,0,0,1,0
5,30,900,1,1,0,0,5,16,1,1,15,7,1,5,1,0,0,0,0
2,25,625,1,1,1,1,10,18,1,1,20,10,1,10,1,0,0,0,0
2,22,484,1,1,0,0,7,19,1,0,17,0,1,7,1,0,0,1,0
2,24,576,1,1,0,0,7,17,1,1,19,7,1,7,1,0,0,1,0
5,34,1156,1,1,0,0,5,16,1,1,19,6,1,5,0,0,0,0,0
2,30,900,1,1,1,0,10,22,1,1,20,10,1,10,1,0,0,0,0
3,28,784,1,1,0,0,3,18,1,1,16,0,1,3,1,0,0,0,0
1,25,625,0,1,0,0,7,18,1,1,23,6,1,7,0,1,0,1,0
4,36,1296,0,0,0,0,0,19,1,0,17,7,1,0,0,1,0,0,1
5,36,1296,0,1,0,0,6,21,1,1,22,7,1,6,0,1,0,1,0
2,22,484,1,0,0,0,7,16,1,1,14,0,1,7,0,1,0,0,0
3,20,400,0,1,0,0,3,16,1,1,20,4,1,3,0,1,0,0,0
5,34,1156,0,0,0,0,0,20,1,1,20,7,1,0,0,1,0,0,1
5,32,1024,0,1,0,0,0,18,1,0,18,0,1,0,0,0,1,1,1
3,36,1296,0,0,0,0,7,23,1,1,20,10,1,7,0,1,0,1,0
6,34,1156,0,0,0,0,0,18,1,0,16,0,1,0,0,1,0,0,1
3,28,784,0,1,0,0,7,19,1,1,20,9,1,7,0,0,0,1,0
6,30,900,0,1,0,0,0,16,1,1,28,4,1,0,0,1,0,1,1
8,42,1764,0,0,0,0,6,22,1,1,29,4,1,6,0,1,0,0,0
5,31,961,0,1,0,0,6,17,1,1,20,7,1,6,0,1,0,0,0
4,28,784,0,0,0,0,0,16,1,1,16,0,1,0,1,0,0,1,1
1,27,729,0,1,0,0,10,27,1,0,20,0,1,10,0,1,0,1,0
2,31,961,0,1,0,0,4,21,1,0,24,0,1,4,0,0,0,0,0
6,36,1296,0,0,0,0,5,17,1,1,17,10,1,5,1,0,0,1,0
3,29,841,0,1,0,0,8,18,1,1,14,7,1,8,0,1,0,1,0
5,35,1225,0,1,0,0,0,19,1,1,18,0,1,0,0,0,0,1,1
4,33,1089,0,1,1,0,10,19,1,1,18,0,1,10,0,1,0,1,0
2,30,900,0,1,0,0,7,18,1,1,17,0,1,7,1,0,0,0,0
3,40,1600,0,1,0,0,10,28,1,1,24,0,0,0,0,1,0,0,0
3,28,784,0,1,0,1,0,20,1,1,13,6,0,0,0,1,0,0,1
6,48,2304,0,1,1,0,9,20,1,1,44,4,0,0,0,1,0,1,0
1,28,784,0,1,0,0,7,16,1,0,17,9,0,0,1,0,0,0,0
4,28,784,0,1,0,0,7,18,1,1,17,0,0,0,0,1,0,1,0
1,28,784,0,0,0,0,0,10,1,0,10,0,0,0,0,0,0,0,1
3,25,625,0,1,0,0,7,20,1,0,21,10,0,0,0,1,0,0,0
5,27,729,0,1,0,0,7,17,1,0,18,0,0,0,0,1,0,1,0
2,19,361,0,1,0,1,6,17,1,0,16,7,0,0,1,0,0,1,0
4,27,729,0,1,0,0,7,17,1,0,19,7,0,0,0,0,0,0,0
5,33,1089,0,1,0,1,6,22,1,1,20,6,0,0,1,0,0,1,0
4,31,961,0,1,0,1,8,19,1,1,24,7,0,0,1,0,0,0,0
5,30,900,0,1,0,0,2,17,1,1,17,0,0,0,1,0,0,0,0
4,29,841,0,1,0,1,6,18,1,1,16,0,0,0,0,1,0,0,0
3,43,1849,0,1,0,1,0,26,1,0,24,0,0,0,0,1,0,1,1
3,25,625,0,1,0,0,7,17,1,1,16,7,0,0,0,1,0,1,0
2,40,1600,0,1,0,1,5,19,0,0,23,2,0,0,0,0,0,0,0
6,39,1521,0,0,0,0,5,20,1,0,19,0,0,0,0,1,0,1,0
1,28,784,0,1,0,0,4,25,1,0,27,0,0,0,0,1,0,0,0
1,25,625,0,1,0,0,7,25,1,0,22,7,0,0,1,0,0,1,0
3,30,900,0,1,0,0,7,19,1,1,18,7,0,0,0,0,0,0,0
1,49,2401,0,1,0,0,4,24,0,0,21,7,0,0,0,1,0,0,0
7,33,1089,0,0,0,0,0,15,1,1,22,2,0,0,1,0,0,0,1
9,40,1600,0,0,0,0,8,20,1,0,20,0,0,0,0,1,0,0,0
5,30,900,0,1,0,0,2,16,1,1,16,0,0,0,0,1,0,1,0
9,41,1681,0,0,0,0,7,20,1,0,19,3,0,0,0,1,0,1,0
6,38,1444,0,1,0,1,6,19,1,0,16,0,0,0,0,0,0,0,0
8,35,1225,0,1,0,1,7,14,1,1,15,0,0,0,0,0,0,1,0
5,28,784,0,0,0,0,0,18,1,1,18,0,0,0,0,0,0,1,1
4,26,676,0,1,0,0,3,17,1,1,15,0,0,0,1,0,0,1,0
10,40,1600,0,1,0,1,2,17,1,1,16,0,0,0,0,1,0,0,0
3,28,784,0,0,0,0,0,17,1,1,17,7,0,0,0,1,0,1,1
3,24,576,0,1,0,0,7,19,1,1,21,0,0,0,0,1,0,0,0
4,29,841,0,0,0,0,0,17,1,1,17,0,0,0,0,0,0,0,1
4,26,676,0,0,0,0,3,17,1,1,20,0,0,0,0,1,0,1,0
5,32,1024,0,1,0,0,5,20,1,1,18,0,0,0,0,0,1,1,0
4,29,841,0,1,0,0,0,17,1,1,16,5,0,0,1,0,0,1,1
7,46,2116,0,1,0,0,4,16,1,0,16,0,0,0,0,1,0,1,0
4,48,2304,0,0,0,0,2,18,0,0,15,0,0,0,0,0,1,1,0
2,24,576,0,0,0,0,6,17,1,1,12,0,0,0,1,0,0,1,0
4,33,1089,0,1,0,0,7,22,1,1,19,0,0,0,0,1,0,0,0
3,26,676,0,1,0,0,6,17,1,1,13,0,0,0,1,0,0,0,0
4,24,576,0,1,0,0,7,16,1,1,14,10,0,0,1,0,0,0,0
5,45,2025,0,1,0,0,3,19,0,0,17,0,0,0,1,0,0,1,0
5,38,1444,1,0,0,0,5,20,1,1,18,0,0,0,1,0,0,0,0
4,31,961,0,1,0,0,7,18,1,1,18,0,0,0,0,1,0,0,0
1,28,784,0,1,0,0,10,20,1,1,19,10,0,0,0,0,0,0,0
3,32,1024,0,1,0,0,12,17,1,1,24,10,0,0,0,1,0,1,0
6,36,1296,0,1,0,0,3,17,1,1,14,0,0,0,0,1,0,1,0
2,27,729,0,1,0,0,0,21,1,1,15,0,0,0,0,1,0,0,1
4,33,1089,0,1,0,1,7,18,1,1,28,4,0,0,0,1,0,1,0
3,30,900,0,1,0,1,7,19,1,1,18,3,0,0,0,1,0,0,0
8,41,1681,0,1,0,0,4,18,1,1,21,0,0,0,1,0,0,1,0
3,25,625,0,1,0,1,5,17,1,1,16,0,0,0,1,0,0,0,0
9,43,1849,0,0,0,1,4,19,1,1,17,0,0,0,1,0,0,1,0
3,24,576,0,0,0,1,10,16,1,1,20,12,0,0,0,1,0,1,0
4,27,729,0,1,0,0,7,16,1,1,14,10,0,0,0,0,0,1,0
5,36,1296,0,1,0,1,0,20,1,1,19,5,0,0,1,0,0,1,1
3,32,1024,0,1,0,0,5,15,1,0,20,0,0,0,0,1,0,0,0
12,46,2116,0,0,0,0,0,12,1,0,15,0,0,0,0,1,0,1,1
7,44,1936,0,0,0,0,4,18,1,0,19,1,0,0,0,0,0,1,0
7,40,1600,0,1,0,1,2,22,1,0,21,0,0,0,0,1,0,0,0
3,27,729,0,1,0,0,10,18,1,1,21,10,0,0,1,0,0,0,0
4,32,1024,0,0,0,0,0,18,1,1,16,0,0,0,1,0,0,0,1
3,26,676,0,1,0,0,5,16,1,1,18,0,0,0,1,0,0,1,0
1,32,1024,0,0,0,0,4,25,1,1,18,0,0,0,1,0,0,1,0
6,30,900,0,1,0,1,0,12,1,0,17,0,0,0,0,0,0,0,1
5,36,1296,0,0,0,1,0,22,1,0,23,0,0,0,0,1,0,0,1
4,44,1936,1,1,1,1,10,21,1,1,20,13,0,0,0,1,0,0,0
7,42,1764,0,1,0,0,0,17,1,1,26,1,0,0,1,0,0,0,1
4,27,729,0,1,0,0,7,20,1,1,17,4,0,0,0,0,1,1,0
4,27,729,0,1,0,0,7,20,1,1,17,4,0,0,0,0,1,1,0
1,24,576,0,1,0,0,7,23,1,0,21,7,0,0,1,0,0,0,0
3,49,2401,0,0,0,0,0,30,1,1,27,0,0,0,0,1,0,0,1
7,46,2116,0,1,0,0,5,19,1,0,26,3,0,0,0,1,0,0,0
1,22,484,0,1,1,1,10,18,1,1,21,10,0,0,0,1,0,0,0
9,38,1444,0,1,0,0,3,17,1,1,17,0,0,0,0,0,1,1,0
1,18,324,0,1,0,0,7,17,1,1,16,0,0,0,0,0,1,0,0
8,38,1444,0,1,0,1,0,19,1,1,19,0,0,0,0,1,0,1,1
6,34,1156,0,1,0,1,0,18,1,1,26,0,0,0,1,0,0,0,1
8,40,1600,0,1,0,1,0,19,1,0,20,0,0,0,0,1,0,1,1
9,38,1444,0,1,0,1,7,18,1,0,16,0,0,0,0,1,0,1,0
5,30,900,0,1,0,1,4,19,1,1,19,0,0,0,0,1,0,1,0
9,44,1936,0,1,0,1,0,19,1,1,19,0,0,0,0,0,0,0,1
6,34,1156,0,1,0,1,2,18,1,0,22,3,0,0,0,0,0,1,0
5,28,784,0,1,0,1,0,16,1,1,16,0,0,0,0,1,0,1,1
3,45,2025,0,1,0,0,6,20,0,0,19,3,0,0,0,1,0,0,0
3,47,2209,0,1,0,0,4,19,1,0,21,0,0,0,1,0,0,0,0
2,24,576,0,1,0,0,7,17,1,1,23,0,0,0,1,0,0,1,0
4,33,1089,0,1,0,0,7,19,1,1,26,5,0,0,0,1,0,0,0
2,20,400,0,0,0,1,8,18,1,0,17,0,0,0,1,0,0,1,0
3,46,2116,0,0,0,0,0,35,1,1,34,0,0,0,0,1,0,1,1
6,39,1521,0,0,0,0,0,18,1,0,16,0,0,0,1,0,0,1,1
5,30,900,0,1,0,0,5,16,1,0,14,7,0,0,1,0,0,1,0
10,40,1600,0,1,0,0,3,19,1,1,18,7,0,0,0,0,1,1,0
3,24,576,0,0,0,0,6,17,1,1,13,0,0,0,1,0,0,1,0
5,28,784,0,0,0,0,5,18,1,1,20,0,0,0,0,1,0,1,0
7,34,1156,0,0,0,0,3,17,1,1,17,0,0,0,1,0,0,1,0
2,28,784,0,1,0,1,7,19,1,1,18,0,0,0,1,0,0,0,0
6,44,1936,0,0,0,0,1,24,1,1,25,0,0,0,1,0,0,0,0
8,39,1521,0,0,0,1,4,19,1,1,28,0,0,0,1,0,0,1,0
5,39,1521,0,1,0,0,4,18,1,0,18,0,0,0,1,0,0,0,0
3,47,2209,0,0,0,0,3,29,1,0,39,0,0,0,1,0,0,1,0
7,36,1296,0,0,0,0,0,16,1,1,17,7,0,0,1,0,0,0,1
2,20,400,0,1,0,1,0,15,1,0,11,0,0,0,1,0,0,1,1
1,21,441,0,0,0,1,7,21,1,1,19,0,0,0,1,0,0,1,0
3,35,1225,0,1,1,1,7,23,1,1,20,0,0,0,0,1,0,1,0
4,30,900,0,0,0,1,0,16,1,1,20,0,0,0,0,1,0,0,1
4,25,625,0,0,0,1,2,16,1,0,18,0,0,0,1,0,0,1,0
5,35,1225,0,0,0,0,1,21,1,1,30,0,0,0,0,0,0,1,0
3,25,625,0,0,0,0,7,17,1,1,18,3,0,0,0,1,0,0,0
4,30,900,1,1,1,0,7,19,1,0,17,0,0,0,0,0,1,0,0
6,30,900,0,1,0,0,0,16,0,0,17,0,0,0,1,0,0,1,1
10,48,2304,0,1,0,0,0,18,0,0,16,0,0,0,0,1,0,1,1
1,46,2116,0,1,0,0,0,33,0,0,27,0,0,0,0,0,1,1,1
3,41,1681,0,1,0,0,0,28,0,0,28,0,0,0,0,0,1,1,1
5,29,841,0,1,0,0,0,18,1,1,17,0,0,0,0,0,1,1,1
9,47,2209,0,1,0,1,4,19,1,1,19,4,0,0,0,1,0,1,0
2,21,441,0,1,0,0,7,16,1,0,15,0,0,0,0,0,1,0,0
4,29,841,0,1,0,1,10,21,1,1,18,12,0,0,0,0,1,0,0
6,38,1444,0,1,0,1,5,20,1,1,19,2,0,0,0,0,1,1,0
7,36,1296,0,0,0,0,0,18,1,1,16,0,0,0,0,0,1,1,1
3,34,1156,0,1,0,1,1,17,1,1,23,7,0,0,1,0,0,1,0
8,48,2304,0,0,0,0,6,23,1,1,24,3,1,6,0,0,0,1,0
1,24,576,0,1,0,0,0,16,1,0,24,12,1,0,1,0,0,1,1
5,42,1764,0,0,0,0,0,22,1,0,23,0,1,0,1,0,0,1,1
5,43,1849,0,1,0,0,0,20,1,1,38,7,1,0,0,1,0,1,1
3,34,1156,0,1,0,0,4,20,1,1,20,0,1,4,0,0,1,1,0
1,20,400,0,1,0,1,7,18,1,1,16,7,1,7,0,0,0,0,0
2,26,676,0,1,0,0,10,18,1,1,16,10,1,10,1,0,0,1,0
3,34,1156,0,1,1,1,10,21,1,1,23,4,1,10,0,0,0,0,0
8,41,1681,1,1,0,0,10,22,1,1,28,6,1,10,0,1,0,0,0
1,49,2401,0,1,0,0,4,17,1,0,27,6,1,4,0,1,0,1,0
3,37,1369,0,1,0,0,7,21,1,1,18,10,1,7,0,0,1,1,0
4,37,1369,0,1,0,0,0,20,1,1,21,0,1,0,0,0,0,0,1
1,30,900,1,1,1,0,17,25,1,1,28,15,0,0,0,1,0,0,0
2,39,1521,1,1,1,0,17,26,1,1,15,17,0,0,0,1,0,0,0
3,32,1024,0,1,0,0,10,19,1,1,17,5,0,0,0,1,0,1,0
1,32,1024,0,0,0,0,0,18,1,1,23,0,0,0,0,1,0,1,1
2,40,1600,0,1,0,0,5,18,1,1,30,6,0,0,0,1,0,1,0
9,49,2401,0,1,0,0,5,24,1,1,23,0,0,0,0,0,1,1,0
10,44,1936,0,1,0,0,2,19,1,1,17,0,0,0,0,0,1,1,0
6,45,2025,0,1,0,0,3,17,1,0,18,12,0,0,1,0,0,1,0
6,41,1681,0,1,0,1,2,20,1,1,21,2,0,0,0,0,1,1,0
2,41,1681,0,0,0,0,7,20,1,1,19,7,0,0,1,0,0,1,0
3,26,676,0,0,0,0,0,14,1,1,12,0,0,0,0,0,1,1,1
1,32,1024,0,0,0,0,0,29,1,0,19,0,0,0,1,0,0,0,1
2,46,2116,1,1,0,1,15,21,1,1,21,18,0,0,0,0,0,0,0
1,41,1681,1,1,1,1,15,25,1,1,21,16,0,0,0,0,0,1,0
4,36,1296,1,1,1,1,15,20,1,1,20,16,0,0,0,1,0,0,0
1,29,841,1,1,1,1,16,27,1,1,26,18,0,0,0,0,1,1,0
8,29,841,0,1,0,1,0,16,1,1,15,0,0,0,1,0,0,1,1
5,32,1024,0,1,0,0,9,19,1,1,19,0,0,0,0,1,0,1,0
5,34,1156,0,1,0,1,0,16,1,1,22,0,0,0,0,0,1,0,1
10,39,1521,0,1,0,0,7,19,1,1,20,0,0,0,1,0,0,1,0
4,38,1444,1,1,0,1,12,22,1,1,21,16,0,0,0,1,0,1,0
7,35,1225,0,0,0,0,0,15,1,0,13,3,0,0,0,0,0,1,1
6,49,2401,0,0,0,0,0,30,1,0,18,0,0,0,0,0,0,0,1
8,41,1681,0,1,0,0,10,17,1,1,15,16,0,0,1,0,0,0,0
3,24,576,0,1,0,1,5,15,1,0,19,0,0,0,0,0,0,0,0
5,29,841,0,1,0,1,5,18,1,0,19,0,0,0,1,0,0,0,0
4,28,784,0,1,0,0,9,17,1,1,18,6,0,0,0,1,0,0,0
6,28,784,0,1,0,0,0,14,1,1,12,0,0,0,0,0,0,1,1
3,26,676,0,0,0,0,0,19,1,1,24,0,0,0,1,0,0,1,1
3,32,1024,0,1,0,1,10,20,1,1,23,17,0,0,0,0,0,0,0
5,34,1156,0,1,0,0,2,17,1,1,32,0,0,0,0,0,0,1,0
1,19,361,0,0,0,0,8,17,1,1,19,0,0,0,0,0,0,0,0
6,47,2209,0,1,0,0,1,21,1,0,18,0,0,0,0,1,0,0,0
7,40,1600,0,0,0,0,0,19,1,1,25,0,0,0,0,0,0,1,1
5,33,1089,0,0,0,0,0,20,1,0,19,0,0,0,0,0,0,1,1
4,37,1369,0,0,0,0,7,20,1,1,18,0,0,0,1,0,0,0,0
5,35,1225,0,1,0,0,6,16,1,0,17,0,0,0,0,0,0,1,0
5,45,2025,0,1,0,0,1,23,1,0,30,0,0,0,0,1,0,0,0
3,26,676,0,1,0,0,5,19,1,1,18,0,0,0,0,1,0,0,0
3,29,841,0,0,0,0,0,19,1,1,18,0,0,0,1,0,0,0,1
3,34,1156,1,1,0,1,9,16,1,1,20,10,0,0,0,0,1,0,0
5,38,1444,0,1,0,0,10,23,1,1,23,10,0,0,1,0,0,0,0
3,26,676,0,1,0,0,10,18,1,1,19,0,0,0,1,0,0,0,0
4,28,784,0,0,0,0,6,15,1,1,19,12,0,0,0,1,0,0,0
3,27,729,0,1,0,1,10,16,1,1,14,3,0,0,1,0,0,0,0
2,30,900,0,1,0,1,7,18,1,0,21,12,0,0,1,0,0,0,0
2,46,2116,0,1,0,0,0,21,0,0,33,2,0,0,0,0,0,1,1
2,27,729,0,1,1,0,10,21,1,1,24,10,0,0,0,1,0,1,0
1,48,2304,1,0,0,1,0,30,1,0,32,0,0,0,0,0,1,1,1
3,34,1156,1,1,1,0,0,19,1,1,19,2,0,0,1,0,0,0,1
1,26,676,0,1,0,1,0,15,1,0,21,0,0,0,0,0,1,0,1
1,20,400,0,1,0,1,12,19,1,1,15,10,0,0,0,1,0,0,0
3,26,676,0,1,0,1,10,21,1,1,25,3,0,0,0,1,0,1,0
8,37,1369,0,0,0,1,3,20,1,0,18,0,0,0,1,0,0,1,0
1,22,484,0,1,0,0,10,17,1,1,15,7,0,0,0,1,0,0,0
3,24,576,0,0,0,0,7,19,1,1,21,6,0,0,1,0,0,1,0
1,47,2209,0,1,1,0,7,21,1,0,20,4,0,0,0,1,0,0,0
6,37,1369,0,0,0,0,2,22,1,1,28,0,0,0,0,1,0,1,0
1,20,400,0,0,0,1,12,20,1,1,19,0,0,0,1,0,0,1,0
6,40,1600,0,0,0,0,2,20,1,1,27,0,0,0,0,0,1,1,0
6,41,1681,0,1,0,1,3,22,1,1,21,0,0,0,0,0,1,0,0
1,19,361,0,0,0,0,7,18,1,1,16,0,0,0,0,0,0,1,0
2,24,576,0,1,0,0,3,16,1,1,20,4,0,0,0,0,0,0,0
9,37,1369,0,0,0,0,4,18,1,1,25,0,0,0,0,0,1,1,0
6,31,961,0,1,0,1,6,14,1,1,10,0,0,0,0,0,1,1,0
4,37,1369,0,1,0,0,2,20,1,1,19,0,0,0,0,0,1,0,0
3,28,784,0,1,0,1,0,22,1,1,18,0,0,0,0,0,0,1,1
2,21,441,0,1,0,0,4,19,1,1,20,2,0,0,1,0,0,1,0
4,46,2116,0,0,0,0,4,27,1,0,35,0,0,0,1,0,0,0,0
3,24,576,0,0,0,0,6,17,1,1,19,0,0,0,0,0,0,0,0
3,25,625,0,1,0,0,2,21,1,0,20,0,0,0,1,0,0,1,0
6,30,900,0,0,0,0,7,15,1,1,16,0,0,0,1,0,0,0,0
3,33,1089,0,1,0,0,7,20,1,0,20,0,0,0,1,0,0,0,0
5,38,1444,0,0,0,0,0,21,1,1,25,0,0,0,0,0,0,1,1
2,22,484,0,0,0,0,0,19,1,0,19,0,0,0,0,0,0,1,1
1,29,841,0,0,0,0,7,20,1,0,19,0,0,0,0,1,0,1,0
1,23,529,0,1,0,0,8,18,1,1,15,0,0,0,0,1,0,1,0
4,32,1024,0,0,0,0,0,20,1,0,31,0,0,0,1,0,0,1,1
8,37,1369,0,0,0,0,1,17,1,1,17,0,0,0,1,0,0,0,0
4,27,729,0,1,0,0,0,17,1,1,16,0,0,0,0,0,0,0,1
5,34,1156,0,1,0,1,6,20,1,0,19,0,0,0,0,0,1,0,0
7,35,1225,0,0,0,0,3,17,1,1,19,3,0,0,1,0,0,1,0
3,23,529,0,1,0,1,7,17,1,0,16,7,0,0,1,0,0,0,0
3,34,1156,0,1,0,0,1,19,1,0,21,0,0,0,0,1,0,0,0
5,40,1600,0,1,0,0,6,19,1,0,31,0,0,0,1,0,0,0,0
8,37,1369,0,1,0,1,4,17,1,0,16,0,0,0,0,0,1,0,0
3,41,1681,0,1,0,0,0,18,1,1,19,7,0,0,1,0,0,1,1
8,38,1444,0,1,0,1,0,20,1,0,19,0,0,0,0,1,0,1,1
3,32,1024,0,1,0,0,0,18,1,0,30,0,0,0,0,1,0,1,1
2,29,841,0,1,0,0,6,21,1,1,26,0,0,0,0,0,1,1,0
1,29,841,0,0,0,0,0,20,1,0,26,0,0,0,1,0,0,1,1
5,28,784,0,1,0,0,2,17,1,1,15,0,0,0,1,0,0,0,0
5,43,1849,0,0,0,0,0,31,1,0,29,0,0,0,0,0,0,1,1
6,36,1296,0,0,0,0,0,21,1,0,20,0,0,0,0,0,0,0,1
3,28,784,0,0,0,0,7,20,1,1,25,0,0,0,0,0,1,0,0
6,36,1296,0,1,0,0,7,19,1,0,18,0,0,0,0,0,1,0,0
4,27,729,0,0,0,0,0,17,1,1,23,0,0,0,0,0,0,1,1
4,31,961,0,1,0,0,7,18,1,1,17,0,0,0,1,0,0,1,0
1,33,1089,0,0,0,0,0,19,1,0,17,0,0,0,0,0,0,1,1
3,27,729,0,1,0,0,0,17,1,0,14,0,0,0,0,0,0,0,1
8,34,1156,0,0,0,0,1,18,1,0,17,0,0,0,1,0,0,0,0
3,29,841,0,0,0,0,0,18,1,0,21,0,0,0,0,0,0,0,1
2,28,784,0,1,0,0,0,24,1,0,23,1,0,0,0,0,0,0,1
7,41,1681,0,0,0,0,0,25,1,0,23,0,0,0,1,0,0,0,1
2,47,2209,0,0,0,0,0,23,1,0,20,0,0,0,1,0,0,1,1
4,46,2116,0,0,0,0,0,21,1,0,24,0,0,0,1,0,0,1,1
2,24,576,0,0,0,0,0,20,1,0,17,2,0,0,0,0,0,1,1
9,45,2025,0,0,0,0,0,22,1,0,21,0,0,0,0,0,0,0,1
4,26,676,0,0,0,0,0,16,1,0,17,0,0,0,0,0,0,0,1
7,32,1024,0,0,0,0,0,20,1,0,16,0,0,0,0,0,0,0,1
5,33,1089,0,0,0,0,0,20,1,0,18,0,0,0,1,0,0,0,1
7,44,1936,0,1,0,0,6,22,1,0,21,0,0,0,0,1,0,1,0
1,22,484,0,1,0,0,10,21,1,0,20,6,0,0,0,0,0,0,0
7,34,1156,0,1,0,1,5,18,1,1,19,0,0,0,0,1,0,1,0
6,33,1089,0,1,0,0,3,19,1,0,23,0,0,0,0,1,0,0,0
4,29,841,0,0,0,0,0,16,0,0,15,0,0,0,1,0,0,1,1
3,25,625,0,0,0,1,0,19,0,0,16,0,0,0,1,0,0,1,1
6,36,1296,0,1,0,0,0,22,0,0,21,0,0,0,1,0,0,0,1
4,26,676,0,0,0,0,0,18,1,1,15,0,0,0,0,0,0,0,1
1,19,361,0,0,0,0,7,17,1,0,18,0,0,0,1,0,0,1,0
3,24,576,0,1,0,0,0,15,1,1,12,0,0,0,1,0,0,1,1
4,48,2304,0,0,0,1,0,18,1,0,40,2,0,0,0,1,0,1,1
4,27,729,0,0,0,0,4,15,1,1,13,0,0,0,1,0,0,0,0
1,17,289,0,0,0,0,6,17,1,1,17,6,0,0,1,0,0,0,0
6,38,1444,0,0,0,0,0,15,1,1,24,0,0,0,0,0,0,1,1
2,21,441,0,0,0,0,0,17,1,0,16,0,0,0,0,0,0,0,1
8,40,1600,0,0,0,0,0,18,1,1,17,0,0,0,1,0,0,0,1
3,25,625,0,1,0,0,7,20,1,1,19,0,0,0,0,0,0,0,0
6,33,1089,0,0,0,0,0,12,1,0,10,0,0,0,0,1,0,0,1
5,37,1369,0,1,0,0,6,19,1,1,17,6,0,0,0,1,0,1,0
2,22,484,0,0,0,0,5,19,1,1,18,0,0,0,0,1,0,1,0
3,27,729,0,1,0,0,0,16,1,1,14,0,0,0,1,0,0,0,1
4,49,2401,0,0,0,0,0,38,1,1,26,6,0,0,0,0,0,0,1
3,28,784,0,0,0,0,0,19,1,0,18,10,0,0,0,0,0,0,1
3,24,576,0,0,0,0,6,20,1,0,19,0,0,0,0,0,0,1,0
8,47,2209,0,1,0,1,1,22,1,0,21,0,0,0,0,1,0,0,0
5,35,1225,0,0,0,0,0,22,1,0,31,0,0,0,0,0,0,0,1
1,27,729,0,0,0,0,0,21,1,0,19,0,0,0,0,0,0,0,1
8,36,1296,0,0,0,0,0,18,1,0,19,0,0,0,1,0,0,0,1
7,35,1225,0,0,0,0,0,19,1,1,22,0,0,0,0,0,0,0,1
6,30,900,0,0,0,0,0,18,1,1,18,0,0,0,0,0,0,0,1
10,48,2304,0,0,0,0,0,21,1,0,37,0,0,0,0,0,0,1,1
6,34,1156,0,1,0,1,4,19,1,1,22,0,0,0,0,0,0,1,0
8,40,1600,0,0,0,0,4,19,1,0,28,0,0,0,0,0,0,1,0
4,27,729,0,1,0,1,5,18,1,0,22,0,0,0,0,0,0,1,0
9,43,1849,0,1,0,1,1,20,1,0,30,0,0,0,0,0,0,1,0
8,43,1849,0,0,0,1,3,19,1,1,18,0,0,0,0,1,0,1,0
7,38,1444,0,1,0,1,3,19,1,1,32,0,0,0,0,0,1,0,0
9,43,1849,0,1,0,1,4,16,1,0,21,7,0,0,0,1,0,0,0
5,30,900,0,1,0,0,7,18,1,1,19,0,0,0,0,0,1,1,0
6,33,1089,0,1,0,1,0,17,1,1,24,0,0,0,1,0,0,0,1
3,29,841,0,0,0,1,0,20,1,0,19,0,0,0,1,0,0,1,1
5,36,1296,0,0,0,0,0,19,1,1,17,0,0,0,1,0,0,0,1
6,33,1089,0,1,0,1,0,20,1,0,19,0,0,0,0,0,1,1,1
8,36,1296,0,0,0,1,0,16,1,1,18,0,0,0,1,0,0,1,1
5,29,841,0,1,0,1,5,17,1,1,26,7,0,0,0,0,0,0,0
6,36,1296,0,1,0,1,3,20,1,1,19,0,0,0,0,1,0,1,0
7,35,1225,0,0,0,0,2,16,1,0,15,4,0,0,0,0,1,0,0
1,19,361,0,0,0,0,7,19,1,1,18,2,0,0,0,0,1,1,0
1,23,529,0,1,0,1,7,19,1,0,19,0,0,0,0,0,0,1,0
3,29,841,0,0,0,1,5,19,1,0,17,0,0,0,1,0,0,1,0
1,25,625,0,1,0,1,6,21,1,0,19,0,0,0,0,0,0,1,0
5,35,1225,0,1,0,0,0,23,1,0,21,0,0,0,0,0,0,0,1
6,34,1156,0,0,0,0,0,18,1,0,18,0,0,0,1,0,0,1,1
9,39,1521,0,1,0,1,0,17,1,1,21,0,0,0,1,0,0,0,1
1,23,529,0,1,0,1,7,18,1,1,22,6,0,0,0,0,0,1,0
2,34,1156,1,1,1,0,12,20,1,1,19,20,0,0,0,0,0,1,0
5,34,1156,0,1,0,0,5,17,1,1,20,0,0,0,0,0,1,1,0
4,47,2209,0,1,0,0,10,26,1,0,25,15,0,0,0,1,0,1,0
2,40,1600,0,0,0,0,4,18,1,1,29,0,0,0,1,0,0,1,0
1,31,961,0,0,0,0,9,26,1,0,30,7,0,0,0,1,0,0,0
1,45,2025,0,0,0,0,6,26,1,0,25,4,0,0,0,1,0,1,0
6,35,1225,0,0,0,0,0,18,1,1,22,7,0,0,0,0,0,0,1
11,40,1600,0,1,0,1,0,18,1,1,16,0,0,0,1,0,0,0,1
8,41,1681,0,1,0,1,0,19,1,0,25,0,0,0,0,0,0,0,1
4,26,676,0,1,0,1,0,17,1,1,16,7,0,0,1,0,0,1,1
9,48,2304,0,1,0,0,0,20,1,0,23,0,0,0,1,0,0,1,1
4,45,2025,0,1,0,0,12,29,1,1,28,10,0,0,1,0,0,0,0
10,38,1444,0,1,0,0,0,18,1,1,19,0,0,0,1,0,0,0,1
5,38,1444,0,1,0,0,7,21,1,1,23,5,0,0,0,1,0,0,0
1,22,484,0,0,0,1,0,21,1,0,19,9,0,0,1,0,0,1,1
1,25,625,0,1,0,1,10,24,1,1,22,5,0,0,0,0,1,0,0
2,42,1764,0,1,0,0,6,19,1,0,15,9,0,0,1,0,0,0,0
5,38,1444,0,1,0,1,7,17,1,0,15,0,0,0,1,0,0,0,0
8,45,2025,0,0,0,0,5,21,1,1,31,0,0,0,0,1,0,1,0
5,32,1024,0,1,0,0,8,19,1,1,23,7,0,0,0,0,1,1,0
10,41,1681,0,0,0,0,0,18,1,1,20,0,0,0,0,0,0,1,1
7,33,1089,0,0,0,0,0,15,1,0,15,0,0,0,0,0,0,0,1
4,27,729,0,1,0,0,0,18,1,1,21,0,0,0,1,0,0,1,1
6,31,961,0,1,0,0,0,18,1,1,24,7,0,0,1,0,0,1,1
6,42,1764,0,1,0,0,7,19,1,1,19,0,0,0,1,0,0,0,0
8,39,1521,0,1,0,0,3,20,1,0,22,0,0,0,0,0,0,0,0
6,43,1849,0,1,0,0,1,16,1,0,22,0,0,0,1,0,0,0,0
2,27,729,0,0,0,1,5,21,1,1,19,0,0,0,1,0,0,1,0
7,36,1296,0,1,0,0,2,16,1,1,18,6,0,0,1,0,0,0,0
2,25,625,0,0,0,0,7,19,1,1,23,7,0,0,1,0,0,0,0
10,48,2304,0,1,0,0,4,20,1,0,30,0,0,0,0,0,0,1,0
5,38,1444,0,1,0,0,10,25,1,1,30,11,0,0,0,1,0,1,0
5,31,961,0,1,0,0,0,18,1,1,26,3,0,0,1,0,0,1,1
2,37,1369,0,1,0,0,4,24,1,1,22,5,0,0,0,1,0,1,0
2,23,529,0,1,0,0,10,16,1,1,18,10,0,0,0,1,0,0,0
4,27,729,0,1,0,0,0,17,0,0,13,0,0,0,0,0,0,0,1
6,39,1521,0,1,0,0,7,23,1,1,25,9,0,0,0,0,0,0,0
2,26,676,0,1,0,0,5,18,1,1,17,4,0,0,1,0,0,1,0
6,35,1225,0,1,0,0,7,19,1,0,26,7,0,0,1,0,0,1,0
6,45,2025,0,0,0,0,4,18,1,0,28,0,0,0,0,1,0,0,0
3,30,900,0,1,0,0,7,19,1,1,17,0,0,0,0,1,0,1,0
7,47,2209,0,1,0,0,0,21,1,0,21,0,0,0,1,0,0,1,1
8,39,1521,0,1,0,0,2,19,1,1,20,0,0,0,1,0,0,1,0
4,38,1444,0,1,0,1,7,20,1,1,22,10,0,0,0,0,0,0,0
2,47,2209,0,1,0,0,0,17,1,0,35,0,0,0,0,0,0,0,1
3,32,1024,0,1,0,1,7,18,1,1,20,7,0,0,1,0,0,1,0
4,26,676,0,1,0,1,0,18,1,1,21,0,0,0,0,0,0,1,1
1,33,1089,0,0,0,0,0,22,1,1,29,7,1,0,1,0,0,1,1
3,32,1024,0,1,0,0,7,16,1,1,16,6,1,7,0,0,1,0,0
4,36,1296,0,1,0,0,6,20,1,1,26,12,1,6,0,0,1,1,0
2,34,1156,0,0,1,0,10,22,1,1,19,11,1,10,0,0,1,0,0
9,48,2304,0,0,0,0,0,21,1,0,32,0,1,0,0,0,0,1,1
7,39,1521,0,0,0,0,0,18,1,0,17,0,1,0,0,0,0,1,1
8,36,1296,0,0,0,0,0,20,1,0,17,6,1,0,0,0,0,1,1
2,35,1225,1,1,0,0,18,32,1,1,31,15,1,18,0,0,0,0,0
2,29,841,1,1,0,0,12,16,1,1,26,12,1,12,1,0,0,1,0
6,38,1444,0,0,0,1,2,17,1,1,19,7,1,2,1,0,0,1,0
7,39,1521,0,1,0,1,6,20,1,1,28,7,1,6,1,0,0,0,0
3,26,676,0,0,0,1,7,17,1,1,19,0,1,7,1,0,0,1,0
7,32,1024,0,1,0,0,7,16,1,1,13,7,1,7,0,0,1,1,0
6,38,1444,0,0,0,0,6,22,1,1,25,0,1,6,0,0,0,1,0
2,28,784,0,1,0,0,4,22,1,1,26,9,1,4,0,1,0,1,0
2,25,625,0,0,0,0,0,17,1,0,22,1,1,0,0,0,0,1,1
3,28,784,0,0,0,0,7,18,1,1,18,0,1,7,0,0,0,1,0
7,31,961,0,1,0,1,4,18,1,1,25,6,1,4,0,0,0,1,0
8,44,1936,0,0,0,0,5,19,1,1,27,6,1,5,0,1,0,1,0
4,25,625,0,1,0,0,6,16,1,1,13,7,1,6,0,0,0,0,0
8,38,1444,0,1,0,0,1,17,1,1,24,2,1,1,1,0,0,1,0
2,22,484,0,0,0,1,7,17,1,0,16,0,1,7,1,0,0,0,0
3,32,1024,0,1,1,0,12,17,1,1,23,10,1,12,0,0,1,0,0
5,32,1024,0,1,0,0,10,18,1,1,16,0,1,10,0,0,1,0,0
3,28,784,0,1,0,0,7,20,1,1,24,0,1,7,0,0,1,0,0
1,28,784,0,0,0,0,7,21,1,1,19,7,1,7,1,0,0,0,0
2,27,729,1,1,0,1,7,21,1,1,21,10,1,7,0,0,1,0,0
5,32,1024,1,1,0,0,7,20,1,1,21,10,1,7,0,0,0,0,0
6,40,1600,0,1,0,0,12,18,1,1,24,10,1,12,1,0,0,1,0
2,26,676,1,1,1,0,11,20,1,1,19,18,1,11,0,1,0,0,0
1,30,900,1,1,1,0,7,21,1,0,15,10,1,7,1,0,0,0,0
5,39,1521,0,0,0,0,0,20,1,1,32,7,1,0,1,0,0,1,1
3,48,2304,0,0,0,0,0,21,1,0,19,4,1,0,1,0,0,1,1
4,33,1089,0,0,0,0,10,19,1,1,17,7,1,10,1,0,0,0,0
3,22,484,0,1,0,1,7,18,1,1,15,7,1,7,1,0,0,1,0
2,23,529,0,1,0,0,10,17,1,1,15,10,1,10,0,1,0,1,0
1,24,576,0,1,0,0,10,18,1,0,23,10,1,10,1,0,0,0,0
2,29,841,0,1,0,1,7,22,1,1,24,7,1,7,1,0,0,1,0
2,28,784,0,1,0,0,10,19,1,1,18,5,1,10,1,0,0,0,0
4,33,1089,1,1,1,0,10,16,1,0,14,12,1,10,0,0,0,0,0
4,31,961,1,1,1,1,10,19,1,0,18,10,1,10,1,0,0,0,0
2,34,1156,1,1,1,1,14,29,1,1,24,15,1,14,0,1,0,1,0
4,37,1369,1,1,1,1,15,28,1,1,36,15,1,15,0,0,0,1,0
3,34,1156,1,0,1,0,9,15,1,1,28,19,1,9,1,0,0,1,0
4,24,576,0,1,0,0,0,16,1,1,13,0,0,0,1,0,0,1,1
2,24,576,0,1,0,1,0,19,1,1,21,0,0,0,1,0,0,0,1
1,43,1849,1,0,0,0,6,29,1,0,25,7,0,0,1,0,0,0,0
1,25,625,0,1,0,0,5,20,1,0,18,7,0,0,1,0,0,1,0
4,29,841,0,0,0,1,3,20,1,0,24,2,0,0,1,0,0,1,0
2,28,784,0,1,0,1,10,20,1,1,25,12,0,0,1,0,0,1,0
4,31,961,0,1,0,0,10,20,1,1,26,6,0,0,1,0,0,0,0
3,29,841,0,1,0,1,6,20,1,1,26,7,0,0,1,0,0,1,0
2,25,625,0,1,0,1,7,19,1,1,24,7,0,0,1,0,0,1,0
7,33,1089,0,1,0,1,0,18,1,1,20,3,0,0,1,0,0,1,1
6,45,2025,0,0,0,0,6,21,1,1,23,4,0,0,1,0,0,0,0
4,34,1156,0,1,0,0,5,18,1,1,19,10,0,0,0,0,1,0,0
5,40,1600,0,1,0,0,7,22,1,1,32,4,0,0,1,0,0,1,0
8,37,1369,0,1,0,0,12,18,1,1,19,10,0,0,1,0,0,0,0
8,39,1521,0,0,0,0,4,19,1,1,18,5,0,0,1,0,0,1,0
3,29,841,0,0,0,0,3,20,1,1,23,7,0,0,1,0,0,1,0
11,48,2304,0,0,0,0,0,19,1,1,18,2,0,0,1,0,0,1,1
5,28,784,0,0,0,0,0,16,1,0,20,0,0,0,0,0,0,0,1
12,40,1600,0,1,0,1,0,17,1,0,18,5,0,0,1,0,0,0,1
2,23,529,0,1,0,1,7,19,1,1,18,1,0,0,1,0,0,0,0
7,45,2025,0,1,0,1,9,18,1,1,32,0,0,0,1,0,0,1,0
3,25,625,0,1,0,1,7,16,1,1,14,7,0,0,1,0,0,1,0
5,35,1225,0,0,0,0,0,19,1,0,32,0,0,0,1,0,0,1,1
7,36,1296,0,1,0,1,5,16,1,0,26,0,0,0,1,0,0,1,0
4,33,1089,1,0,0,0,0,19,1,0,16,0,0,0,1,0,0,1,1
3,24,576,0,1,0,1,0,17,1,0,19,6,0,0,0,0,0,1,1
3,27,729,0,1,0,1,0,16,1,0,11,8,0,0,0,0,0,1,1
6,38,1444,0,0,0,0,0,19,1,1,20,0,0,0,1,0,0,1,1
4,29,841,0,1,0,1,0,16,1,1,24,0,0,0,1,0,0,1,1
7,35,1225,0,0,0,0,1,13,1,1,30,7,0,0,0,1,0,1,0
6,39,1521,0,1,0,1,0,19,1,1,19,6,0,0,0,0,0,0,1
1,41,1681,0,1,0,0,4,21,1,0,18,0,0,0,1,0,0,1,0
5,35,1225,0,1,0,1,0,18,1,1,29,6,0,0,1,0,0,0,1
4,36,1296,0,1,0,0,6,21,1,1,22,5,0,0,1,0,0,0,0
9,42,1764,0,0,0,0,1,21,1,0,27,2,0,0,0,0,0,1,0
6,37,1369,0,0,0,0,4,19,1,0,18,1,0,0,0,0,0,1,0
9,38,1444,0,1,0,0,7,21,1,0,29,0,0,0,1,0,0,1,0
4,30,900,0,1,0,0,5,19,1,1,26,7,0,0,1,0,0,0,0
3,25,625,0,1,0,0,7,19,1,1,16,7,0,0,1,0,0,0,0
8,32,1024,0,0,0,0,0,17,1,0,20,0,0,0,0,0,0,1,1
9,44,1936,0,0,0,0,0,21,1,0,20,0,0,0,0,0,0,1,1
2,36,1296,0,0,0,0,0,26,0,0,32,0,0,0,0,0,0,1,1
3,38,1444,0,0,0,0,0,24,1,0,27,0,0,0,0,0,0,0,1
1,29,841,0,0,0,0,0,26,1,0,26,0,0,0,0,0,0,1,1
3,34,1156,0,1,0,0,0,26,0,0,23,0,0,0,0,0,0,1,1
1,23,529,0,1,0,0,0,23,1,0,21,0,0,0,0,0,0,1,1
4,28,784,0,0,0,0,0,18,0,0,25,0,0,0,0,0,0,1,1
2,24,576,0,0,0,0,0,21,1,1,19,0,0,0,0,0,0,1,1
11,46,2116,0,0,0,0,0,22,0,0,44,0,0,0,0,0,0,1,1
6,41,1681,0,1,0,0,4,16,1,1,19,6,0,0,1,0,0,1,0
1,38,1444,0,1,0,0,3,17,1,0,15,1,0,0,0,0,0,0,0
7,35,1225,0,0,0,0,1,17,1,1,18,0,0,0,1,0,0,1,0
1,19,361,0,1,0,1,7,18,1,0,16,7,0,0,0,0,0,0,0
6,48,2304,0,0,0,0,2,19,1,0,20,1,0,0,1,0,0,1,0
1,30,900,0,1,0,1,5,16,1,0,19,3,0,0,0,0,0,1,0
2,32,1024,0,0,0,0,0,19,1,0,21,0,0,0,1,0,0,1,1
5,32,1024,0,1,0,1,0,18,1,0,24,3,0,0,1,0,0,0,1
3,26,676,0,1,0,1,6,18,1,0,17,0,0,0,1,0,0,1,0
4,26,676,0,1,0,1,7,17,1,1,19,0,0,0,1,0,0,0,0
6,42,1764,0,1,0,1,0,20,1,1,27,0,0,0,0,1,0,0,1
6,33,1089,0,1,0,1,7,17,1,1,17,4,0,0,1,0,0,1,0
4,38,1444,0,1,0,0,10,19,1,0,18,7,0,0,1,0,0,0,0
7,43,1849,0,0,0,0,5,19,1,1,19,0,0,0,1,0,0,1,0
8,48,2304,0,1,0,1,3,21,1,1,26,0,0,0,1,0,0,1,0
2,27,729,0,1,0,0,10,20,1,1,21,10,0,0,1,0,0,1,0
10,40,1600,0,1,0,1,0,18,1,0,27,0,0,0,0,0,0,1,1
5,31,961,0,0,0,0,7,17,1,1,18,0,0,0,1,0,0,1,0
5,31,961,0,1,0,0,5,16,1,1,18,6,0,0,1,0,0,0,0
3,30,900,0,1,0,1,7,21,1,1,21,6,0,0,1,0,0,1,0
3,27,729,0,0,0,0,4,19,1,1,21,5,0,0,0,1,0,0,0
2,26,676,0,1,0,0,12,20,1,1,22,14,0,0,1,0,0,1,0
2,30,900,0,1,0,0,12,24,1,1,29,9,0,0,0,1,0,1,0
6,36,1296,0,1,0,0,12,21,1,1,20,12,0,0,1,0,0,0,0
5,28,784,0,1,0,1,4,15,1,1,16,7,0,0,1,0,0,1,0
8,46,2116,0,0,0,0,4,19,1,1,24,0,0,0,1,0,0,1,0
5,34,1156,0,0,0,1,1,20,1,1,19,7,0,0,1,0,0,1,0
8,42,1764,0,1,0,1,4,19,1,1,19,5,0,0,1,0,0,0,0
8,41,1681,0,1,0,0,7,20,1,1,29,6,0,0,0,0,0,1,0
4,28,784,0,0,0,0,7,18,1,1,23,7,0,0,0,0,0,1,0
4,34,1156,0,0,0,0,4,26,1,1,23,7,0,0,1,0,0,0,0
4,32,1024,0,1,0,1,7,18,1,1,29,7,0,0,0,0,0,1,0
6,35,1225,0,0,0,0,7,15,1,1,20,6,0,0,0,0,1,0,0
5,48,2304,0,0,0,0,4,24,1,1,24,0,0,0,0,1,0,1,0
6,37,1369,0,0,0,0,0,19,1,0,18,0,0,0,0,0,0,1,1
4,44,1936,0,1,0,1,3,18,1,1,31,2,0,0,0,0,1,1,0
4,29,841,0,1,0,0,7,18,1,1,19,7,0,0,1,0,0,1,0
10,44,1936,0,1,0,1,6,18,1,1,19,0,0,0,0,1,0,1,0
6,35,1225,0,1,0,0,7,18,1,1,17,4,0,0,0,0,0,1,0
8,41,1681,0,1,0,1,0,16,1,1,35,10,0,0,0,1,0,1,1
3,33,1089,0,1,0,1,4,21,1,1,18,10,0,0,0,0,0,1,0
2,38,1444,0,0,0,0,0,16,1,0,29,0,0,0,1,0,0,1,1
2,28,784,0,1,0,1,10,21,1,1,25,7,0,0,0,0,0,1,0
3,30,900,0,1,0,0,7,15,1,1,20,10,0,0,1,0,0,0,0
5,34,1156,0,1,0,1,7,20,1,1,20,10,0,0,0,0,1,1,0
2,32,1024,0,1,0,1,12,23,1,1,23,10,0,0,0,1,0,0,0
5,37,1369,0,1,0,0,9,20,1,1,21,5,0,0,1,0,0,1,0
5,32,1024,0,1,0,1,7,18,1,1,15,7,0,0,1,0,0,0,0
6,47,2209,0,0,0,1,0,20,1,0,39,0,0,0,1,0,0,0,1
2,27,729,0,1,0,0,7,21,1,1,22,7,0,0,1,0,0,1,0
5,37,1369,0,1,0,0,7,24,1,1,30,7,0,0,1,0,0,0,0
9,49,2401,0,0,0,0,0,20,1,0,15,0,0,0,1,0,0,1,1
2,28,784,0,1,0,1,4,22,1,0,26,7,0,0,0,0,0,1,0
4,28,784,0,1,0,1,9,18,1,1,21,11,0,0,0,1,0,0,0
5,29,841,0,1,0,1,7,18,1,1,23,0,0,0,0,0,0,1,0
4,27,729,0,1,0,1,6,19,1,1,20,0,0,0,0,1,0,1,0
5,31,961,0,1,0,0,6,17,1,1,24,10,0,0,0,1,0,1,0
2,24,576,0,1,0,0,7,19,1,0,22,7,0,0,1,0,0,1,0
4,46,2116,0,1,0,0,5,17,1,1,37,4,0,0,1,0,0,0,0
7,42,1764,0,0,0,0,6,15,1,1,13,0,0,0,0,1,0,0,0
3,31,961,0,0,0,0,0,19,0,0,23,7,0,0,0,0,0,1,1
9,38,1444,0,1,0,1,7,19,1,1,20,0,0,0,1,0,0,1,0
3,27,729,0,1,0,1,6,17,1,1,19,0,0,0,0,1,0,1,0
3,37,1369,0,0,0,0,0,22,1,1,35,0,0,0,1,0,0,1,1
4,31,961,0,1,0,0,6,20,1,1,23,7,0,0,1,0,0,1,0
7,42,1764,0,1,0,0,4,16,1,1,24,6,0,0,0,0,1,1,0
4,35,1225,0,1,0,0,0,17,1,1,31,7,0,0,1,0,0,0,1
8,44,1936,0,0,0,0,4,19,1,1,16,1,0,0,0,0,0,1,0
1,26,676,0,1,0,0,12,23,1,1,23,12,0,0,1,0,0,1,0
1,25,625,0,1,0,0,10,22,1,1,21,12,0,0,0,0,1,1,0
6,35,1225,0,1,0,0,9,20,1,1,32,12,0,0,0,1,0,1,0
2,22,484,0,0,0,0,7,17,1,1,13,3,0,0,0,0,0,0,0
6,38,1444,0,0,0,0,3,17,1,1,23,2,0,0,1,0,0,0,0
9,44,1936,0,0,0,0,4,19,1,0,36,4,0,0,1,0,0,1,0
1,19,361,0,1,0,0,7,18,1,1,17,7,0,0,1,0,0,1,0
9,36,1296,0,1,0,1,2,19,1,1,18,0,0,0,1,0,0,0,0
6,37,1369,0,0,0,1,0,18,1,1,22,0,0,0,1,0,0,1,1
8,37,1369,0,1,0,1,7,19,1,1,27,0,0,0,0,1,0,0,0
4,29,841,0,1,0,1,10,19,1,1,19,7,0,0,1,0,0,0,0
6,27,729,0,1,0,1,0,13,1,0,21,7,0,0,1,0,0,1,1
3,29,841,0,1,0,0,0,16,1,1,14,0,0,0,1,0,0,0,1
3,23,529,0,1,0,1,6,17,1,0,18,0,0,0,0,0,0,1,0
4,29,841,0,1,0,0,7,17,1,1,16,5,0,0,0,1,0,1,0
2,32,1024,0,1,0,0,6,20,1,1,30,5,0,0,1,0,0,1,0
6,38,1444,0,1,0,0,0,18,1,0,32,0,0,0,1,0,0,1,1
13,45,2025,0,0,0,0,0,18,1,0,27,0,0,0,0,1,0,0,1
4,30,900,0,1,0,0,0,19,1,1,16,0,0,0,0,1,0,1,1
3,33,1089,0,1,0,1,7,21,1,1,32,0,0,0,1,0,0,1,0
7,48,2304,0,0,0,0,0,20,1,0,23,0,0,0,0,0,0,0,1
5,35,1225,0,1,0,0,0,21,1,0,19,0,0,0,0,0,0,1,1
6,37,1369,0,1,0,1,7,18,1,1,16,0,0,0,0,1,0,1,0
6,44,1936,0,1,0,1,3,20,1,1,28,7,0,0,1,0,0,0,0
6,31,961,0,1,0,0,0,17,1,1,24,0,0,0,0,0,0,0,1
5,40,1600,0,1,0,1,14,20,1,1,26,15,0,0,0,1,0,1,0
5,29,841,0,1,0,1,7,18,1,0,17,7,0,0,0,0,1,0,0
6,33,1089,0,0,0,0,7,18,1,1,25,0,0,0,0,0,0,1,0
6,41,1681,0,1,0,1,7,21,1,1,25,6,0,0,0,1,0,0,0
1,23,529,0,1,0,1,7,21,1,1,22,0,0,0,1,0,0,1,0
3,43,1849,0,1,0,0,0,14,1,0,13,0,0,0,0,1,0,0,1
5,28,784,0,0,0,0,0,17,1,0,18,0,0,0,0,0,0,1,1
2,22,484,0,1,0,1,7,18,1,1,21,5,0,0,1,0,0,1,0
5,29,841,0,1,0,1,0,17,1,0,20,0,0,0,1,0,0,0,1
5,33,1089,0,0,0,0,0,17,1,1,19,0,0,0,0,0,0,0,1
5,30,900,0,1,0,1,0,17,1,1,16,0,0,0,0,0,0,1,1
1,31,961,0,0,0,0,0,18,1,0,21,0,0,0,1,0,0,0,1
6,38,1444,0,1,0,0,6,19,1,1,20,0,0,0,1,0,0,1,0
8,36,1296,0,0,0,1,0,17,1,0,16,0,0,0,1,0,0,0,1
5,28,784,0,1,0,1,2,18,1,1,17,0,0,0,1,0,0,0,0
5,28,784,0,1,0,1,0,16,1,1,22,5,0,0,1,0,0,1,1
4,38,1444,0,1,0,0,3,17,1,1,22,7,0,0,1,0,0,0,0
7,35,1225,0,1,0,0,7,18,1,1,23,0,0,0,1,0,0,0,0
9,49,2401,0,0,0,0,1,16,1,0,23,0,0,0,1,0,0,0,0
5,35,1225,0,1,0,0,0,17,1,1,31,0,0,0,1,0,0,0,1
5,32,1024,0,0,0,1,4,18,1,1,17,6,0,0,0,1,0,1,0
11,41,1681,0,0,0,1,0,16,1,0,31,7,0,0,1,0,0,1,1
4,47,2209,0,0,0,1,0,18,1,0,20,0,0,0,0,0,0,1,1
3,34,1156,0,1,0,1,0,23,1,0,21,7,0,0,0,0,0,1,1
7,36,1296,0,0,0,0,0,16,1,1,15,4,0,0,1,0,0,1,1
6,36,1296,0,1,0,0,5,17,1,1,16,0,0,0,1,0,0,0,0
2,21,441,0,1,0,0,10,17,1,1,19,12,0,0,1,0,0,0,0
10,41,1681,0,1,0,0,2,15,1,1,14,4,0,0,0,0,0,0,0
8,37,1369,0,1,0,0,0,19,1,1,24,4,0,0,1,0,0,1,1
3,26,676,0,1,0,0,0,16,1,1,23,2,0,0,1,0,0,1,1
7,44,1936,0,0,0,1,1,17,1,1,16,0,0,0,0,0,0,1,0
5,39,1521,0,0,0,0,3,23,1,1,31,0,0,0,1,0,0,1,0
2,25,625,0,0,0,1,0,17,1,1,21,5,0,0,0,0,0,1,1
12,44,1936,0,1,0,1,0,18,1,0,21,0,0,0,0,1,0,0,1
11,45,2025,0,1,0,1,0,18,1,1,20,3,0,0,1,0,0,1,1
5,40,1600,0,1,0,0,4,21,1,0,27,0,0,0,0,0,0,0,0
5,30,900,0,1,0,0,5,15,1,1,27,0,0,0,0,1,0,0,0
8,36,1296,0,0,0,0,0,15,0,0,17,0,0,0,0,0,0,0,1
1,27,729,0,1,0,1,0,15,1,0,26,7,0,0,0,0,0,1,1
5,33,1089,0,1,0,1,0,16,1,1,26,0,0,0,1,0,0,1,1
4,41,1681,0,1,0,1,0,30,1,1,31,0,0,0,0,0,0,1,1
4,26,676,0,1,0,1,0,18,1,0,20,0,0,0,1,0,0,1,1
7,32,1024,0,1,0,0,0,17,1,1,29,3,0,0,0,0,0,0,1
9,38,1444,0,0,0,1,1,15,1,1,33,0,0,0,1,0,0,1,0
4,29,841,0,1,0,0,0,18,1,1,20,0,0,0,1,0,0,1,1
8,39,1521,0,1,0,0,0,20,1,1,20,0,0,0,1,0,0,0,1
2,26,676,0,1,0,1,0,19,1,1,18,10,0,0,0,0,0,1,1
10,38,1444,0,1,0,1,0,18,1,1,22,0,0,0,0,0,0,1,1
3,43,1849,0,1,0,1,1,15,1,0,15,6,0,0,0,1,0,0,0
11,44,1936,0,1,0,1,0,17,0,0,15,3,0,0,1,0,0,1,1
3,25,625,0,0,0,1,0,19,1,1,17,0,0,0,0,0,0,0,1
8,35,1225,0,0,0,0,3,17,1,1,15,0,0,0,1,0,0,0,0
1,20,400,0,1,0,0,0,19,1,0,15,10,0,0,0,1,0,1,1
4,31,961,0,1,0,1,7,18,1,1,18,10,0,0,0,0,1,0,0
9,42,1764,0,1,0,1,4,18,1,0,17,1,0,0,0,0,1,1,0
4,34,1156,1,1,0,1,8,18,1,1,20,7,0,0,0,0,1,0,0
2,47,2209,0,1,0,0,3,29,1,0,19,6,0,0,1,0,0,1,0
7,32,1024,0,0,0,0,4,17,1,0,17,0,0,0,0,1,0,1,0
4,36,1296,0,1,0,1,9,18,1,1,21,10,0,0,0,0,0,1,0
10,42,1764,0,1,0,1,3,18,1,0,18,4,0,0,0,1,0,1,0
9,46,2116,0,0,0,0,2,20,1,0,22,3,0,0,1,0,0,1,0
1,18,324,0,0,0,0,7,18,1,0,16,7,0,0,1,0,0,0,0
1,18,324,0,0,0,0,7,17,1,1,15,5,0,0,1,0,0,1,0
5,47,2209,0,1,0,1,10,29,1,1,29,10,0,0,0,1,0,0,0
5,30,900,0,1,0,0,7,19,1,0,17,8,0,0,1,0,0,0,0
6,34,1156,0,0,0,0,6,22,1,0,23,2,0,0,0,1,0,1,0
3,32,1024,0,1,0,1,0,29,1,0,23,0,0,0,0,0,0,1,1
6,26,676,0,0,0,0,0,12,1,1,25,7,0,0,1,0,0,1,1
6,35,1225,0,0,0,0,3,17,1,1,18,0,0,0,1,0,0,1,0
2,19,361,0,0,0,1,5,17,1,0,14,0,0,0,1,0,0,1,0
4,28,784,0,0,0,0,0,19,1,1,19,0,0,0,0,1,0,1,1
11,35,1225,0,1,0,0,0,13,1,0,13,0,0,0,0,0,0,1,1
2,22,484,0,1,0,0,0,18,1,0,18,0,0,0,0,0,0,1,1
1,22,484,0,0,0,0,0,18,0,0,21,0,0,0,0,0,0,1,1
2,28,784,0,0,0,1,10,22,1,1,20,6,0,0,0,0,0,1,0
7,31,961,0,0,0,0,0,18,1,1,20,7,0,0,0,1,0,1,1
4,30,900,0,0,0,0,8,20,1,0,25,0,0,0,1,0,0,0,0
4,26,676,0,1,0,1,8,19,1,0,21,6,0,0,0,0,0,1,0
1,23,529,0,1,0,0,0,19,1,1,17,0,0,0,0,0,0,1,1
3,26,676,0,1,0,0,0,16,1,0,14,0,0,0,0,0,0,1,1
6,31,961,0,0,0,0,0,17,1,1,16,0,0,0,0,0,0,0,1
5,34,1156,0,1,0,0,0,21,0,0,15,6,0,0,0,0,0,1,1
6,33,1089,0,0,0,0,0,21,1,0,17,2,0,0,0,0,0,1,1
5,47,2209,0,0,0,0,0,22,0,0,23,0,0,0,0,0,0,0,1
2,24,576,0,1,0,1,0,18,1,0,16,0,0,0,1,0,0,0,1
3,34,1156,0,1,0,0,0,22,1,0,23,6,0,0,0,0,0,0,1
2,40,1600,0,1,0,0,0,25,0,0,24,0,0,0,1,0,0,1,1
9,48,2304,0,1,0,1,0,27,1,1,30,7,0,0,0,0,0,0,1
9,38,1444,0,0,0,1,0,19,1,0,17,0,0,0,1,0,0,0,1
5,30,900,0,1,0,1,7,17,1,1,15,0,0,0,1,0,0,0,0
4,27,729,0,0,0,0,7,17,1,1,20,0,0,0,1,0,0,0,0
6,29,841,0,1,0,1,0,17,1,1,25,7,0,0,1,0,0,1,1
7,44,1936,0,0,0,1,4,18,1,1,30,3,0,0,0,0,0,1,0
6,31,961,0,1,0,1,7,17,1,1,24,16,0,0,0,1,0,1,0
3,44,1936,0,1,0,0,4,20,1,1,20,1,0,0,1,0,0,1,0
7,44,1936,0,0,0,0,3,17,1,1,15,0,0,0,0,1,0,1,0
4,31,961,0,0,0,1,5,19,1,1,23,3,0,0,1,0,0,1,0
5,35,1225,0,1,0,0,7,21,1,1,20,6,0,0,1,0,0,1,0
6,49,2401,0,0,0,0,0,19,1,0,17,2,0,0,1,0,0,0,1
3,43,1849,0,1,0,1,14,19,1,0,22,12,0,0,0,1,0,0,0
5,46,2116,0,1,0,1,0,24,1,1,26,5,0,0,1,0,0,0,1
6,34,1156,0,0,0,0,3,16,1,1,17,0,0,0,0,1,0,1,0
5,28,784,0,1,0,1,0,16,1,0,19,0,0,0,1,0,0,1,1
4,33,1089,0,0,0,0,7,18,1,1,16,0,0,0,1,0,0,0,0
6,38,1444,0,1,0,1,3,18,1,1,17,1,0,0,1,0,0,1,0
7,47,2209,0,1,0,0,3,21,1,1,37,0,0,0,0,1,0,1,0
6,36,1296,0,1,0,0,7,20,1,1,28,4,0,0,1,0,0,1,0
6,46,2116,0,1,0,0,4,22,1,0,26,2,0,0,0,0,0,0,0
4,34,1156,0,0,0,0,7,21,1,0,20,0,0,0,0,1,0,0,0
3,25,625,0,1,0,1,7,17,1,1,20,5,0,0,0,0,0,0,0
3,28,784,0,1,0,1,7,18,1,1,16,7,0,0,0,0,0,0,0
2,22,484,0,1,0,1,0,19,1,1,18,9,0,0,0,1,0,0,1
6,34,1156,0,0,0,0,1,20,1,0,33,0,0,0,1,0,0,1,0
6,34,1156,0,1,0,0,4,17,1,1,15,0,0,0,1,0,0,0,0
4,33,1089,0,1,0,0,0,19,1,1,24,3,0,0,1,0,0,1,1
4,32,1024,0,0,0,0,4,22,1,1,30,7,0,0,1,0,0,0,0
8,38,1444,0,0,0,0,0,18,1,0,21,6,0,0,1,0,0,0,1
1,25,625,0,1,0,0,7,24,1,1,22,7,0,0,0,0,0,1,0
1,27,729,0,0,0,0,6,19,1,0,18,3,0,0,1,0,0,1,0
7,36,1296,0,0,0,0,5,22,1,1,20,0,0,0,1,0,0,1,0
6,38,1444,0,0,0,0,0,20,1,1,19,7,0,0,1,0,0,0,1
3,24,576,0,0,0,1,7,18,1,1,19,0,0,0,1,0,0,0,0
4,28,784,0,1,0,0,3,19,1,0,25,0,0,0,1,0,0,1,0
5,31,961,0,0,0,0,0,19,1,1,26,7,0,0,1,0,0,0,1
3,24,576,0,0,0,0,0,15,1,1,21,0,0,0,0,0,0,1,1
6,32,1024,0,1,0,1,6,18,1,1,17,7,0,0,1,0,0,1,0
8,37,1369,0,1,0,1,7,17,1,1,16,6,0,0,0,0,0,0,0
7,31,961,0,1,0,1,0,17,1,0,17,0,0,0,0,0,0,1,1
7,46,2116,0,1,0,1,0,19,1,0,20,3,0,0,0,0,0,1,1
2,21,441,0,1,0,1,6,17,1,1,15,6,0,0,1,0,0,0,0
8,38,1444,0,1,0,1,6,17,1,1,20,2,0,0,0,0,0,0,0
5,34,1156,0,1,0,0,3,20,1,1,22,7,0,0,1,0,0,1,0
5,40,1600,1,1,1,1,10,17,1,1,18,10,0,0,0,0,0,0,0
1,25,625,1,1,0,0,10,23,1,1,24,12,0,0,0,0,0,1,0
2,30,900,1,1,0,0,10,24,1,1,25,15,0,0,0,0,1,0,0
2,28,784,1,1,0,0,10,17,1,1,20,7,0,0,1,0,0,1,0
3,28,784,1,1,0,1,15,21,1,1,22,15,0,0,1,0,0,0,0
1,25,625,1,1,0,0,10,19,1,0,19,14,0,0,0,1,0,1,0
3,28,784,1,1,0,0,10,20,1,1,20,14,0,0,0,0,0,1,0
2,29,841,1,1,0,0,12,22,1,1,20,9,0,0,1,0,0,1,0
5,32,1024,0,1,0,1,2,20,1,0,19,7,0,0,0,0,0,1,0
5,32,1024,0,0,0,1,5,19,1,1,23,7,0,0,1,0,0,0,0
3,29,841,0,1,0,1,9,19,1,0,23,7,0,0,1,0,0,1,0
3,24,576,0,1,0,1,7,19,1,0,17,7,0,0,1,0,0,1,0
6,33,1089,0,1,0,1,4,21,1,0,26,0,0,0,0,1,0,1,0
5,44,1936,0,1,0,0,1,22,1,0,31,2,0,0,0,0,0,1,0
7,35,1225,0,1,0,0,6,21,1,1,18,6,0,0,0,0,0,0,0
2,22,484,0,1,0,1,7,18,1,1,18,7,0,0,1,0,0,1,0
4,26,676,0,1,0,1,6,12,1,1,12,10,0,0,0,1,0,1,0
5,46,2116,0,0,0,0,3,22,1,1,19,6,0,0,0,1,0,1,0
1,31,961,0,1,0,1,0,28,1,0,19,7,0,0,0,0,0,1,1
6,30,900,0,0,0,1,0,13,1,0,13,5,0,0,0,0,0,0,1
5,28,784,0,1,0,0,6,12,1,1,12,7,0,0,1,0,0,0,0
2,22,484,0,1,0,1,3,18,1,0,19,5,0,0,1,0,0,1,0
4,35,1225,0,1,0,0,4,21,1,0,30,1,0,0,1,0,0,1,0
3,30,900,0,1,0,0,4,22,1,1,20,7,0,0,1,0,0,0,0
2,29,841,0,1,0,0,0,20,1,0,18,10,0,0,1,0,0,0,1
2,20,400,0,1,0,0,7,17,1,1,17,10,0,0,1,0,0,0,0
3,41,1681,0,0,0,0,0,21,1,0,20,0,0,0,0,0,0,0,1
4,35,1225,0,1,0,0,7,22,1,1,21,7,0,0,1,0,0,1,0
4,45,2025,0,1,0,1,6,19,1,0,19,4,0,0,0,1,0,0,0
4,39,1521,0,1,0,1,7,21,1,1,34,7,0,0,1,0,0,1,0
2,38,1444,0,1,0,1,4,18,1,0,21,10,0,0,0,0,0,0,0
5,42,1764,0,1,0,1,5,17,1,1,19,9,0,0,0,0,0,1,0
2,28,784,0,1,0,0,7,21,1,1,25,14,0,0,1,0,0,1,0
4,34,1156,0,1,0,1,9,19,1,1,21,14,0,0,0,0,0,1,0
3,28,784,0,0,0,0,0,20,1,1,23,7,0,0,1,0,0,1,1
1,24,576,0,0,0,0,4,19,1,0,18,7,0,0,1,0,0,0,0
1,23,529,0,0,0,0,0,17,1,1,15,0,0,0,1,0,0,1,1
8,41,1681,0,0,0,0,0,20,1,0,13,0,0,0,0,0,0,1,1
5,42,1764,0,1,0,0,6,19,1,0,20,4,0,0,0,0,0,1,0
4,39,1521,0,1,0,0,3,16,1,0,15,6,0,0,1,0,0,1,0
3,29,841,0,1,0,0,8,18,1,1,17,10,0,0,0,0,0,1,0
6,43,1849,0,0,0,0,0,18,1,1,16,0,0,0,0,0,0,0,1
6,34,1156,0,0,0,0,5,21,1,1,18,7,0,0,1,0,0,1,0
2,24,576,0,0,0,0,14,17,1,1,20,10,0,0,0,0,1,1,0
4,28,784,0,0,0,0,7,18,1,1,18,0,0,0,1,0,0,1,0
3,21,441,0,0,0,0,6,16,1,0,16,0,0,0,0,0,0,1,0
5,29,841,0,0,0,0,4,17,1,0,15,0,0,0,1,0,0,0,0
2,31,961,0,1,0,1,10,18,1,1,21,7,0,0,0,1,0,1,0
3,30,900,0,1,0,1,9,20,1,1,21,16,0,0,1,0,0,0,0
10,48,2304,0,1,0,1,1,17,1,1,18,0,0,0,1,0,0,1,0
5,29,841,0,0,0,0,0,19,1,0,27,3,0,0,0,0,0,1,1
4,37,1369,0,0,0,0,0,24,1,0,18,6,0,0,0,0,0,1,1
1,23,529,0,1,0,0,6,15,1,0,18,10,0,0,0,0,0,0,0
6,30,900,0,0,0,0,0,15,1,0,14,7,0,0,0,0,0,0,1
4,33,1089,0,0,0,0,0,18,1,0,18,5,0,0,0,0,0,0,1
2,29,841,0,1,0,0,0,23,1,0,23,0,0,0,0,0,0,1,1
1,20,400,0,0,0,0,0,19,1,0,20,7,0,0,1,0,0,1,1
4,26,676,0,1,0,0,0,14,1,0,13,0,0,0,0,0,0,1,1
6,36,1296,0,0,0,0,0,17,1,0,15,2,0,0,1,0,0,1,1
1,28,784,0,0,0,0,0,24,1,0,22,4,0,0,0,0,0,1,1
3,34,1156,0,1,0,1,7,24,1,0,19,10,0,0,0,1,0,0,0
6,46,2116,0,1,0,0,0,28,1,0,24,2,0,0,1,0,0,1,1
2,24,576,0,1,0,0,4,18,1,0,22,7,0,0,1,0,0,0,0
1,20,400,0,0,0,1,0,17,1,0,20,7,0,0,1,0,0,1,1
3,32,1024,0,0,0,1,0,25,0,0,20,1,0,0,1,0,0,1,1
3,25,625,0,0,0,0,0,20,0,0,17,0,0,0,1,0,0,1,1
2,19,361,0,0,0,0,0,17,1,0,16,0,0,0,1,0,0,1,1
4,36,1296,0,0,0,0,0,17,0,0,16,6,0,0,1,0,0,1,1
2,21,441,0,0,0,0,0,15,0,0,12,0,0,0,1,0,0,1,1
1,17,289,0,0,0,0,0,16,0,0,15,0,0,0,1,0,0,1,1
2,22,484,0,0,0,0,0,15,0,0,15,1,0,0,1,0,0,1,1
1,20,400,0,0,0,0,0,15,1,0,15,0,0,0,1,0,0,0,1
5,48,2304,0,1,0,1,0,19,1,1,25,7,0,0,1,0,0,0,1
5,28,784,0,1,0,0,6,16,1,0,19,7,0,0,1,0,0,0,0
1,29,841,0,1,0,1,0,19,1,0,20,7,0,0,1,0,0,0,1
5,30,900,0,1,0,0,5,17,1,1,18,7,0,0,0,0,0,0,0
2,23,529,0,1,0,0,10,19,1,0,21,2,0,0,0,0,0,0,0
4,33,1089,0,0,0,0,7,19,1,1,27,3,0,0,1,0,0,0,0
5,38,1444,0,1,0,1,10,19,1,0,20,12,0,0,1,0,0,1,0
6,32,1024,1,1,0,0,7,18,1,1,19,7,0,0,1,0,0,1,0
3,30,900,0,1,0,0,0,14,1,1,19,7,0,0,1,0,0,0,1
6,38,1444,0,1,0,0,5,14,1,1,13,0,0,0,1,0,0,0,0
4,25,625,0,1,0,0,7,17,1,0,15,7,0,0,1,0,0,0,0
3,38,1444,0,1,0,0,0,25,1,0,21,6,0,0,1,0,0,1,1
3,25,625,0,1,0,1,7,17,1,1,16,7,0,0,1,0,0,0,0
3,26,676,0,1,0,1,7,21,1,1,23,7,0,0,1,0,0,1,0
8,44,1936,0,0,0,1,3,19,1,0,23,6,0,0,0,1,0,1,0
4,33,1089,0,0,0,0,7,18,1,1,16,6,0,0,1,0,0,1,0
4,34,1156,0,1,0,0,2,17,1,0,13,4,0,0,1,0,0,0,0
4,41,1681,0,0,0,1,7,27,1,0,23,4,0,0,1,0,0,1,0
2,33,1089,0,0,0,0,7,19,1,1,20,4,0,0,1,0,0,0,0
4,26,676,0,0,0,1,3,18,1,1,19,7,0,0,1,0,0,1,0
7,36,1296,0,1,0,1,7,20,1,1,17,5,0,0,1,0,0,1,0
2,38,1444,0,1,0,1,2,29,1,1,21,0,0,0,1,0,0,1,0
7,39,1521,0,1,0,0,5,16,1,1,20,6,0,0,0,1,0,1,0
6,32,1024,0,0,0,1,4,19,1,0,18,7,0,0,1,0,0,1,0
7,32,1024,0,1,0,1,4,16,1,1,18,7,0,0,0,0,0,0,0
1,21,441,0,0,0,0,7,16,1,1,19,0,0,0,1,0,0,0,0
4,25,625,0,1,0,1,6,17,1,1,15,6,0,0,0,0,0,0,0
3,24,576,0,1,0,1,3,18,1,1,17,0,0,0,0,0,0,1,0
5,49,2401,0,1,0,0,3,18,1,0,21,3,0,0,0,1,0,0,0
5,26,676,0,1,0,0,0,15,1,1,15,7,0,0,1,0,0,0,1
3,26,676,0,0,0,0,7,19,1,1,20,7,0,0,1,0,0,1,0
2,22,484,0,0,0,0,7,19,1,1,18,7,0,0,0,0,0,1,0
8,41,1681,0,1,0,1,5,17,1,1,26,0,0,0,0,0,0,0,0
9,35,1225,0,1,0,0,0,19,1,0,20,0,0,0,1,0,0,1,1
3,28,784,0,1,0,1,0,16,1,0,17,0,0,0,0,0,0,1,1
2,27,729,0,1,0,1,0,20,1,0,25,0,0,0,1,0,0,1,1
5,31,961,0,0,0,0,0,16,1,1,29,7,0,0,1,0,0,1,1
2,22,484,0,1,0,0,6,16,1,1,13,10,0,0,1,0,0,0,0
2,21,441,0,0,0,0,5,15,1,1,17,7,0,0,1,0,0,1,0
5,34,1156,0,1,0,0,7,19,1,1,18,7,0,0,1,0,0,1,0
7,34,1156,0,0,0,0,2,18,1,1,24,0,0,0,1,0,0,0,0
8,45,2025,0,1,0,0,4,16,1,0,16,3,0,0,0,1,0,0,0
3,22,484,0,1,0,0,8,15,1,0,21,10,0,0,1,0,0,0,0
5,34,1156,0,1,0,0,1,23,1,1,32,0,0,0,1,0,0,1,0
5,30,900,0,0,0,0,0,21,1,1,20,0,0,0,0,0,0,1,1
1,23,529,0,0,0,0,0,17,1,1,20,7,0,0,1,0,0,0,1
4,32,1024,0,1,0,0,0,15,1,1,20,0,0,0,1,0,0,0,1
2,23,529,1,0,0,0,7,20,1,0,22,7,0,0,0,0,0,0,0
2,25,625,0,1,0,0,7,19,1,1,20,7,0,0,1,0,0,1,0
1,39,1521,0,1,0,0,0,32,1,0,17,0,0,0,1,0,0,1,1
3,31,961,0,1,0,0,7,17,1,1,16,7,0,0,0,0,0,0,0
7,36,1296,0,1,0,0,10,20,1,1,20,10,0,0,0,1,0,0,0
5,42,1764,0,0,0,0,3,18,1,0,25,6,0,0,1,0,0,0,0
5,49,2401,0,1,0,0,5,22,1,1,21,6,0,0,0,1,0,1,0
1,22,484,0,1,0,0,10,21,1,1,19,12,0,0,1,0,0,1,0
3,30,900,0,1,0,0,0,22,1,1,16,4,0,0,0,1,0,1,1
2,31,961,0,1,0,0,8,18,1,1,18,7,0,0,0,0,1,1,0
5,29,841,0,1,0,0,0,18,1,1,17,7,0,0,0,1,0,1,1
4,32,1024,0,1,0,0,7,21,1,1,15,7,0,0,1,0,0,1,0
2,24,576,0,1,0,0,9,19,1,1,18,10,0,0,1,0,0,1,0
4,32,1024,0,1,0,0,7,17,1,1,17,3,0,0,0,0,0,1,0
2,29,841,0,1,0,0,7,16,1,0,16,10,0,0,0,0,1,0,0
3,25,625,0,1,0,0,0,18,1,0,23,6,0,0,0,0,1,1,1
5,30,900,0,1,0,0,7,16,1,1,18,12,0,0,1,0,0,1,0
7,49,2401,0,1,0,0,0,30,1,1,30,0,0,0,0,0,1,1,1
8,31,961,0,0,0,0,4,16,1,1,17,0,0,0,1,0,0,1,0
2,47,2209,0,0,0,0,0,22,1,0,21,0,0,0,0,0,0,1,1
10,44,1936,0,1,0,0,0,17,1,1,16,0,0,0,1,0,0,1,1
8,38,1444,0,1,0,0,1,18,1,1,17,0,0,0,0,1,0,1,0
4,34,1156,0,1,0,0,0,21,1,1,18,7,0,0,0,0,0,1,1
3,30,900,0,1,0,0,0,19,1,1,18,5,0,0,0,0,0,1,1
5,29,841,0,1,0,0,0,14,1,0,27,4,0,0,0,0,0,0,1
1,25,625,0,1,0,0,12,20,1,1,20,12,0,0,1,0,0,0,0
12,46,2116,0,0,0,0,0,17,1,0,18,4,0,0,0,1,0,1,1
4,31,961,0,1,0,0,2,20,1,1,22,7,0,0,1,0,0,1,0
5,30,900,0,0,0,0,0,17,1,1,15,0,0,0,0,1,0,1,1
7,38,1444,0,1,0,0,0,19,1,1,19,0,0,0,0,1,0,1,1
2,25,625,0,1,0,0,8,20,1,0,21,0,0,0,0,0,0,0,0
3,40,1600,0,0,0,0,0,26,0,0,26,0,0,0,0,0,0,1,1
6,42,1764,0,0,0,0,0,32,0,0,32,0,0,0,0,0,0,1,1
2,24,576,0,0,0,0,0,16,0,0,16,0,0,0,0,0,0,0,1
2,26,676,0,1,0,0,0,18,1,1,18,0,0,0,0,0,0,1,1
3,45,2025,0,0,0,0,0,32,1,1,31,0,0,0,0,1,0,1,1
4,44,1936,0,0,0,0,0,33,0,0,32,0,0,0,0,0,0,1,1
6,32,1024,0,0,0,0,0,16,1,0,16,0,0,0,0,1,0,1,1
4,38,1444,0,0,0,0,0,24,0,0,23,0,0,0,0,0,0,1,1
6,29,841,0,0,0,0,0,19,0,0,18,0,0,0,1,0,0,1,1
7,29,841,0,0,0,0,0,12,1,1,17,0,0,0,1,0,0,1,1
6,43,1849,0,0,0,0,0,17,0,0,15,0,0,0,1,0,0,1,1
5,32,1024,0,0,0,0,0,15,0,0,14,0,0,0,1,0,0,1,1
3,29,841,0,0,0,0,0,21,1,1,16,0,0,0,1,0,0,0,1
5,35,1225,0,0,0,0,0,16,0,0,15,0,0,0,0,0,0,1,1
1,45,2025,0,0,0,0,0,34,0,0,33,0,0,0,1,0,0,1,1
5,39,1521,0,0,0,0,0,15,0,0,17,0,0,0,1,0,0,1,1
5,41,1681,0,0,0,0,0,23,0,0,22,0,0,0,1,0,0,1,1
9,48,2304,0,0,0,0,0,17,1,0,15,0,0,0,0,0,0,1,1
3,28,784,0,1,0,1,0,21,0,0,21,4,0,0,0,0,0,1,1
1,21,441,0,0,0,0,0,20,1,1,18,0,0,0,0,0,0,1,1
3,30,900,0,1,0,0,0,21,1,1,20,7,0,0,1,0,0,0,1
2,25,625,0,0,0,0,0,18,1,0,17,6,0,0,1,0,0,1,1
4,39,1521,0,0,0,0,0,15,0,0,13,0,0,0,0,0,0,1,1
2,30,900,0,0,0,0,0,23,0,0,22,0,0,0,0,0,0,1,1
3,26,676,0,1,0,0,0,17,0,0,16,0,0,0,1,0,0,0,1
6,42,1764,0,0,0,0,0,17,0,0,16,0,0,0,1,0,0,1,1
2,20,400,0,0,0,0,4,18,1,0,14,0,0,0,0,0,0,0,0
5,29,841,0,1,0,0,2,16,1,1,17,3,0,0,1,0,0,1,0
7,38,1444,0,1,0,0,7,18,1,1,29,7,0,0,0,1,0,1,0
3,47,2209,0,0,0,0,0,15,0,0,14,0,0,0,0,0,0,0,1
4,36,1296,0,1,0,0,2,19,1,0,18,3,0,0,0,0,0,1,0
6,35,1225,0,0,0,0,0,15,0,0,14,0,0,0,1,0,0,1,1
5,46,2116,0,0,0,0,0,34,0,0,32,0,0,0,1,0,0,1,1
2,25,625,0,0,0,0,0,22,1,1,20,0,0,0,1,0,0,1,1
10,45,2025,0,0,0,0,0,16,0,0,16,0,0,0,1,0,0,1,1
3,30,900,0,0,0,0,0,23,1,0,26,0,0,0,0,0,0,0,1
3,30,900,0,0,0,0,0,23,0,0,26,0,0,0,0,0,0,0,1
3,30,900,0,0,0,0,0,25,1,1,24,0,0,0,0,0,0,1,1
2,24,576,0,1,0,0,9,15,1,1,22,10,0,0,0,0,0,0,0
7,47,2209,0,0,0,0,0,26,0,0,36,0,0,0,1,0,0,0,1
4,44,1936,0,1,0,1,0,16,0,0,14,0,0,0,0,0,0,0,1
6,36,1296,0,1,0,0,0,18,1,1,17,7,0,0,0,0,1,0,1
5,32,1024,0,1,0,0,7,20,1,1,21,0,0,0,0,1,0,1,0
5,28,784,0,0,0,0,0,16,1,1,13,0,0,0,0,1,0,0,1
4,36,1296,0,0,0,0,0,26,1,0,26,0,0,0,0,1,0,1,1
1,25,625,0,1,0,0,0,14,1,0,19,0,0,0,0,1,0,1,1
4,27,729,0,0,0,0,2,18,1,1,21,0,0,0,0,1,0,1,0
11,41,1681,0,1,0,0,7,19,1,1,20,1,0,0,0,1,0,1,0
7,44,1936,1,0,0,0,3,19,1,1,17,4,0,0,0,1,0,1,0
2,26,676,0,1,0,0,10,20,1,1,18,7,0,0,0,0,0,1,0
2,25,625,0,1,0,0,5,17,1,0,16,0,0,0,1,0,0,1,0
7,44,1936,0,0,0,0,0,17,1,1,16,0,0,0,0,1,0,0,1
4,38,1444,0,0,0,0,0,15,1,0,16,0,0,0,0,1,0,1,1
1,22,484,0,0,0,0,7,22,1,0,19,0,0,0,0,1,0,1,0
1,21,441,0,1,0,1,7,20,1,1,18,10,0,0,0,1,0,1,0
1,23,529,0,1,0,0,7,21,1,1,21,7,0,0,0,1,0,0,0
2,22,484,0,0,0,0,2,12,1,1,20,0,0,0,0,1,0,0,0
3,27,729,0,1,0,0,10,19,1,1,19,12,0,0,0,1,0,0,0
5,28,784,0,0,0,0,0,16,1,0,17,0,0,0,1,0,0,1,1
4,28,784,0,0,0,0,0,18,1,1,19,0,0,0,0,1,0,1,1
5,33,1089,0,1,0,0,0,14,0,0,30,0,0,0,0,1,0,0,1
5,32,1024,0,1,0,0,0,17,1,1,16,0,0,0,0,1,0,1,1
9,49,2401,0,1,0,0,0,16,0,0,15,0,0,0,0,1,0,0,1
3,31,961,0,1,0,0,2,22,1,1,18,0,0,0,0,1,0,0,0
4,27,729,0,0,0,0,6,18,1,1,17,7,0,0,0,1,0,1,0
1,26,676,0,1,0,0,0,25,1,0,22,7,0,0,1,0,0,1,1
6,36,1296,0,1,0,0,3,22,1,1,21,0,0,0,0,1,0,0,0
