mode,price.beach,price.pier,price.boat,price.charter,catch.beach,catch.pier,catch.boat,catch.charter,income
4,157.93,157.93,157.93,182.93,0.0678,0.0503,0.2601,0.5391,7083.3317
4,15.114,15.114,10.534,34.534,0.1049,0.0451,0.1574,0.4671,1249.9998
3,161.874,161.874,24.334,59.334,0.5333,0.4522,0.2413,1.0266,3749.9999
2,15.134,15.134,55.93,84.93,0.0678,0.0789,0.1643,0.5391,2083.3332
3,106.93,106.93,41.514,71.014,0.0678,0.0503,0.1082,0.324,4583.332
4,192.474,192.474,28.934,63.934,0.5333,0.4522,0.1665,0.3975,4583.332
1,51.934,51.934,191.93,220.93,0.0678,0.0789,0.1643,0.5391,8750.001
4,15.134,15.134,21.714,56.714,0.0678,0.0789,0.0102,0.0209,2083.3332
3,34.914,34.914,34.914,53.414,0.2537,0.1498,0.0233,0.0219,3749.9999
3,28.314,28.314,28.314,46.814,0.2537,0.1498,0.0233,0.0219,2916.6666
2,34.914,34.914,24.334,48.334,0.1049,0.0451,0.1574,0.4671,3749.9999
3,312.144,312.144,16.722,51.722,0.5333,0.4522,0.2413,1.0266,7083.3317
2,17.862,17.862,4.122,28.122,0.1049,0.0451,0.0023,0.0046,1249.9998
2,15.134,15.134,55.93,84.93,0.0678,0.0789,0.0014,0.0029,2083.3332
1,74.514,74.514,74.514,93.014,0.2537,0.1498,0.2339,0.6288,8750.001
2,33.534,33.534,123.93,152.93,0.0678,0.0789,0.1643,0.5391,5416.6667
1,48.114,48.114,33.534,57.534,0.1049,0.0451,0.1574,0.4671,5416.6667
2,33.462,33.462,7.722,31.722,0.1049,0.0079,0.0613,0.3087,2916.6666
3,211.344,211.344,11.322,46.322,0.5333,0.0069,0.0361,0.4216,4583.332
3,49.062,49.062,11.322,35.322,0.1049,0.0451,0.1574,0.4671,4583.332
4,345.744,345.744,18.522,53.522,0.5333,0.4522,0.0156,0.0058,7916.6663
4,88.062,88.062,20.322,44.322,0.1049,0.0451,0.0023,0.0046,8750.001
3,100.674,100.674,15.134,50.134,0.5333,0.4522,0.1665,0.3975,2083.3332
4,28.314,28.314,19.734,43.734,0.1049,0.0079,0.0613,0.3087,2916.6666
4,33.462,33.462,34.32,69.32,0.0678,0.0789,0.0559,0.6456,2916.6666
1,67.784,67.784,17.862,52.862,0.5333,0.4522,0.2413,1.0266,1249.9998
2,50.32,50.32,49.062,73.062,0.1049,0.0451,0.1574,0.4671,4583.332
3,72.462,72.462,74.32,109.32,0.0678,0.0789,0.0897,1.0905,7083.3317
4,70.074,70.074,10.534,45.534,0.5333,0.4522,0.0156,0.0058,1249.9998
4,131.274,131.274,19.734,54.734,0.5333,0.4522,0.0156,0.0058,2916.6666
4,28.314,28.314,19.734,43.734,0.1049,0.0451,0.0023,0.0046,2916.6666
4,49.062,49.062,11.322,35.322,0.1049,0.0079,0.0613,0.3087,4583.332
3,33.462,33.462,7.722,31.722,0.1049,0.0451,0.0023,0.0046,2916.6666
1,9.522,9.522,78.292,107.292,0.0678,0.0789,0.0014,0.0029,3749.9999
2,25.662,25.662,5.922,29.922,0.1049,0.0079,0.0613,0.3087,2083.3332
4,144.144,144.144,7.722,42.722,0.5333,0.0069,0.0361,0.4216,2916.6666
2,120.004,120.004,252.64,281.64,0.0678,0.0789,0.0014,0.0029,12499.998
3,25.648,25.648,80.608,105.608,0.2537,0.1498,0.0531,0.0052,1249.9998
4,115.808,115.808,25.004,60.004,0.5333,0.4522,0.0156,0.0058,2083.3332
2,32.604,32.604,68.64,97.64,0.0678,0.0789,0.1643,0.5391,2916.6666
3,10.296,10.296,46.332,75.332,0.0678,0.0789,0.1643,0.5391,2916.6666
4,10.296,10.296,54.912,89.912,0.0678,0.0789,0.0897,1.0905,2916.6666
3,231.472,231.472,15.096,50.096,0.5333,0.4522,0.2413,1.0266,4583.332
4,59.248,59.248,186.208,211.208,0.2537,0.1498,0.7369,2.3101,3749.9999
4,231.472,231.472,15.096,50.096,0.5333,0.4522,0.2413,1.0266,4583.332
2,19.896,19.896,89.532,118.532,0.0678,0.0789,0.0014,0.0029,6250.0013
4,341.872,341.872,22.296,57.296,0.5333,0.4522,0.2413,1.0266,7083.3317
4,80.608,80.608,17.404,52.404,0.5333,0.4522,0.2413,1.0266,1249.9998
1,24.334,24.334,89.93,118.93,0.0678,0.0789,0.1643,0.5391,3749.9999
1,11.322,11.322,93.092,122.092,0.0678,0.0789,0.1643,0.5391,4583.332
4,177.744,177.744,9.522,44.522,0.5333,0.4522,0.0156,0.0058,3749.9999
2,5.922,5.922,48.692,77.692,0.0678,0.0789,0.1643,0.5391,2083.3332
3,177.744,177.744,9.522,44.522,0.5333,0.4522,0.2413,1.0266,3749.9999
3,70.074,70.074,10.534,45.534,0.5333,0.0069,0.0361,0.4216,1249.9998
4,41.514,41.514,28.934,52.934,0.1049,0.0079,0.0613,0.3087,4583.332
4,21.714,21.714,15.134,39.134,0.1049,0.0451,0.0023,0.0046,2083.3332
4,144.144,144.144,7.722,42.722,0.5333,0.4522,0.0156,0.0058,2916.6666
3,25.662,25.662,5.922,29.922,0.1049,0.0079,0.0613,0.3087,2083.3332
3,244.944,244.944,13.122,48.122,0.5333,0.4522,0.0156,0.0058,5416.6667
4,144.144,144.144,7.722,42.722,0.5333,0.4522,0.2413,1.0266,2916.6666
2,5.922,5.922,48.692,77.692,0.0678,0.0789,0.0014,0.0029,2083.3332
2,93.092,93.092,93.092,118.092,0.0678,0.0503,0.2601,0.5391,4583.332
4,177.744,177.744,9.522,44.522,0.5333,0.0069,0.0361,0.4216,3749.9999
3,41.262,41.262,9.522,33.522,0.1049,0.0451,0.1574,0.4671,3749.9999
2,9.522,9.522,78.292,107.292,0.0678,0.0789,0.1643,0.5391,3749.9999
4,76.944,76.944,4.122,39.122,0.5333,0.4522,0.2413,1.0266,1249.9998
3,177.744,177.744,9.522,44.522,0.5333,0.4522,0.2413,1.0266,3749.9999
4,177.744,177.744,9.522,44.522,0.5333,0.4522,0.1665,0.3975,3749.9999
3,244.944,244.944,13.122,48.122,0.5333,0.4522,0.2413,1.0266,5416.6667
2,33.462,33.462,7.722,31.722,0.1049,0.0451,0.1574,0.4671,2916.6666
3,33.462,33.462,7.722,31.722,0.1049,0.0451,0.0023,0.0046,2916.6666
4,5.922,5.922,25.662,60.662,0.0678,0.0789,0.0102,0.0209,2083.3332
4,345.744,345.744,18.522,53.522,0.5333,0.4522,0.1665,0.3975,7916.6663
3,244.944,244.944,13.122,48.122,0.5333,0.0069,0.0361,0.4216,5416.6667
3,64.662,64.662,14.922,38.922,0.1049,0.0451,0.0023,0.0046,6250.0013
1,9.522,9.522,78.292,107.292,0.0678,0.0789,0.1643,0.5391,3749.9999
1,24.696,24.696,111.132,140.132,0.0678,0.0789,0.1643,0.5391,7916.6663
3,33.892,33.892,33.892,58.892,0.0678,0.0503,0.2601,0.5391,1249.9998
4,144.144,144.144,7.722,42.722,0.5333,0.0069,0.0361,0.4216,2916.6666
3,110.544,110.544,5.922,40.922,0.5333,0.4522,0.2413,1.0266,2083.3332
4,76.944,76.944,4.122,39.122,0.5333,0.4522,0.0156,0.0058,1249.9998
1,7.722,7.722,63.492,92.492,0.0678,0.0789,0.0014,0.0029,2916.6666
3,177.744,177.744,9.522,44.522,0.5333,0.4522,0.1665,0.3975,3749.9999
3,17.862,17.862,4.122,28.122,0.1049,0.0451,0.1574,0.4671,1249.9998
4,33.462,33.462,33.462,51.962,0.2537,0.0014,0.0626,0.2773,2916.6666
3,8.514,8.514,39.474,64.474,0.2537,0.1498,0.6817,2.3014,416.66668
4,38.134,38.134,54.714,89.714,0.0678,0.0789,0.0559,0.6456,6250.0013
3,24.334,24.334,34.914,69.914,0.0678,0.0789,0.0897,1.0905,3749.9999
2,100.674,100.674,15.134,50.134,0.5333,0.4522,0.2413,1.0266,2083.3332
2,104.214,104.214,104.214,122.714,0.2537,0.1498,0.2339,0.6288,12499.998
4,161.874,161.874,24.334,59.334,0.5333,0.4522,0.0156,0.0058,3749.9999
4,48.114,48.114,33.534,57.534,0.1049,0.0451,0.1574,0.4671,5416.6667
3,64.662,64.662,66.32,101.32,0.0678,0.0789,0.0102,0.0209,6250.0013
4,72.462,72.462,74.32,109.32,0.0678,0.0789,0.0102,0.0209,7083.3317
3,422.984,422.984,111.462,146.462,0.5333,0.4522,0.0051,1.0266,11250.001
4,56.862,56.862,58.32,93.32,0.0678,0.0789,0.0102,0.0209,5416.6667
3,72.462,72.462,74.32,109.32,0.0678,0.0789,0.0897,1.0905,7083.3317
4,210.566,210.566,49.74,79.24,0.0678,0.0052,0.0732,0.1726,6250.0013
2,43.74,43.74,52.488,70.988,0.2537,0.1498,0.2339,0.6288,5416.6667
1,31.74,31.74,38.088,56.588,0.2537,0.1498,0.2339,0.6288,3749.9999
1,19.74,19.74,23.688,42.188,0.2537,0.1498,0.2339,0.6288,2083.3332
2,31.74,31.74,38.088,56.588,0.2537,0.1498,0.2339,0.6288,3749.9999
4,55.77,55.77,25.74,60.74,0.0678,0.0025,0.0108,0.2377,2916.6666
4,42.77,42.77,19.74,54.74,0.0678,0.0789,0.0559,0.6456,2083.3332
4,261.366,261.366,61.74,91.24,0.0678,0.0052,0.0732,0.1726,7916.6663
4,268.702,268.702,146.77,181.77,0.5333,0.4522,0.1665,0.3975,8750.001
4,55.74,55.74,221.102,246.102,0.2537,0.1498,0.6817,2.3014,7083.3317
4,159.766,159.766,37.74,67.24,0.0678,0.0052,0.0732,0.1726,4583.332
2,16.77,16.77,32.766,61.766,0.0678,0.0789,0.1643,0.5391,416.66668
3,125.902,125.902,68.77,103.77,0.5333,0.4522,0.2413,1.0266,3749.9999
3,56.862,56.862,58.32,93.32,0.0678,0.0025,0.0108,0.2377,5416.6667
4,25.662,25.662,26.32,61.32,0.0678,0.0025,0.0108,0.2377,2083.3332
4,46.258,46.258,18.32,47.82,0.0678,0.0052,0.0732,0.1726,1249.9998
1,42.32,42.32,42.32,60.82,0.2537,0.1498,0.0233,0.0219,3749.9999
4,64.662,64.662,66.32,101.32,0.0678,0.0789,0.0559,0.6456,6250.0013
4,42.32,42.32,41.262,65.262,0.1049,0.0451,0.1574,0.4671,3749.9999
3,58.32,58.32,58.32,76.82,0.2537,0.1498,0.0233,0.0219,5416.6667
4,77.234,77.234,73.002,108.002,0.0678,0.0789,0.0102,0.0209,3749.9999
4,150.15,150.15,62.634,97.634,0.5333,0.4522,0.2413,1.0266,2916.6666
4,135.634,135.634,267.552,296.552,0.0678,0.0789,0.1643,0.0041,7083.3317
1,73.002,73.002,73.002,91.502,0.2537,0.1498,0.2339,0.6288,3749.9999
3,205.27,205.27,94.74,129.74,0.0678,0.0789,0.0897,1.0905,12499.998
4,55.77,55.77,25.74,60.74,0.0678,0.0789,0.0897,1.0905,2916.6666
1,61.74,61.74,74.088,92.588,0.2537,0.1498,0.2339,0.6288,7916.6663
3,120.77,120.77,55.74,90.74,0.0678,0.0789,0.0102,0.0209,7083.3317
4,146.77,146.77,67.74,102.74,0.0678,0.0789,0.0102,0.0209,8750.001
2,55.74,55.74,66.888,85.388,0.2537,0.1498,0.2339,0.6288,7083.3317
4,134.366,134.366,31.74,61.24,0.0678,0.0052,0.0732,0.1726,3749.9999
2,49.74,49.74,59.688,78.188,0.2537,0.1498,0.2339,0.6288,6250.0013
3,205.27,205.27,94.74,129.74,0.0678,0.0789,0.0102,0.0209,12499.998
3,205.27,205.27,94.74,129.74,0.0678,0.0025,0.0108,0.2377,12499.998
4,107.77,107.77,49.74,84.74,0.0678,0.0789,0.0559,0.6456,6250.0013
3,261.366,261.366,61.74,91.24,0.0678,0.0052,0.0732,0.1726,7916.6663
3,108.966,108.966,25.74,55.24,0.0678,0.0503,0.0143,0.0289,2916.6666
3,286.766,286.766,67.74,97.24,0.0678,0.0503,0.0143,0.0289,8750.001
3,375.802,375.802,205.27,240.27,0.5333,0.4522,0.0156,0.0058,12499.998
4,68.77,68.77,31.74,66.74,0.0678,0.0025,0.0108,0.2377,3749.9999
4,68.77,68.77,31.74,66.74,0.0678,0.0789,0.0559,0.6456,3749.9999
4,67.784,67.784,17.862,52.862,0.5333,0.0069,0.0361,0.4216,1249.9998
4,186.184,186.184,49.062,84.062,0.5333,0.4522,0.2413,1.0266,4583.332
3,66.32,66.32,66.32,84.82,0.2537,0.1498,0.2339,0.6288,6250.0013
4,38.184,38.184,10.062,45.062,0.5333,0.4522,0.1665,0.3975,416.66668
3,72.462,72.462,74.32,109.32,0.0678,0.0789,0.0897,1.0905,7083.3317
4,49.062,49.062,50.32,85.32,0.0678,0.0025,0.0108,0.2377,4583.332
3,333.258,333.258,94.506,129.506,0.5333,0.4522,0.2413,1.0266,6250.0013
4,85.698,85.698,60.306,84.306,0.1049,0.0451,0.0023,0.0046,3749.9999
4,166.698,166.698,166.698,185.198,0.2537,0.0014,0.0626,0.2773,7916.6663
4,252.858,252.858,71.706,106.706,0.5333,0.4522,0.0156,0.0058,4583.332
3,128.706,128.706,182.898,217.898,0.0678,0.0789,0.0897,1.0905,8750.001
4,212.658,212.658,60.306,95.306,0.5333,0.4522,0.0156,0.0058,3749.9999
4,212.658,212.658,60.306,95.306,0.5333,0.4522,0.0156,0.0058,3749.9999
4,92.058,92.058,26.106,61.106,0.5333,0.4522,0.0156,0.0058,1249.9998
3,139.35,139.35,63.172,87.172,0.1049,0.0079,0.0613,0.3087,7083.3317
3,109.35,109.35,49.572,73.572,0.1049,0.0079,0.0613,0.3087,5416.6667
3,323.31,323.31,56.372,91.372,0.5333,0.4522,0.2413,1.0266,6250.0013
3,71.214,71.214,71.214,96.214,0.0678,0.0503,0.0276,0.0029,2916.6666
3,94.35,94.35,42.772,66.772,0.1049,0.0451,0.1574,0.4671,4583.332
4,109.35,109.35,49.572,73.572,0.1049,0.0451,0.0023,0.0046,5416.6667
2,49.572,49.572,121.014,150.014,0.0678,0.0789,0.1643,0.5391,5416.6667
4,206.31,206.31,35.972,70.972,0.5333,0.4522,0.2413,1.0266,3749.9999
4,245.31,245.31,42.772,77.772,0.5333,0.4522,0.0051,1.0266,4583.332
4,206.31,206.31,35.972,70.972,0.5333,0.4522,0.2413,1.0266,3749.9999
4,64.35,64.35,167.31,192.31,0.2537,0.1498,0.6817,2.3014,2916.6666
1,42.772,42.772,104.414,133.414,0.0678,0.0789,0.1643,0.5391,4583.332
4,323.31,323.31,56.372,91.372,0.5333,0.0069,0.0361,0.4216,6250.0013
1,15.572,15.572,38.014,67.014,0.0678,0.0789,0.1643,0.5391,1249.9998
3,71.214,71.214,71.214,96.214,0.0678,0.0503,0.2601,0.5391,2916.6666
3,104.414,104.414,94.35,123.85,0.0678,0.0503,0.0143,0.0289,4583.332
1,124.35,124.35,124.35,142.85,0.2537,0.1498,0.2339,0.6288,6250.0013
4,104.414,104.414,104.414,129.414,0.0678,0.0503,0.2601,0.5391,4583.332
3,175.748,175.748,175.748,194.248,0.2537,0.1498,0.0233,0.0219,6250.0013
3,335.34,335.34,72.9,107.9,0.5333,0.0069,0.0361,0.4216,5416.6667
4,243.34,243.34,52.9,87.9,0.5333,0.4522,0.0156,0.0058,3749.9999
1,22.372,22.372,54.614,83.614,0.0678,0.0789,0.1643,0.5391,2083.3332
4,206.31,206.31,35.972,70.972,0.5333,0.0069,0.0361,0.4216,3749.9999
4,29.172,29.172,64.35,99.35,0.0678,0.0789,0.0897,1.0905,2916.6666
3,323.31,323.31,56.372,91.372,0.5333,0.4522,0.0051,1.0266,6250.0013
4,35.972,35.972,79.35,114.35,0.0678,0.0789,0.0559,0.6456,3749.9999
3,362.31,362.31,63.172,98.172,0.5333,0.4522,0.2413,1.0266,7083.3317
4,71.214,71.214,64.35,93.85,0.0678,0.0503,0.1082,0.324,2916.6666
1,49.572,49.572,121.014,150.014,0.0678,0.0789,0.1643,0.5391,5416.6667
4,151.008,151.008,32.604,67.604,0.5333,0.4522,0.2413,1.0266,2916.6666
4,186.208,186.208,40.204,75.204,0.5333,0.4522,0.2413,1.0266,3749.9999
3,92.058,92.058,26.106,61.106,0.5333,0.0069,0.0361,0.4216,1249.9998
3,37.506,37.506,57.904,86.904,0.0678,0.0789,0.0014,0.0029,2083.3332
4,132.258,132.258,37.506,72.506,0.5333,0.4522,0.2413,1.0266,2083.3332
4,252.858,252.858,71.706,106.706,0.5333,0.0069,0.0361,0.4216,4583.332
3,252.858,252.858,71.706,106.706,0.5333,0.0069,0.0361,0.4216,4583.332
1,34.914,34.914,34.914,53.414,0.2537,0.1498,0.2339,0.6288,3749.9999
4,63.004,63.004,92.848,127.848,0.0678,0.0789,0.0102,0.0209,6250.0013
4,137.648,137.648,93.404,117.404,0.1049,0.0079,0.0613,0.3087,9583.3357
4,221.408,221.408,47.804,82.804,0.5333,0.4522,0.0051,1.0266,4583.332
3,206.31,206.31,35.972,70.972,0.5333,0.4522,0.1665,0.3975,3749.9999
2,21.714,21.714,21.714,40.214,0.2537,0.1498,0.2339,0.6288,2083.3332
4,10.534,10.534,15.114,50.114,0.0678,0.0789,0.0102,0.0209,1249.9998
4,206.31,206.31,35.972,70.972,0.5333,0.4522,0.2413,1.0266,3749.9999
4,252.858,252.858,71.706,106.706,0.5333,0.4522,0.1665,0.3975,4583.332
2,75.504,75.504,75.504,100.504,0.0678,0.0503,0.2601,0.5391,2916.6666
4,26.106,26.106,37.098,72.098,0.0678,0.0025,0.0108,0.2377,1249.9998
4,22.704,22.704,20.898,50.398,0.0678,0.0503,0.0016,0.1176,416.66668
3,71.706,71.706,101.898,136.898,0.0678,0.0789,0.0559,0.6456,4583.332
1,117.306,117.306,181.104,210.104,0.0678,0.0789,0.1643,0.5391,7916.6663
4,453.858,453.858,128.706,163.706,0.5333,0.0069,0.0361,0.4216,8750.001
2,26.106,26.106,40.304,69.304,0.0678,0.0025,0.0499,0.2421,1249.9998
4,132.258,132.258,37.506,72.506,0.5333,0.4522,0.2413,1.0266,2083.3332
3,69.498,69.498,69.498,87.998,0.2537,0.1498,0.2339,0.6288,2916.6666
3,69.498,69.498,48.906,72.906,0.1049,0.0451,0.0023,0.0046,2916.6666
3,70.448,70.448,47.804,71.804,0.1049,0.0451,0.1574,0.4671,4583.332
4,116.64,116.64,116.64,141.64,0.0678,0.0503,0.0276,0.0029,5416.6667
2,47.804,47.804,100.64,129.64,0.0678,0.0789,0.0014,0.0029,4583.332
4,80.608,80.608,17.404,52.404,0.5333,0.4522,0.2413,1.0266,1249.9998
4,115.248,115.248,362.208,387.208,0.2537,0.1498,0.6817,2.3014,7916.6663
4,291.808,291.808,63.004,98.004,0.5333,0.4522,0.0156,0.0058,6250.0013
2,32.604,32.604,68.64,97.64,0.0678,0.0789,0.1643,0.5391,2916.6666
4,36.64,36.64,36.64,61.64,0.0678,0.0052,0.1491,0.2421,1249.9998
4,39.474,39.474,5.934,40.934,0.5333,0.4522,0.2413,1.0266,416.66668
1,120.004,120.004,252.64,281.64,0.0678,0.0789,0.1643,0.5391,12499.998
4,100.674,100.674,15.134,50.134,0.5333,0.4522,0.0156,0.0058,2083.3332
4,223.074,223.074,33.534,68.534,0.5333,0.4522,0.0156,0.0058,5416.6667
4,161.874,161.874,24.334,59.334,0.5333,0.4522,0.0156,0.0058,3749.9999
4,453.858,453.858,128.706,163.706,0.5333,0.4522,0.2413,1.0266,8750.001
4,252.858,252.858,71.706,106.706,0.5333,0.4522,0.0156,0.0058,4583.332
3,255.798,255.798,180.006,204.006,0.1049,0.0451,0.1574,0.4671,12499.998
4,71.706,71.706,110.704,139.704,0.0678,0.0789,0.0971,0.1648,4583.332
3,92.058,92.058,26.106,61.106,0.5333,0.4522,0.2413,1.0266,1249.9998
4,81.648,81.648,55.404,79.404,0.1049,0.0451,0.1574,0.4671,5416.6667
2,47.804,47.804,100.64,129.64,0.0678,0.0789,0.0014,0.0029,4583.332
4,221.408,221.408,47.804,82.804,0.5333,0.0069,0.0361,0.4216,4583.332
4,10.534,10.534,15.114,50.114,0.0678,0.0789,0.0102,0.0209,1249.9998
2,5.922,5.922,5.922,30.922,0.0678,0.0503,0.2601,0.5391,2083.3332
2,11.322,11.322,11.322,36.322,0.0678,0.0503,0.0276,0.0029,4583.332
2,6.29,6.29,6.29,35.29,0.0678,0.0789,0.1643,0.5391,4583.332
3,17.986,17.986,17.986,46.986,0.0678,0.0789,0.0014,0.0029,3749.9999
4,17.986,17.986,17.986,42.986,0.0678,0.0503,0.023,0.1648,3749.9999
4,17.986,17.986,17.986,46.986,0.0678,0.0789,0.1643,0.5391,3749.9999
3,45.186,45.186,45.186,70.186,0.0678,0.0503,0.2601,0.5391,10416.666
1,21.386,21.386,21.386,46.386,0.0678,0.0052,0.1491,0.2421,4583.332
1,9.522,9.522,9.522,34.522,0.0678,0.0503,0.2601,0.5391,3749.9999
3,316.342,316.342,51.842,86.842,0.5333,0.4522,0.2413,1.0266,3749.9999
3,32.242,32.242,5.922,34.922,0.0678,0.0789,0.0014,0.0029,2083.3332
2,9.522,9.522,9.522,34.522,0.0678,0.0503,0.0276,0.0029,3749.9999
3,11.322,11.322,11.322,36.322,0.0678,0.0503,0.0276,0.0029,4583.332
1,9.522,9.522,9.522,34.522,0.0678,0.0503,0.0276,0.0029,3749.9999
1,71.442,71.442,13.122,42.122,0.0678,0.0789,0.1643,0.5391,5416.6667
3,14.58,14.58,14.58,39.58,0.0678,0.0503,0.2601,0.5391,5416.6667
4,8.58,8.58,8.58,33.58,0.0678,0.0052,0.1491,0.2421,2916.6666
4,56.61,56.61,12.58,41.58,0.0678,0.0025,0.0499,0.2421,4583.332
4,18.58,18.58,18.58,43.58,0.0678,0.0503,0.2601,0.5391,7083.3317
2,8.58,8.58,8.58,33.58,0.0678,0.0503,0.2601,0.5391,2916.6666
3,359.022,359.022,666.11,691.11,0.2537,0.1498,0.0531,0.0052,8750.001
4,29.61,29.61,6.58,35.58,0.0678,0.0025,0.0499,0.2421,2083.3332
3,135.11,135.11,20.61,55.61,0.5333,0.4522,0.2413,1.0266,1249.9998
4,4.58,4.58,4.58,29.58,0.0678,0.0503,0.023,0.1648,1249.9998
3,6.58,6.58,6.58,31.58,0.0678,0.0503,0.0031,0.0041,2083.3332
3,31.586,31.586,31.586,56.586,0.0678,0.0052,0.1491,0.2421,7083.3317
4,24.786,24.786,24.786,49.786,0.0678,0.0052,0.1491,0.2421,5416.6667
2,13.818,13.818,13.818,42.818,0.0678,0.0025,0.0499,0.2421,2083.3332
4,30.618,30.618,30.618,59.618,0.0678,0.0789,0.1643,0.5391,5416.6667
3,214.5,214.5,4.29,39.29,0.5333,0.4522,0.0051,1.0266,2916.6666
3,264.5,264.5,5.29,40.29,0.5333,0.4522,0.0156,0.0058,3749.9999
4,4.29,4.29,4.29,33.29,0.0678,0.0789,0.0971,0.1648,2916.6666
1,4.122,4.122,4.122,29.122,0.0678,0.0503,0.2601,0.5391,1249.9998
2,5.922,5.922,5.922,30.922,0.0678,0.0503,0.0276,0.0029,2083.3332
1,71.442,71.442,13.122,42.122,0.0678,0.0025,0.0499,0.2421,5416.6667
3,5.922,5.922,5.922,30.922,0.0678,0.0503,0.0276,0.0029,2083.3332
2,15.87,15.87,15.87,40.87,0.0678,0.0503,0.0276,0.0029,3749.9999
3,6.45,6.45,3.87,32.87,0.0678,0.0789,0.0014,0.0029,416.66668
3,12.58,12.58,12.58,37.58,0.0678,0.0503,0.0276,0.0029,4583.332
3,6.58,6.58,6.58,31.58,0.0678,0.0052,0.1491,0.2421,2083.3332
2,6.58,6.58,6.58,31.58,0.0678,0.0503,0.2601,0.5391,2083.3332
4,7.722,7.722,7.722,32.722,0.0678,0.0503,0.0276,0.0029,2916.6666
3,164.5,164.5,3.29,38.29,0.5333,0.4522,0.1665,0.3975,2083.3332
4,5.29,5.29,5.29,30.29,0.0678,0.0503,0.0276,0.0029,3749.9999
3,3.29,3.29,3.29,32.29,0.0678,0.0789,0.0014,0.0029,2083.3332
4,5.29,5.29,5.29,34.29,0.0678,0.0789,0.0971,0.1648,3749.9999
2,2.29,2.29,2.29,31.29,0.0678,0.0789,0.0971,0.1648,1249.9998
3,264.5,264.5,5.29,40.29,0.5333,0.4522,0.0051,1.0266,3749.9999
4,7.29,7.29,7.29,36.29,0.0678,0.0789,0.0014,0.0029,5416.6667
1,13.29,13.29,13.29,42.29,0.0678,0.0789,0.1643,0.0041,10416.666
4,214.5,214.5,4.29,39.29,0.5333,0.4522,0.2413,1.0266,2916.6666
4,4.29,4.29,4.29,29.29,0.0678,0.0503,0.023,0.1648,2916.6666
4,166.212,166.212,7.29,31.29,0.1049,0.0079,0.0613,0.3087,5416.6667
4,6.29,6.29,6.29,35.29,0.0678,0.0789,0.0971,0.1648,4583.332
3,189.012,189.012,8.29,32.29,0.1049,0.0079,0.0613,0.3087,6250.0013
4,164.5,164.5,3.29,38.29,0.5333,0.0069,0.0361,0.4216,2083.3332
4,4.29,4.29,4.29,33.29,0.0678,0.0025,0.0499,0.2421,2916.6666
4,114.5,114.5,2.29,37.29,0.5333,0.4522,0.2413,1.0266,1249.9998
2,2.29,2.29,2.29,31.29,0.0678,0.0789,0.1643,0.5391,1249.9998
2,75.012,75.012,75.012,93.512,0.2537,0.1498,0.0233,0.0219,2083.3332
2,4.29,4.29,4.29,33.29,0.0678,0.0789,0.1643,0.5391,2916.6666
3,214.5,214.5,4.29,39.29,0.5333,0.4522,0.0051,1.0266,2916.6666
3,75.012,75.012,3.29,27.29,0.1049,0.0451,0.1574,0.4671,2083.3332
4,11.45,11.45,6.87,35.87,0.0678,0.0789,0.0971,0.1648,1249.9998
4,31.45,31.45,18.87,47.87,0.0678,0.0789,0.1643,0.5391,4583.332
4,33.87,33.87,33.87,58.87,0.0678,0.0503,0.2601,0.5391,8750.001
3,843.186,843.186,53.686,88.686,0.5333,0.4522,0.2413,1.0266,12499.998
4,364.5,364.5,7.29,42.29,0.5333,0.4522,0.0051,1.0266,5416.6667
4,314.5,314.5,6.29,41.29,0.5333,0.4522,0.2413,1.0266,4583.332
4,5.29,5.29,5.29,30.29,0.0678,0.0503,0.023,0.1648,3749.9999
3,264.5,264.5,5.29,40.29,0.5333,0.4522,0.2413,1.0266,3749.9999
4,7.29,7.29,7.29,36.29,0.0678,0.0789,0.0971,0.1648,5416.6667
3,97.812,97.812,4.29,28.29,0.1049,0.0451,0.0023,0.0046,2916.6666
2,3.29,3.29,3.29,28.29,0.0678,0.0503,0.0276,0.0029,2083.3332
1,8.29,8.29,8.29,33.29,0.0678,0.0503,0.2601,0.5391,6250.0013
4,10.58,10.58,10.58,35.58,0.0678,0.0503,0.0276,0.0029,3749.9999
1,11.186,11.186,11.186,36.186,0.0678,0.0503,0.2601,0.5391,2083.3332
1,38.386,38.386,38.386,63.386,0.0678,0.0503,0.2601,0.5391,8750.001
3,8.58,8.58,8.58,33.58,0.0678,0.0503,0.0276,0.0029,2916.6666
4,38.61,38.61,8.58,37.58,0.0678,0.0025,0.0499,0.2421,2916.6666
4,4.29,4.29,4.29,29.29,0.0678,0.0503,0.2601,0.5391,2916.6666
3,4.29,4.29,4.29,29.29,0.0678,0.0503,0.0276,0.0029,2916.6666
4,75.012,75.012,3.29,27.29,0.1049,0.0451,0.0023,0.0046,2083.3332
3,214.5,214.5,4.29,39.29,0.5333,0.4522,0.0051,1.0266,2916.6666
3,5.29,5.29,5.29,30.29,0.0678,0.0503,0.0276,0.0029,3749.9999
4,143.412,143.412,6.29,30.29,0.1049,0.0451,0.1574,0.4671,4583.332
4,4.29,4.29,4.29,29.29,0.0678,0.0052,0.1491,0.2421,2916.6666
4,6.29,6.29,6.29,35.29,0.0678,0.0789,0.1643,0.5391,4583.332
3,6.29,6.29,6.29,31.29,0.0678,0.0503,0.2601,0.5391,4583.332
4,4.29,4.29,4.29,29.29,0.0678,0.0503,0.0276,0.0029,2916.6666
2,3.29,3.29,3.29,28.29,0.0678,0.0052,0.1491,0.2421,2083.3332
4,26.32,26.32,3.29,32.29,0.0678,0.0789,0.1643,0.0041,2083.3332
2,4.29,4.29,4.29,29.29,0.0678,0.0503,0.2601,0.5391,2916.6666
2,2.29,2.29,2.29,27.29,0.0678,0.0503,0.2601,0.5391,1249.9998
2,2.29,2.29,2.29,27.29,0.0678,0.0503,0.2601,0.5391,1249.9998
1,4.29,4.29,4.29,29.29,0.0678,0.0503,0.2601,0.5391,2916.6666
3,8.29,8.29,8.29,33.29,0.0678,0.0503,0.2601,0.5391,6250.0013
3,7.29,7.29,7.29,32.29,0.0678,0.0503,0.2601,0.5391,5416.6667
2,13.29,13.29,13.29,38.29,0.0678,0.0503,0.2601,0.5391,10416.666
3,3.29,3.29,3.29,28.29,0.0678,0.0503,0.023,0.1648,2083.3332
3,6.29,6.29,6.29,31.29,0.0678,0.0052,0.1491,0.2421,4583.332
4,26.32,26.32,3.29,32.29,0.0678,0.0789,0.0971,0.1648,2083.3332
3,4.29,4.29,4.29,29.29,0.0678,0.0503,0.0276,0.0029,2916.6666
3,6.29,6.29,6.29,31.29,0.0678,0.0503,0.0276,0.0029,4583.332
4,74.61,74.61,16.58,45.58,0.0678,0.0025,0.0499,0.2421,6250.0013
2,4.29,4.29,4.29,29.29,0.0678,0.0503,0.2601,0.5391,2916.6666
4,6.29,6.29,6.29,31.29,0.0678,0.0503,0.2601,0.5391,4583.332
1,2.29,2.29,2.29,27.29,0.0678,0.0503,0.0276,0.0029,1249.9998
2,5.29,5.29,5.29,30.29,0.0678,0.0503,0.0276,0.0029,3749.9999
3,3.29,3.29,3.29,28.29,0.0678,0.0503,0.0276,0.0029,2083.3332
3,2.29,2.29,2.29,27.29,0.0678,0.0503,0.0276,0.0029,1249.9998
3,34.32,34.32,4.29,33.29,0.0678,0.0789,0.0014,0.0029,2916.6666
4,6.29,6.29,6.29,31.29,0.0678,0.0503,0.0276,0.0029,4583.332
3,9.29,9.29,9.29,34.29,0.0678,0.0503,0.2601,0.5391,7083.3317
1,306.82,306.82,42.32,77.32,0.5333,0.4522,0.2413,1.0266,3749.9999
3,65.61,65.61,231.822,266.822,0.0678,0.0789,0.0897,1.0905,5416.6667
3,8.29,8.29,8.29,33.29,0.0678,0.0503,0.0276,0.0029,6250.0013
4,132.132,132.132,34.32,58.32,0.1049,0.0079,0.0613,0.3087,2916.6666
4,26.32,26.32,3.29,32.29,0.0678,0.0789,0.0014,0.0029,2083.3332
4,7.29,7.29,7.29,32.29,0.0678,0.0503,0.2601,0.5391,5416.6667
3,51.45,51.45,30.87,59.87,0.0678,0.0789,0.1643,0.5391,7916.6663
3,30.87,30.87,30.87,55.87,0.0678,0.0503,0.2601,0.5391,7916.6663
3,12.87,12.87,12.87,37.87,0.0678,0.0503,0.0276,0.0029,2916.6666
4,21.87,21.87,21.87,46.87,0.0678,0.0503,0.023,0.1648,5416.6667
1,24.786,24.786,24.786,49.786,0.0678,0.0503,0.2601,0.5391,5416.6667
4,21.386,21.386,21.386,50.386,0.0678,0.0789,0.1643,0.5391,4583.332
4,455.95,455.95,41.45,76.45,0.5333,0.0069,0.0361,0.4216,6250.0013
3,12.87,12.87,12.87,37.87,0.0678,0.0503,0.2601,0.5391,2916.6666
4,119.262,119.262,235.95,260.95,0.2537,0.1498,0.0531,0.0052,2916.6666
3,15.87,15.87,15.87,40.87,0.0678,0.0503,0.2601,0.5391,3749.9999
3,24.87,24.87,24.87,49.87,0.0678,0.0503,0.2601,0.5391,6250.0013
4,46.45,46.45,27.87,56.87,0.0678,0.0789,0.1643,0.0041,7083.3317
1,4.122,4.122,4.122,29.122,0.0678,0.0503,0.2601,0.5391,1249.9998
2,4.122,4.122,4.122,29.122,0.0678,0.0503,0.2601,0.5391,1249.9998
3,130.832,130.832,130.832,155.832,0.0678,0.0503,0.2601,0.5391,4583.332
3,119.554,119.554,73.002,97.002,0.1049,0.0451,0.0238,0.0468,3749.9999
3,45.402,45.402,74.354,109.354,0.0678,0.0789,0.0897,1.0905,2083.3332
4,45.402,45.402,74.354,109.354,0.0678,0.0789,0.0559,0.6456,2083.3332
3,119.554,119.554,73.002,97.002,0.1049,0.0451,0.1574,0.4671,3749.9999
4,31.602,31.602,51.754,86.754,0.0678,0.0789,0.0102,0.0209,1249.9998
4,106.714,106.714,31.602,66.602,0.5333,0.0069,0.0361,0.4216,1249.9998
1,37.098,37.098,37.098,66.098,0.0678,0.0789,0.1643,0.5391,1249.9998
2,20.898,20.898,20.898,49.898,0.0678,0.0789,0.1643,0.5391,416.66668
4,393.66,393.66,154.548,189.548,0.5333,0.4522,0.0156,0.0058,5416.6667
4,177.66,177.66,69.748,104.748,0.5333,0.0069,0.0361,0.4216,2083.3332
4,26.832,26.832,26.832,51.832,0.0678,0.0052,0.1491,0.2421,416.66668
4,110.032,110.032,110.032,135.032,0.0678,0.0503,0.2601,0.5391,3749.9999
3,151.632,151.632,236.196,271.196,0.0678,0.0789,0.0102,0.0209,5416.6667
3,511.596,511.596,328.432,352.432,0.1049,0.0451,0.0023,0.0046,12499.998
4,353.498,353.498,130.832,165.832,0.5333,0.4522,0.2413,1.0266,4583.332
3,68.432,68.432,106.596,141.596,0.0678,0.0789,0.0559,0.6456,2083.3332
2,90.948,90.948,90.948,119.948,0.0678,0.0789,0.0014,0.0029,2916.6666
3,132.99,132.99,90.948,114.948,0.1049,0.0451,0.0023,0.0046,2916.6666
4,90.948,90.948,132.99,162.49,0.0678,0.0052,0.0732,0.1726,2916.6666
4,65.016,65.016,26.574,61.574,0.5333,0.4522,0.2413,1.0266,416.66668
4,216.216,216.216,88.374,123.374,0.5333,0.4522,0.0156,0.0058,2916.6666
3,319.302,319.302,247.86,271.86,0.1049,0.0079,0.0613,0.3087,5416.6667
3,295.422,295.422,115.196,139.196,0.1049,0.0451,0.1574,0.4671,7083.3317
2,150.174,150.174,170.586,199.586,0.0678,0.0789,0.1643,0.5391,5416.6667
4,367.416,367.416,150.174,185.174,0.5333,0.4522,0.2413,1.0266,5416.6667
4,170.774,170.774,218.856,253.856,0.0678,0.0025,0.0108,0.2377,6250.0013
4,88.374,88.374,113.256,148.256,0.0678,0.0789,0.0559,0.6456,2916.6666
1,47.174,47.174,53.586,82.586,0.0678,0.0789,0.1643,0.5391,1249.9998
2,129.574,129.574,147.186,176.186,0.0678,0.0789,0.1643,0.5391,4583.332
2,108.974,108.974,123.786,152.786,0.0678,0.0789,0.1643,0.5391,3749.9999
4,569.016,569.016,232.574,267.574,0.5333,0.4522,0.2413,1.0266,8750.001
4,88.374,88.374,100.386,129.386,0.0678,0.0789,0.1643,0.5391,2916.6666
4,317.016,317.016,129.574,164.574,0.5333,0.4522,0.1665,0.3975,4583.332
4,106.596,106.596,168.448,193.448,0.2537,0.1498,0.6817,2.3014,2083.3332
4,140.714,140.714,159.758,188.758,0.0678,0.0025,0.0499,0.2421,3749.9999
3,171.396,171.396,140.714,164.714,0.1049,0.0451,0.1574,0.4671,3749.9999
3,171.396,171.396,270.848,295.848,0.2537,0.1498,0.0531,0.0052,3749.9999
4,107.916,107.916,138.598,173.598,0.0678,0.0789,0.0559,0.6456,3749.9999
3,115.736,115.736,79.254,103.254,0.1049,0.0451,0.0023,0.0046,4583.332
4,266.696,266.696,79.254,114.254,0.5333,0.0069,0.0361,0.4216,4583.332
3,86.658,86.658,37.752,61.752,0.1049,0.0451,0.0023,0.0046,2916.6666
3,58.05,58.05,11.352,46.352,0.5333,0.0069,0.0361,0.4216,416.66668
3,86.658,86.658,37.752,61.752,0.1049,0.0451,0.0023,0.0046,2916.6666
4,85.698,85.698,60.306,84.306,0.1049,0.0451,0.0023,0.0046,3749.9999
4,212.658,212.658,60.306,95.306,0.5333,0.4522,0.0156,0.0058,3749.9999
4,212.658,212.658,60.306,95.306,0.5333,0.4522,0.0156,0.0058,3749.9999
4,69.498,69.498,48.906,72.906,0.1049,0.0451,0.0023,0.0046,2916.6666
1,85.698,85.698,85.698,104.198,0.2537,0.1498,0.0233,0.0219,3749.9999
3,53.298,53.298,37.506,61.506,0.1049,0.0451,0.1574,0.4671,2083.3332
3,172.458,172.458,48.906,83.906,0.5333,0.4522,0.2413,1.0266,2916.6666
4,212.658,212.658,60.306,95.306,0.5333,0.0069,0.0361,0.4216,3749.9999
2,224.296,224.296,66.654,101.654,0.5333,0.4522,0.2413,1.0266,3749.9999
2,34.874,34.874,34.874,63.874,0.0678,0.0789,0.1643,0.5391,2083.3332
4,360.126,360.126,77.274,112.274,0.5333,0.4522,0.0156,0.0058,5416.6667
4,34.874,34.874,34.874,59.874,0.0678,0.0503,0.0276,0.0029,2083.3332
4,261.326,261.326,56.074,91.074,0.5333,0.4522,0.0156,0.0058,3749.9999
4,66.674,66.674,154.734,189.734,0.0678,0.0789,0.0559,0.6456,4583.332
4,77.274,77.274,77.274,106.274,0.0678,0.0789,0.0971,0.1648,5416.6667
4,266.616,266.616,108.974,143.974,0.5333,0.4522,0.2413,1.0266,3749.9999
4,191.334,191.334,64.35,99.35,0.5333,0.4522,0.2413,1.0266,2916.6666
3,253.174,253.174,184.35,208.35,0.1049,0.0451,0.0023,0.0046,9583.3357
4,191.334,191.334,64.35,99.35,0.5333,0.0069,0.0361,0.4216,2916.6666
3,49.35,49.35,67.774,102.774,0.0678,0.0789,0.0897,1.0905,2083.3332
3,191.334,191.334,64.35,99.35,0.5333,0.0069,0.0361,0.4216,2916.6666
3,102.134,102.134,34.35,69.35,0.5333,0.4522,0.0051,1.0266,1249.9998
4,191.334,191.334,64.35,99.35,0.5333,0.4522,0.1665,0.3975,2916.6666
4,146.734,146.734,49.35,84.35,0.5333,0.0069,0.0361,0.4216,2083.3332
4,235.934,235.934,79.35,114.35,0.5333,0.0069,0.0361,0.4216,3749.9999
2,34.35,34.35,38.014,67.014,0.0678,0.0789,0.1643,0.5391,1249.9998
4,67.774,67.774,49.35,73.35,0.1049,0.0079,0.0613,0.3087,2083.3332
2,20.152,20.152,20.152,49.152,0.0678,0.0789,0.1643,0.5391,1249.9998
3,74.354,74.354,45.402,69.402,0.1049,0.0451,0.0023,0.0046,2083.3332
3,191.334,191.334,64.35,99.35,0.5333,0.4522,0.2413,1.0266,2916.6666
4,322.218,322.218,94.77,129.77,0.5333,0.4522,0.1665,0.3975,5416.6667
3,189.618,189.618,55.77,90.77,0.5333,0.4522,0.2413,1.0266,2916.6666
4,489.804,489.804,59.682,94.682,0.5333,0.4522,0.2413,1.0266,7916.6663
4,75.012,75.012,19.082,43.082,0.1049,0.0079,0.0613,0.3087,2083.3332
4,251.804,251.804,30.682,65.682,0.5333,0.4522,0.2413,1.0266,3749.9999
4,36.482,36.482,36.482,61.482,0.0678,0.0503,0.2601,0.5391,4583.332
2,13.282,13.282,13.282,42.282,0.0678,0.0789,0.1643,0.5391,1249.9998
3,322.048,322.048,167.314,202.314,0.5333,0.4522,0.1665,0.3975,4583.332
1,74.196,74.196,74.196,92.696,0.2537,0.1498,8.00E-04,0.0027,1249.9998
4,578.048,578.048,300.314,335.314,0.5333,0.4522,0.2413,1.0266,8750.001
4,138.996,138.996,114.114,138.114,0.1049,0.0451,0.1574,0.4671,2916.6666
4,197.34,197.34,42.9,77.9,0.5333,0.0069,0.0361,0.4216,2916.6666
3,233.818,233.818,68.77,103.77,0.5333,0.4522,0.0156,0.0058,3749.9999
4,133.77,133.77,133.77,158.77,0.0678,0.0052,0.1491,0.2421,7916.6663
2,94.77,94.77,94.77,123.77,0.0678,0.0789,0.1643,0.5391,5416.6667
4,133.77,133.77,133.77,158.77,0.0678,0.0503,0.0276,0.0029,7916.6663
3,127.058,127.058,81.77,105.77,0.1049,0.0079,0.0613,0.3087,4583.332
4,47.174,47.174,34.35,58.35,0.1049,0.0079,0.0613,0.3087,1249.9998
1,109.35,109.35,121.014,150.014,0.0678,0.0789,0.1643,0.5391,5416.6667
3,154.214,154.214,154.214,179.214,0.0678,0.0503,0.2601,0.5391,7083.3317
4,253.174,253.174,184.35,208.35,0.1049,0.0079,0.0613,0.3087,9583.3357
4,181.896,181.896,54.054,89.054,0.5333,0.4522,0.2413,1.0266,2916.6666
3,78.936,78.936,54.054,78.054,0.1049,0.0451,0.0023,0.0046,2916.6666
3,104.454,104.454,127.666,156.666,0.0678,0.0789,0.0014,0.0029,6250.0013
4,373.05,373.05,72.952,107.952,0.5333,0.4522,0.2413,1.0266,6250.0013
3,45.474,45.474,45.474,70.474,0.0678,0.0052,0.1491,0.2421,2916.6666
2,45.474,45.474,45.474,74.474,0.0678,0.0789,0.1643,0.0041,2916.6666
4,106.858,106.858,68.77,92.77,0.1049,0.0451,0.0023,0.0046,3749.9999
3,233.818,233.818,68.77,103.77,0.5333,0.0069,0.0361,0.4216,3749.9999
3,147.258,147.258,94.77,118.77,0.1049,0.0451,0.0023,0.0046,5416.6667
3,147.258,147.258,94.77,118.77,0.1049,0.0451,0.0238,0.0468,5416.6667
4,189.618,189.618,55.77,90.77,0.5333,0.4522,0.2413,1.0266,2916.6666
4,66.458,66.458,42.77,66.77,0.1049,0.0079,0.0613,0.3087,2083.3332
3,278.018,278.018,81.77,116.77,0.5333,0.4522,0.1665,0.3975,4583.332
4,233.818,233.818,68.77,103.77,0.5333,0.4522,0.0156,0.0058,3749.9999
4,66.458,66.458,42.77,66.77,0.1049,0.0451,0.0238,0.0468,2083.3332
4,278.018,278.018,81.77,116.77,0.5333,0.0069,0.0361,0.4216,4583.332
4,55.77,55.77,55.77,80.77,0.0678,0.0052,0.1491,0.2421,2916.6666
2,68.77,68.77,68.77,97.77,0.0678,0.0789,0.1643,0.5391,3749.9999
3,42.282,42.282,166.212,201.212,0.0678,0.0789,0.0897,1.0905,5416.6667
3,36.482,36.482,36.482,65.482,0.0678,0.0789,0.1643,0.5391,4583.332
4,13.282,13.282,13.282,38.282,0.0678,0.0503,0.2601,0.5391,1249.9998
3,97.812,97.812,24.882,48.882,0.1049,0.0451,0.0023,0.0046,2916.6666
3,36.482,36.482,36.482,65.482,0.0678,0.0025,0.0499,0.2421,4583.332
4,13.282,13.282,13.282,38.282,0.0678,0.0503,0.023,0.1648,1249.9998
4,108.974,108.974,139.656,174.656,0.0678,0.0789,0.0559,0.6456,3749.9999
4,216.216,216.216,88.374,123.374,0.5333,0.0069,0.0361,0.4216,2916.6666
3,139.656,139.656,108.974,132.974,0.1049,0.0451,0.1574,0.4671,3749.9999
4,113.256,113.256,88.374,112.374,0.1049,0.0451,0.0023,0.0046,2916.6666
2,129.574,129.574,147.186,176.186,0.0678,0.0789,0.1643,0.5391,4583.332
4,146.734,146.734,49.35,84.35,0.5333,0.0069,0.0361,0.4216,2083.3332
1,87.814,87.814,87.814,112.814,0.0678,0.0503,0.2601,0.5391,3749.9999
4,414.334,414.334,139.35,174.35,0.5333,0.4522,0.2413,1.0266,7083.3317
3,94.35,94.35,104.414,133.414,0.0678,0.0789,0.1643,0.5391,4583.332
1,66.654,66.654,81.466,110.466,0.0678,0.0789,0.1643,0.5391,3749.9999
4,41.454,41.454,50.666,79.666,0.0678,0.0789,0.1643,0.5391,2083.3332
3,351.496,351.496,104.454,139.454,0.5333,0.4522,0.0156,0.0058,6250.0013
2,41.454,41.454,50.666,79.666,0.0678,0.0025,0.0499,0.2421,2083.3332
2,91.854,91.854,112.266,141.266,0.0678,0.0789,0.0014,0.0029,5416.6667
4,115.736,115.736,79.254,103.254,0.1049,0.0079,0.0613,0.3087,4583.332
4,41.454,41.454,60.536,95.536,0.0678,0.0789,0.0559,0.6456,2083.3332
4,50.666,50.666,60.536,90.036,0.0678,0.0052,0.0732,0.1726,2083.3332
4,139.496,139.496,41.454,76.454,0.5333,0.4522,0.0156,0.0058,2083.3332
4,351.496,351.496,104.454,139.454,0.5333,0.0069,0.0361,0.4216,6250.0013
2,54.054,54.054,66.066,95.066,0.0678,0.0789,0.1643,0.5391,2916.6666
4,181.896,181.896,54.054,89.054,0.5333,0.4522,0.2413,1.0266,2916.6666
4,28.854,28.854,35.266,64.266,0.0678,0.0025,0.0499,0.2421,1249.9998
2,23.736,23.736,23.736,42.236,0.2537,0.1498,0.0233,0.0219,416.66668
4,54.696,54.696,16.254,51.254,0.5333,0.4522,0.0156,0.0058,416.66668
3,28.854,28.854,35.266,64.266,0.0678,0.0789,0.0014,0.0029,1249.9998
4,56.074,56.074,92.046,127.046,0.0678,0.0789,0.0102,0.0209,3749.9999
4,260.406,260.406,66.674,101.674,0.5333,0.4522,0.0156,0.0058,4583.332
4,301.806,301.806,77.274,112.274,0.5333,0.4522,0.1665,0.3975,5416.6667
3,34.874,34.874,44.086,73.086,0.0678,0.0789,0.0971,0.1648,2083.3332
4,92.046,92.046,56.074,80.074,0.1049,0.0451,0.0238,0.0468,3749.9999
3,384.606,384.606,98.474,133.474,0.5333,0.4522,0.2413,1.0266,7083.3317
4,260.406,260.406,66.674,101.674,0.5333,0.4522,0.0156,0.0058,4583.332
2,34.874,34.874,44.086,73.086,0.0678,0.0789,0.0014,0.0029,2083.3332
1,97.686,97.686,97.686,122.686,0.0678,0.0052,0.1491,0.2421,5416.6667
1,44.086,44.086,44.086,69.086,0.0678,0.0503,0.2601,0.5391,2083.3332
4,53.406,53.406,13.674,48.674,0.5333,0.4522,0.0156,0.0058,416.66668
4,74.646,74.646,177.606,202.606,0.2537,0.1498,0.0531,0.0052,2916.6666
2,144.246,144.246,144.246,162.746,0.2537,0.1498,0.0233,0.0219,6250.0013
4,92.046,92.046,219.006,244.006,0.2537,0.1498,0.6817,2.3014,3749.9999
2,136.206,136.206,34.874,69.874,0.5333,0.4522,0.1665,0.3975,2083.3332
3,144.246,144.246,87.874,111.874,0.1049,0.0451,0.0023,0.0046,6250.0013
1,56.074,56.074,70.886,99.886,0.0678,0.0789,0.1643,0.5391,3749.9999
4,167.374,167.374,211.586,240.586,0.0678,0.0789,0.1643,0.5391,12499.998
4,136.206,136.206,34.874,69.874,0.5333,0.0069,0.0361,0.4216,2083.3332
4,260.406,260.406,66.674,101.674,0.5333,0.4522,0.2413,1.0266,4583.332
3,343.206,343.206,87.874,122.874,0.5333,0.4522,0.1665,0.3975,6250.0013
4,74.646,74.646,177.606,202.606,0.2537,0.1498,0.6817,2.3014,2916.6666
3,233.818,233.818,68.77,103.77,0.5333,0.4522,0.2413,1.0266,3749.9999
4,343.206,343.206,87.874,122.874,0.5333,0.4522,0.0051,1.0266,6250.0013
4,219.006,219.006,56.074,91.074,0.5333,0.4522,0.2413,1.0266,3749.9999
2,87.874,87.874,111.086,140.086,0.0678,0.0025,0.0499,0.2421,6250.0013
4,177.606,177.606,45.474,80.474,0.5333,0.4522,0.0156,0.0058,2916.6666
3,104.048,104.048,70.604,94.604,0.1049,0.0451,0.1574,0.4671,7083.3317
4,151.008,151.008,32.604,67.604,0.5333,0.4522,0.0156,0.0058,2916.6666
4,101.004,101.004,212.64,241.64,0.0678,0.0789,0.0971,0.1648,10416.666
4,115.808,115.808,25.004,60.004,0.5333,0.4522,0.2413,1.0266,2083.3332
4,386.464,386.464,42.734,77.734,0.5333,0.4522,0.2413,1.0266,7083.3317
3,428.064,428.064,47.334,82.334,0.5333,0.0069,0.0361,0.4216,7916.6663
4,72.072,72.072,19.734,43.734,0.1049,0.0451,0.0023,0.0046,2916.6666
4,88.872,88.872,24.334,48.334,0.1049,0.0079,0.0613,0.3087,3749.9999
3,305.072,305.072,19.896,54.896,0.5333,0.0069,0.0361,0.4216,6250.0013
3,305.072,305.072,19.896,54.896,0.5333,0.0069,0.0361,0.4216,6250.0013
3,54.912,54.912,10.296,34.296,0.1049,0.0079,0.0613,0.3087,2916.6666
3,157.872,157.872,10.296,45.296,0.5333,0.0069,0.0361,0.4216,2916.6666
3,268.272,268.272,17.496,52.496,0.5333,0.4522,0.2413,1.0266,5416.6667
4,84.272,84.272,5.496,40.496,0.5333,0.4522,0.2413,1.0266,1249.9998
2,10.534,10.534,13.74,42.74,0.0678,0.0789,0.1643,0.5391,1249.9998
2,24.334,24.334,31.74,60.74,0.0678,0.0025,0.0499,0.2421,3749.9999
1,15.134,15.134,19.74,48.74,0.0678,0.0789,0.1643,0.5391,2083.3332
3,88.872,88.872,24.334,48.334,0.1049,0.0451,0.0023,0.0046,3749.9999
2,38.134,38.134,49.74,78.74,0.0678,0.0025,0.0499,0.2421,6250.0013
3,88.872,88.872,24.334,48.334,0.1049,0.0451,0.1574,0.4671,3749.9999
4,72.072,72.072,19.734,43.734,0.1049,0.0451,0.0023,0.0046,2916.6666
4,157.872,157.872,10.296,45.296,0.5333,0.4522,0.0156,0.0058,2916.6666
3,581.072,581.072,37.896,72.896,0.5333,0.4522,0.2413,1.0266,12499.998
4,341.872,341.872,22.296,57.296,0.5333,0.0069,0.0361,0.4216,7083.3317
4,268.272,268.272,17.496,52.496,0.5333,0.4522,0.0156,0.0058,5416.6667
4,341.872,341.872,22.296,57.296,0.5333,0.4522,0.1665,0.3975,7083.3317
1,17.496,17.496,78.732,107.732,0.0678,0.0789,0.0014,0.0029,5416.6667
4,194.672,194.672,12.696,47.696,0.5333,0.4522,0.0051,1.0266,3749.9999
3,67.712,67.712,12.696,36.696,0.1049,0.0451,2.00E-04,0.0021,3749.9999
3,67.712,67.712,12.696,36.696,0.1049,0.0079,0.0613,0.3087,3749.9999
3,42.112,42.112,7.896,31.896,0.1049,0.0451,0.0023,0.0046,2083.3332
3,157.872,157.872,10.296,45.296,0.5333,0.4522,0.2413,1.0266,2916.6666
2,12.696,12.696,57.132,86.132,0.0678,0.0789,0.1643,0.5391,3749.9999
1,89.532,89.532,89.532,114.532,0.0678,0.0503,0.023,0.1648,6250.0013
3,46.332,46.332,46.332,71.332,0.0678,0.0052,0.1491,0.2421,2916.6666
3,106.112,106.112,19.896,43.896,0.1049,0.0451,0.0023,0.0046,6250.0013
2,22.296,22.296,100.332,129.332,0.0678,0.0789,0.1643,0.5391,7083.3317
4,121.072,121.072,7.896,42.896,0.5333,0.4522,0.2413,1.0266,2083.3332
4,121.072,121.072,7.896,42.896,0.5333,0.4522,0.1665,0.3975,2083.3332
3,93.312,93.312,17.496,41.496,0.1049,0.0451,0.1574,0.4671,5416.6667
3,54.912,54.912,10.296,34.296,0.1049,0.0451,0.0023,0.0046,2916.6666
3,80.512,80.512,15.096,39.096,0.1049,0.0079,0.0613,0.3087,4583.332
3,67.712,67.712,12.696,36.696,0.1049,0.0451,0.0023,0.0046,3749.9999
4,54.912,54.912,10.296,34.296,0.1049,0.0079,0.0613,0.3087,2916.6666
3,415.472,415.472,27.096,62.096,0.5333,0.4522,0.0156,0.0058,8750.001
4,95.264,95.264,10.534,45.534,0.5333,0.0069,0.0361,0.4216,1249.9998
1,37.896,37.896,170.532,199.532,0.0678,0.0789,0.0014,0.0029,12499.998
4,121.072,121.072,7.896,42.896,0.5333,0.0069,0.0361,0.4216,2083.3332
4,54.912,54.912,10.296,34.296,0.1049,0.0451,0.0023,0.0046,2916.6666
4,268.272,268.272,17.496,52.496,0.5333,0.0069,0.0361,0.4216,5416.6667
3,157.872,157.872,10.296,45.296,0.5333,0.4522,0.0051,1.0266,2916.6666
3,157.872,157.872,10.296,45.296,0.5333,0.4522,0.0156,0.0058,2916.6666
3,80.512,80.512,15.096,39.096,0.1049,0.0451,0.1574,0.4671,4583.332
1,10.296,10.296,46.332,75.332,0.0678,0.0789,0.1643,0.5391,2916.6666
4,106.112,106.112,305.072,330.072,0.2537,0.1498,0.0531,0.0052,6250.0013
4,157.872,157.872,10.296,45.296,0.5333,0.4522,0.1665,0.3975,2916.6666
3,89.532,89.532,106.112,135.612,0.0678,0.0503,0.0143,0.0289,6250.0013
3,54.912,54.912,10.296,34.296,0.1049,0.0451,0.0023,0.0046,2916.6666
3,231.472,231.472,15.096,50.096,0.5333,0.4522,0.0156,0.0058,4583.332
3,268.272,268.272,17.496,52.496,0.5333,0.0069,0.0361,0.4216,5416.6667
4,157.312,157.312,29.496,53.496,0.1049,0.0451,0.0023,0.0046,9583.3357
4,121.072,121.072,7.896,42.896,0.5333,0.0069,0.0361,0.4216,2083.3332
4,231.472,231.472,15.096,50.096,0.5333,0.0069,0.0361,0.4216,4583.332
3,341.872,341.872,22.296,57.296,0.5333,0.0069,0.0361,0.4216,7083.3317
3,80.512,80.512,15.096,39.096,0.1049,0.0451,0.1574,0.4671,4583.332
4,344.864,344.864,38.134,73.134,0.5333,0.4522,0.2413,1.0266,6250.0013
4,220.064,220.064,24.334,59.334,0.5333,0.4522,0.0156,0.0058,3749.9999
4,122.472,122.472,33.534,57.534,0.1049,0.0079,0.0613,0.3087,5416.6667
4,72.072,72.072,19.734,43.734,0.1049,0.0451,0.0023,0.0046,2916.6666
1,5.934,5.934,7.74,36.74,0.0678,0.0789,0.0014,0.0029,416.66668
4,136.864,136.864,15.134,50.134,0.5333,0.4522,0.0156,0.0058,2083.3332
4,136.864,136.864,15.134,50.134,0.5333,0.4522,0.0156,0.0058,2083.3332
3,136.864,136.864,15.134,50.134,0.5333,0.4522,0.2413,1.0266,2083.3332
4,95.264,95.264,10.534,45.534,0.5333,0.0069,0.0361,0.4216,1249.9998
3,223.272,223.272,61.134,85.134,0.1049,0.0079,0.0613,0.3087,10416.666
3,386.464,386.464,42.734,77.734,0.5333,0.0069,0.0361,0.4216,7083.3317
4,303.264,303.264,33.534,68.534,0.5333,0.4522,0.2413,1.0266,5416.6667
1,24.334,24.334,31.74,60.74,0.0678,0.0789,0.1643,0.5391,3749.9999
4,72.072,72.072,19.734,43.734,0.1049,0.0079,0.0613,0.3087,2916.6666
3,265.272,265.272,72.634,96.634,0.1049,0.0079,0.0613,0.3087,12499.998
3,178.464,178.464,19.734,54.734,0.5333,0.4522,0.2413,1.0266,2916.6666
4,54.912,54.912,10.296,34.296,0.1049,0.0451,0.1574,0.4671,2916.6666
2,22.296,22.296,100.332,129.332,0.0678,0.0789,0.1643,0.5391,7083.3317
3,581.072,581.072,37.896,72.896,0.5333,0.4522,0.2413,1.0266,12499.998
3,67.712,67.712,12.696,36.696,0.1049,0.0451,0.1574,0.4671,3749.9999
3,93.312,93.312,17.496,41.496,0.1049,0.0451,0.0238,0.0468,5416.6667
1,93.312,93.312,93.312,111.812,0.2537,0.1498,0.0233,0.0219,5416.6667
4,220.064,220.064,24.334,59.334,0.5333,0.4522,0.0156,0.0058,3749.9999
4,178.464,178.464,19.734,54.734,0.5333,0.4522,0.2413,1.0266,2916.6666
3,265.272,265.272,72.634,96.634,0.1049,0.0451,0.1574,0.4671,12499.998
2,56.534,56.534,73.74,102.74,0.0678,0.0789,0.1643,0.5391,9583.3357
4,122.472,122.472,33.534,57.534,0.1049,0.0451,0.0238,0.0468,5416.6667
1,15.134,15.134,19.74,48.74,0.0678,0.0789,0.1643,0.5391,2083.3332
3,261.664,261.664,28.934,63.934,0.5333,0.0069,0.0361,0.4216,4583.332
1,42.734,42.734,55.74,84.74,0.0678,0.0789,0.1643,0.5391,7083.3317
3,189.672,189.672,51.934,75.934,0.1049,0.0451,0.0023,0.0046,8750.001
3,344.864,344.864,38.134,73.134,0.5333,0.4522,0.2413,1.0266,6250.0013
3,54.912,54.912,10.296,34.296,0.1049,0.0451,0.0023,0.0046,2916.6666
3,157.872,157.872,10.296,45.296,0.5333,0.0069,0.0361,0.4216,2916.6666
4,415.472,415.472,27.096,62.096,0.5333,0.0069,0.0361,0.4216,8750.001
3,581.072,581.072,37.896,72.896,0.5333,0.4522,0.0156,0.0058,12499.998
4,378.672,378.672,24.696,59.696,0.5333,0.4522,0.1665,0.3975,7916.6663
3,19.896,19.896,106.112,141.112,0.0678,0.0025,0.0108,0.2377,6250.0013
4,67.712,67.712,12.696,36.696,0.1049,0.0451,0.0238,0.0468,3749.9999
2,17.496,17.496,78.732,107.732,0.0678,0.0025,0.0499,0.2421,5416.6667
3,452.272,452.272,29.496,64.496,0.5333,0.4522,0.2413,1.0266,9583.3357
4,93.312,93.312,17.496,41.496,0.1049,0.0079,0.0613,0.3087,5416.6667
2,12.696,12.696,57.132,86.132,0.0678,0.0789,0.1643,0.5391,3749.9999
3,202.112,202.112,37.896,61.896,0.1049,0.0451,0.0023,0.0046,12499.998
4,489.072,489.072,31.896,66.896,0.5333,0.4522,0.2413,1.0266,10416.666
3,54.912,54.912,10.296,34.296,0.1049,0.0079,0.0613,0.3087,2916.6666
2,5.496,5.496,24.732,53.732,0.0678,0.0025,0.0499,0.2421,1249.9998
4,10.296,10.296,54.912,89.912,0.0678,0.0789,0.0897,1.0905,2916.6666
3,12.696,12.696,67.712,102.712,0.0678,0.0789,0.0102,0.0209,3749.9999
4,231.472,231.472,15.096,50.096,0.5333,0.0069,0.0361,0.4216,4583.332
1,10.296,10.296,46.332,75.332,0.0678,0.0789,0.1643,0.5391,2916.6666
3,42.112,42.112,7.896,31.896,0.1049,0.0451,0.1574,0.4671,2083.3332
4,231.472,231.472,15.096,50.096,0.5333,0.4522,0.1665,0.3975,4583.332
4,121.072,121.072,7.896,42.896,0.5333,0.0069,0.0361,0.4216,2083.3332
3,231.472,231.472,15.096,50.096,0.5333,0.4522,0.0156,0.0058,4583.332
2,10.296,10.296,46.332,75.332,0.0678,0.0789,0.1643,0.5391,2916.6666
1,5.496,5.496,24.732,53.732,0.0678,0.0789,0.1643,0.5391,1249.9998
3,202.112,202.112,37.896,61.896,0.1049,0.0451,0.0238,0.0468,12499.998
2,78.732,78.732,78.732,103.732,0.0678,0.0503,0.2601,0.5391,5416.6667
3,268.272,268.272,17.496,52.496,0.5333,0.4522,0.2413,1.0266,5416.6667
1,9.87,9.87,32.9,51.4,0.2537,0.1498,0.2339,0.6288,2083.3332
2,36.87,36.87,122.9,141.4,0.2537,0.1498,0.2339,0.6288,9583.3357
4,276.432,276.432,212.64,247.64,0.5333,0.0069,0.0361,0.4216,10416.666
4,100.016,100.016,9.87,39.37,0.0678,0.0052,0.0732,0.1726,2083.3332
4,193.232,193.232,148.64,183.64,0.5333,0.4522,0.2413,1.0266,7083.3317
3,52.64,52.64,9.87,44.87,0.0678,0.0789,0.0102,0.0209,2083.3332
3,191.216,191.216,18.87,48.37,0.0678,0.0503,0.0143,0.0289,4583.332
1,47.37,47.37,157.9,176.4,0.2537,0.1498,0.0233,0.0219,12499.998
4,68.64,68.64,12.87,47.87,0.0678,0.0789,0.0897,1.0905,2916.6666
3,252.64,252.64,47.37,82.37,0.0678,0.0789,0.0102,0.0209,12499.998
3,191.216,191.216,18.87,48.37,0.0678,0.0503,0.0143,0.0289,4583.332
3,68.64,68.64,12.87,47.87,0.0678,0.0025,0.0108,0.2377,2916.6666
3,160.816,160.816,15.87,45.37,0.0678,0.0503,0.0143,0.0289,3749.9999
3,148.64,148.64,27.87,62.87,0.0678,0.0789,0.0559,0.6456,7083.3317
3,84.64,84.64,15.87,50.87,0.0678,0.0789,0.0102,0.0209,3749.9999
4,180.64,180.64,33.87,68.87,0.0678,0.0789,0.0102,0.0209,8750.001
1,9.87,9.87,32.9,51.4,0.2537,0.1498,0.2339,0.6288,2083.3332
4,100.64,100.64,18.87,53.87,0.0678,0.0789,0.0897,1.0905,4583.332
3,148.64,148.64,27.87,62.87,0.0678,0.0789,0.0102,0.0209,7083.3317
3,148.64,148.64,27.87,62.87,0.0678,0.0789,0.0102,0.0209,7083.3317
3,191.216,191.216,18.87,48.37,0.0678,0.0503,0.0143,0.0289,4583.332
4,68.64,68.64,12.87,47.87,0.0678,0.0025,0.0108,0.2377,2916.6666
3,100.64,100.64,18.87,53.87,0.0678,0.0789,0.0102,0.0209,4583.332
3,191.216,191.216,18.87,48.37,0.0678,0.0503,0.0143,0.0289,4583.332
4,132.64,132.64,24.87,59.87,0.0678,0.0789,0.0897,1.0905,6250.0013
4,36.64,36.64,6.87,41.87,0.0678,0.0789,0.0559,0.6456,1249.9998
4,52.64,52.64,9.87,44.87,0.0678,0.0789,0.0102,0.0209,2083.3332
1,12.87,12.87,42.9,61.4,0.2537,0.1498,0.2339,0.6288,2916.6666
2,47.37,47.37,157.9,176.4,0.2537,0.1498,0.2339,0.6288,12499.998
1,27.87,27.87,92.9,111.4,0.2537,0.1498,0.2339,0.6288,7083.3317
2,18.87,18.87,62.9,81.4,0.2537,0.1498,0.2339,0.6288,4583.332
4,160.816,160.816,15.87,45.37,0.0678,0.0503,0.0016,0.1176,3749.9999
4,164.64,164.64,30.87,65.87,0.0678,0.0789,0.0897,1.0905,7916.6663
3,191.216,191.216,18.87,48.37,0.0678,0.0503,0.0143,0.0289,4583.332
3,84.64,84.64,15.87,50.87,0.0678,0.0789,0.0102,0.0209,3749.9999
4,24.87,24.87,172.432,197.432,0.2537,0.1498,0.6817,2.3014,6250.0013
1,12.87,12.87,42.9,61.4,0.2537,0.1498,0.0082,0.0044,2916.6666
3,116.64,116.64,21.87,56.87,0.0678,0.0789,0.0897,1.0905,5416.6667
2,33.87,33.87,112.9,131.4,0.2537,0.1498,0.2339,0.6288,8750.001
3,252.016,252.016,24.87,54.37,0.0678,0.0503,0.0016,0.1176,6250.0013
3,252.016,252.016,24.87,54.37,0.0678,0.0503,0.0143,0.0289,6250.0013
2,24.87,24.87,82.9,101.4,0.2537,0.1498,0.2339,0.6288,6250.0013
3,100.64,100.64,18.87,53.87,0.0678,0.0789,0.0559,0.6456,4583.332
4,100.64,100.64,18.87,53.87,0.0678,0.0789,0.0559,0.6456,4583.332
3,100.64,100.64,18.87,53.87,0.0678,0.0789,0.0559,0.6456,4583.332
2,6.87,6.87,22.9,41.4,0.2537,0.1498,0.0233,0.0219,1249.9998
2,15.87,15.87,68.77,87.27,0.2537,0.1498,0.0233,0.0219,3749.9999
3,221.408,221.408,18.87,48.37,0.0678,0.0503,0.0143,0.0289,4583.332
1,27.87,27.87,120.77,139.27,0.2537,0.1498,0.0233,0.0219,7083.3317
1,9.87,9.87,42.77,61.27,0.2537,0.1498,0.0233,0.0219,2083.3332
2,9.87,9.87,42.77,61.27,0.2537,0.1498,0.2339,0.6288,2083.3332
2,15.87,15.87,68.77,87.27,0.2537,0.1498,0.0233,0.0219,3749.9999
1,18.87,18.87,81.77,100.27,0.2537,0.1498,0.2339,0.6288,4583.332
4,116.64,116.64,21.87,56.87,0.0678,0.0789,0.0102,0.0209,5416.6667
1,21.87,21.87,72.9,91.4,0.2537,0.1498,0.2339,0.6288,5416.6667
2,12.87,12.87,42.9,61.4,0.2537,0.1498,0.2339,0.6288,2916.6666
2,12.87,12.87,42.9,61.4,0.2537,0.1498,0.0233,0.0219,2916.6666
4,116.64,116.64,21.87,56.87,0.0678,0.0789,0.0897,1.0905,5416.6667
4,84.64,84.64,15.87,50.87,0.0678,0.0025,0.0108,0.2377,3749.9999
4,132.64,132.64,24.87,59.87,0.0678,0.0789,0.0897,1.0905,6250.0013
4,52.64,52.64,9.87,44.87,0.0678,0.0789,0.0559,0.6456,2083.3332
3,9.87,9.87,32.9,51.4,0.2537,0.1498,0.2339,0.6288,2083.3332
4,148.64,148.64,27.87,62.87,0.0678,0.0789,0.0102,0.0209,7083.3317
3,180.64,180.64,33.87,68.87,0.0678,0.0789,0.0559,0.6456,8750.001
4,130.416,130.416,12.87,42.37,0.0678,0.0503,0.0016,0.1176,2916.6666
3,221.616,221.616,21.87,51.37,0.0678,0.0503,0.0143,0.0289,5416.6667
2,36.87,36.87,122.9,141.4,0.2537,0.1498,0.2339,0.6288,9583.3357
3,191.216,191.216,18.87,48.37,0.0678,0.0052,0.0732,0.1726,4583.332
4,68.64,68.64,12.87,47.87,0.0678,0.0789,0.0102,0.0209,2916.6666
2,30.87,30.87,102.9,121.4,0.2537,0.1498,0.2339,0.6288,7916.6663
3,282.416,282.416,27.87,57.37,0.0678,0.0503,0.0143,0.0289,7083.3317
3,116.64,116.64,21.87,56.87,0.0678,0.0789,0.0559,0.6456,5416.6667
3,84.64,84.64,15.87,50.87,0.0678,0.0789,0.0897,1.0905,3749.9999
4,116.64,116.64,21.87,56.87,0.0678,0.0789,0.0897,1.0905,5416.6667
3,148.64,148.64,27.87,62.87,0.0678,0.0789,0.0559,0.6456,7083.3317
2,18.87,18.87,62.9,81.4,0.2537,0.1498,0.0233,0.0219,4583.332
4,84.64,84.64,15.87,50.87,0.0678,0.0789,0.0897,1.0905,3749.9999
3,100.64,100.64,18.87,53.87,0.0678,0.0025,0.0108,0.2377,4583.332
3,84.64,84.64,15.87,50.87,0.0678,0.0789,0.0897,1.0905,3749.9999
4,6.87,6.87,47.632,72.632,0.2537,0.1498,0.6817,2.3014,1249.9998
4,84.64,84.64,15.87,50.87,0.0678,0.0789,0.0897,1.0905,3749.9999
4,68.64,68.64,12.87,47.87,0.0678,0.0789,0.0102,0.0209,2916.6666
4,84.64,84.64,15.87,50.87,0.0678,0.0789,0.0102,0.0209,3749.9999
1,18.87,18.87,62.9,81.4,0.2537,0.1498,0.2339,0.6288,4583.332
4,160.816,160.816,15.87,45.37,0.0678,0.0052,0.0732,0.1726,3749.9999
2,15.87,15.87,52.9,71.4,0.2537,0.1498,0.0233,0.0219,3749.9999
3,100.016,100.016,9.87,39.37,0.0678,0.0503,0.0143,0.0289,2083.3332
2,9.87,9.87,32.9,51.4,0.2537,0.1498,0.0233,0.0219,2083.3332
2,9.87,9.87,32.9,51.4,0.2537,0.1498,0.2339,0.6288,2083.3332
3,84.64,84.64,15.87,50.87,0.0678,0.0789,0.0897,1.0905,3749.9999
2,12.87,12.87,42.9,61.4,0.2537,0.1498,0.2339,0.6288,2916.6666
4,52.64,52.64,9.87,44.87,0.0678,0.0789,0.0559,0.6456,2083.3332
2,12.87,12.87,42.9,61.4,0.2537,0.1498,0.0233,0.0219,2916.6666
3,180.64,180.64,33.87,68.87,0.0678,0.0789,0.0102,0.0209,8750.001
4,36.64,36.64,6.87,41.87,0.0678,0.0789,0.0559,0.6456,1249.9998
3,52.64,52.64,9.87,44.87,0.0678,0.0789,0.0897,1.0905,2083.3332
3,84.64,84.64,15.87,50.87,0.0678,0.0789,0.0102,0.0209,3749.9999
1,9.87,9.87,32.9,51.4,0.2537,0.1498,0.2339,0.6288,2083.3332
3,148.64,148.64,27.87,62.87,0.0678,0.0789,0.0102,0.0209,7083.3317
4,52.64,52.64,9.87,44.87,0.0678,0.0789,0.0102,0.0209,2083.3332
1,15.87,15.87,52.9,71.4,0.2537,0.1498,0.2339,0.6288,3749.9999
3,228.64,228.64,42.87,77.87,0.0678,0.0789,0.0102,0.0209,11250.001
4,68.64,68.64,12.87,47.87,0.0678,0.0789,0.0559,0.6456,2916.6666
4,52.64,52.64,9.87,44.87,0.0678,0.0789,0.0559,0.6456,2083.3332
3,160.816,160.816,15.87,45.37,0.0678,0.0503,0.0143,0.0289,3749.9999
3,116.64,116.64,21.87,56.87,0.0678,0.0789,0.0102,0.0209,5416.6667
4,84.64,84.64,15.87,50.87,0.0678,0.0789,0.0897,1.0905,3749.9999
2,12.87,12.87,42.9,61.4,0.2537,0.1498,0.0233,0.0219,2916.6666
3,221.616,221.616,21.87,51.37,0.0678,0.0503,0.1082,0.324,5416.6667
4,68.64,68.64,12.87,47.87,0.0678,0.0025,0.0108,0.2377,2916.6666
1,9.87,9.87,32.9,51.4,0.2537,0.1498,0.2339,0.6288,2083.3332
2,12.87,12.87,42.9,61.4,0.2537,0.1498,0.0233,0.0219,2916.6666
2,3.87,3.87,12.9,31.4,0.2537,0.1498,0.2339,0.6288,416.66668
4,116.64,116.64,21.87,56.87,0.0678,0.0789,0.0102,0.0209,5416.6667
4,84.64,84.64,15.87,50.87,0.0678,0.0789,0.0559,0.6456,3749.9999
1,9.87,9.87,32.9,51.4,0.2537,0.1498,0.0233,0.0219,2083.3332
2,9.87,9.87,32.9,51.4,0.2537,0.1498,0.0233,0.0219,2083.3332
4,43.74,43.74,52.488,70.988,0.2537,0.1498,0.2339,0.6288,5416.6667
4,107.77,107.77,49.74,84.74,0.0678,0.0789,0.0559,0.6456,6250.0013
3,78.302,78.302,42.77,77.77,0.5333,0.0069,0.0361,0.4216,2083.3332
4,120.77,120.77,55.74,90.74,0.0678,0.0789,0.0897,1.0905,7083.3317
4,94.77,94.77,43.74,78.74,0.0678,0.0025,0.0108,0.2377,5416.6667
4,81.77,81.77,37.74,72.74,0.0678,0.0789,0.0559,0.6456,4583.332
4,134.366,134.366,31.74,61.24,0.0678,0.0503,0.1082,0.324,3749.9999
4,55.77,55.77,25.74,60.74,0.0678,0.0789,0.0102,0.0209,2916.6666
3,94.77,94.77,43.74,78.74,0.0678,0.0789,0.0897,1.0905,5416.6667
2,43.74,43.74,52.488,70.988,0.2537,0.1498,0.2339,0.6288,5416.6667
3,94.77,94.77,43.74,78.74,0.0678,0.0789,0.0559,0.6456,5416.6667
4,81.77,81.77,37.74,72.74,0.0678,0.0789,0.0102,0.0209,4583.332
4,107.77,107.77,49.74,84.74,0.0678,0.0789,0.0559,0.6456,6250.0013
4,108.966,108.966,25.74,55.24,0.0678,0.0503,0.0143,0.0289,2916.6666
2,25.74,25.74,30.888,49.388,0.2537,0.1498,0.0082,0.0044,2916.6666
3,108.966,108.966,25.74,55.24,0.0678,0.0052,0.0732,0.1726,2916.6666
4,94.77,94.77,43.74,78.74,0.0678,0.0789,0.0102,0.0209,5416.6667
1,125.902,125.902,68.77,103.77,0.5333,0.4522,0.2413,1.0266,3749.9999
4,68.77,68.77,31.74,66.74,0.0678,0.0789,0.0897,1.0905,3749.9999
3,159.766,159.766,37.74,67.24,0.0678,0.0503,0.0143,0.0289,4583.332
4,81.77,81.77,37.74,72.74,0.0678,0.0025,0.0108,0.2377,4583.332
3,68.77,68.77,31.74,66.74,0.0678,0.0025,0.0108,0.2377,3749.9999
4,107.77,107.77,49.74,84.74,0.0678,0.0789,0.0559,0.6456,6250.0013
3,94.77,94.77,43.74,78.74,0.0678,0.0025,0.0108,0.2377,5416.6667
3,29.77,29.77,13.74,48.74,0.0678,0.0789,0.0559,0.6456,1249.9998
3,108.966,108.966,25.74,55.24,0.0678,0.0503,0.0143,0.0289,2916.6666
3,42.594,42.594,6.87,41.87,0.0678,0.0789,0.0102,0.0209,1249.9998
4,79.794,79.794,12.87,47.87,0.0678,0.0789,0.0559,0.6456,2916.6666
3,115.808,115.808,9.87,39.37,0.0678,0.0503,0.0143,0.0289,2083.3332
3,154.194,154.194,24.87,59.87,0.0678,0.0789,0.0897,1.0905,6250.0013
4,42.594,42.594,6.87,41.87,0.0678,0.0789,0.0559,0.6456,1249.9998
1,24.87,24.87,107.77,126.27,0.2537,0.1498,0.0082,0.0044,6250.0013
4,186.208,186.208,15.87,45.37,0.0678,0.0052,0.0732,0.1726,3749.9999
4,61.194,61.194,9.87,44.87,0.0678,0.0789,0.0559,0.6456,2083.3332
2,12.87,12.87,55.77,74.27,0.2537,0.1498,0.2339,0.6288,2916.6666
4,79.794,79.794,12.87,47.87,0.0678,0.0789,0.0559,0.6456,2916.6666
1,27.87,27.87,120.77,139.27,0.2537,0.1498,0.2339,0.6288,7083.3317
4,79.794,79.794,12.87,47.87,0.0678,0.0789,0.0897,1.0905,2916.6666
3,555.808,555.808,47.37,76.87,0.0678,0.0503,0.0143,0.0289,12499.998
3,80.608,80.608,6.87,36.37,0.0678,0.0503,0.0143,0.0289,1249.9998
3,467.808,467.808,39.87,69.37,0.0678,0.0503,0.0143,0.0289,10416.666
1,36.87,36.87,159.77,178.27,0.2537,0.1498,0.2339,0.6288,9583.3357
1,12.87,12.87,55.77,74.27,0.2537,0.1498,0.0082,0.0044,2916.6666
1,6.87,6.87,29.77,48.27,0.2537,0.1498,0.0233,0.0219,1249.9998
4,115.808,115.808,9.87,39.37,0.0678,0.0503,0.1082,0.324,2083.3332
1,12.87,12.87,55.77,74.27,0.2537,0.1498,0.2339,0.6288,2916.6666
3,154.194,154.194,24.87,59.87,0.0678,0.0789,0.0102,0.0209,6250.0013
3,116.994,116.994,18.87,53.87,0.0678,0.0789,0.0102,0.0209,4583.332
1,12.87,12.87,55.77,74.27,0.2537,0.1498,0.2339,0.6288,2916.6666
2,3.87,3.87,16.77,35.27,0.2537,0.1498,0.0233,0.0219,416.66668
4,154.194,154.194,24.87,59.87,0.0678,0.0789,0.0559,0.6456,6250.0013
1,30.87,30.87,133.77,152.27,0.2537,0.1498,0.0233,0.0219,7916.6663
2,3.87,3.87,16.77,35.27,0.2537,0.0014,0.0626,0.2773,416.66668
4,135.594,135.594,21.87,56.87,0.0678,0.0789,0.0102,0.0209,5416.6667
4,116.994,116.994,18.87,53.87,0.0678,0.0789,0.0102,0.0209,4583.332
4,116.994,116.994,18.87,53.87,0.0678,0.0789,0.0897,1.0905,4583.332
3,555.808,555.808,47.37,76.87,0.0678,0.0052,0.0732,0.1726,12499.998
4,116.994,116.994,18.87,53.87,0.0678,0.0789,0.0102,0.0209,4583.332
3,209.994,209.994,33.87,68.87,0.0678,0.0789,0.0102,0.0209,8750.001
3,98.394,98.394,15.87,50.87,0.0678,0.0789,0.0559,0.6456,3749.9999
3,115.808,115.808,9.87,39.37,0.0678,0.0503,0.0143,0.0289,2083.3332
4,80.608,80.608,6.87,36.37,0.0678,0.0503,0.1082,0.324,1249.9998
4,79.794,79.794,12.87,47.87,0.0678,0.0789,0.0102,0.0209,2916.6666
1,24.87,24.87,107.77,126.27,0.2537,0.1498,0.0233,0.0219,6250.0013
3,151.008,151.008,12.87,42.37,0.0678,0.0503,0.1082,0.324,2916.6666
3,256.608,256.608,21.87,51.37,0.0678,0.0503,0.0143,0.0289,5416.6667
3,98.394,98.394,15.87,50.87,0.0678,0.0789,0.0559,0.6456,3749.9999
2,12.87,12.87,55.77,74.27,0.2537,0.1498,0.2339,0.6288,2916.6666
1,21.87,21.87,94.77,113.27,0.2537,0.1498,0.0233,0.0219,5416.6667
3,115.808,115.808,9.87,39.37,0.0678,0.0503,0.1082,0.324,2083.3332
4,135.594,135.594,21.87,56.87,0.0678,0.0789,0.0102,0.0209,5416.6667
4,135.594,135.594,21.87,56.87,0.0678,0.0789,0.0559,0.6456,5416.6667
2,24.87,24.87,107.77,126.27,0.2537,0.1498,0.2339,0.6288,6250.0013
4,79.794,79.794,12.87,47.87,0.0678,0.0789,0.0897,1.0905,2916.6666
3,23.994,23.994,3.87,38.87,0.0678,0.0789,0.0559,0.6456,416.66668
4,98.394,98.394,15.87,50.87,0.0678,0.0789,0.0102,0.0209,3749.9999
3,221.408,221.408,18.87,48.37,0.0678,0.0503,0.0143,0.0289,4583.332
4,12.87,12.87,53.196,78.196,0.2537,0.1498,0.6817,2.3014,2916.6666
3,80.608,80.608,6.87,36.37,0.0678,0.0052,0.0732,0.1726,1249.9998
3,256.608,256.608,21.87,51.37,0.0678,0.0503,0.0143,0.0289,5416.6667
3,80.608,80.608,6.87,36.37,0.0678,0.0503,0.0143,0.0289,1249.9998
2,12.87,12.87,55.77,74.27,0.2537,0.1498,0.2339,0.6288,2916.6666
4,115.808,115.808,115.808,140.808,0.0678,0.0503,0.2601,0.5391,2083.3332
1,15.87,15.87,68.77,87.27,0.2537,0.1498,0.2339,0.6288,3749.9999
3,397.408,397.408,33.87,63.37,0.0678,0.0503,0.0143,0.0289,8750.001
3,79.794,79.794,12.87,47.87,0.0678,0.0789,0.0102,0.0209,2916.6666
4,42.594,42.594,6.87,41.87,0.0678,0.0789,0.0559,0.6456,1249.9998
3,256.608,256.608,21.87,51.37,0.0678,0.0503,0.1082,0.324,5416.6667
2,3.87,3.87,16.77,35.27,0.2537,0.1498,0.0233,0.0219,416.66668
2,21.87,21.87,94.77,113.27,0.2537,0.1498,0.0233,0.0219,5416.6667
3,79.794,79.794,12.87,47.87,0.0678,0.0789,0.0559,0.6456,2916.6666
3,327.008,327.008,27.87,57.37,0.0678,0.0503,0.0143,0.0289,7083.3317
3,45.408,45.408,3.87,33.37,0.0678,0.0503,0.0022,0.324,416.66668
3,175.89,175.89,121.836,146.836,0.2537,0.1498,0.6817,2.3014,2916.6666
1,31.144,31.144,70.532,105.532,0.5333,0.4522,0.0156,0.0058,1249.9998
3,35.724,35.724,31.144,56.144,0.2537,0.1498,0.6817,2.3014,1249.9998
1,121.836,121.836,203.346,238.346,0.5333,0.4522,0.0156,0.0058,2916.6666
4,175.89,175.89,121.836,146.836,0.2537,0.1498,0.6817,2.3014,2916.6666
2,93.436,93.436,155.946,190.946,0.5333,0.4522,0.2413,1.0266,2083.3332
3,224.818,224.818,245.256,270.256,0.2537,0.1498,0.6817,2.3014,7083.3317
4,128.018,128.018,139.656,164.656,0.2537,0.1498,0.6817,2.3014,3749.9999
4,57.246,57.246,9.87,34.87,0.2537,0.1498,0.0531,0.0052,2083.3332
3,22.446,22.446,3.87,28.87,0.2537,0.1498,0.7369,2.3101,416.66668
4,74.646,74.646,12.87,37.87,0.2537,0.1498,0.6817,2.3014,2916.6666
3,144.246,144.246,24.87,49.87,0.2537,0.1498,0.0531,0.0052,6250.0013
1,9.87,9.87,121.73,156.73,0.5333,0.4522,0.2413,1.0266,2083.3332
4,22.446,22.446,3.87,28.87,0.2537,0.1498,0.6817,2.3014,416.66668
3,74.646,74.646,12.87,37.87,0.2537,0.1498,0.7369,2.3101,2916.6666
1,9.87,9.87,121.73,156.73,0.5333,0.4522,0.2413,1.0266,2083.3332
2,18.87,18.87,232.73,267.73,0.5333,0.4522,0.2413,1.0266,4583.332
3,161.646,161.646,27.87,52.87,0.2537,0.1498,0.0531,0.0052,7083.3317
4,57.246,57.246,9.87,34.87,0.2537,0.1498,0.6817,2.3014,2083.3332
4,109.446,109.446,18.87,43.87,0.2537,0.1498,0.0531,0.0052,4583.332
3,74.646,74.646,12.87,37.87,0.2537,0.1498,0.0531,0.0052,2916.6666
3,22.446,22.446,3.87,28.87,0.2537,0.1498,0.6817,2.3014,416.66668
2,3.87,3.87,47.73,82.73,0.5333,0.4522,0.2413,1.0266,416.66668
1,3.87,3.87,47.73,82.73,0.5333,0.4522,0.2413,1.0266,416.66668
3,57.246,57.246,9.87,34.87,0.2537,0.1498,0.6817,2.3014,2083.3332
3,161.646,161.646,27.87,52.87,0.2537,0.1498,0.6817,2.3014,7083.3317
1,15.87,15.87,195.73,230.73,0.5333,0.4522,0.0156,0.0058,3749.9999
2,12.87,12.87,158.73,193.73,0.5333,0.4522,0.2413,1.0266,2916.6666
2,9.87,9.87,121.73,156.73,0.5333,0.4522,0.2413,1.0266,2083.3332
3,74.646,74.646,12.87,37.87,0.2537,0.1498,0.0531,0.0052,2916.6666
3,74.646,74.646,12.87,37.87,0.2537,0.1498,0.7369,2.3101,2916.6666
3,57.246,57.246,9.87,34.87,0.2537,0.1498,0.0531,0.0052,2083.3332
3,176.344,176.344,57.246,86.746,0.0678,0.0503,0.0143,0.0289,2083.3332
3,74.646,74.646,12.87,37.87,0.2537,0.1498,0.6817,2.3014,2916.6666
2,9.87,9.87,121.73,156.73,0.5333,0.4522,0.2413,1.0266,2083.3332
4,74.646,74.646,12.87,37.87,0.2537,0.1498,0.6817,2.3014,2916.6666
2,6.87,6.87,84.73,119.73,0.5333,0.4522,0.2413,1.0266,1249.9998
3,39.846,39.846,6.87,31.87,0.2537,0.1498,0.0531,0.0052,1249.9998
4,92.046,92.046,15.87,40.87,0.2537,0.1498,0.6817,2.3014,3749.9999
3,283.544,283.544,92.046,121.546,0.0678,0.0503,0.0143,0.0289,3749.9999
3,74.646,74.646,12.87,37.87,0.2537,0.1498,0.6817,2.3014,2916.6666
3,74.646,74.646,12.87,37.87,0.2537,0.1498,0.0531,0.0052,2916.6666
4,57.246,57.246,9.87,34.87,0.2537,0.1498,0.6817,2.3014,2083.3332
4,195.73,195.73,92.046,127.046,0.0678,0.0789,0.0559,0.6456,3749.9999
2,9.87,9.87,121.73,156.73,0.5333,0.4522,0.2413,1.0266,2083.3332
3,144.246,144.246,24.87,49.87,0.2537,0.1498,0.6817,2.3014,6250.0013
3,144.246,144.246,24.87,49.87,0.2537,0.1498,0.6817,2.3014,6250.0013
3,109.446,109.446,18.87,43.87,0.2537,0.1498,0.0531,0.0052,4583.332
3,39.846,39.846,6.87,31.87,0.2537,0.1498,0.0531,0.0052,1249.9998
3,57.246,57.246,9.87,34.87,0.2537,0.1498,0.0531,0.0052,2083.3332
1,27.87,27.87,343.73,378.73,0.5333,0.4522,0.2413,1.0266,7083.3317
4,92.046,92.046,15.87,40.87,0.2537,0.1498,0.6817,2.3014,3749.9999
3,92.046,92.046,15.87,40.87,0.2537,0.1498,0.6817,2.3014,3749.9999
3,15.096,15.096,213.86,248.86,0.5333,0.0069,0.0361,0.4216,4583.332
2,7.896,7.896,111.86,146.86,0.5333,0.4522,0.0156,0.0058,2083.3332
1,12.696,12.696,179.86,214.86,0.5333,0.4522,0.0051,1.0266,3749.9999
3,32.976,32.976,5.496,30.496,0.2537,0.1498,0.7369,2.3101,1249.9998
3,47.376,47.376,7.896,32.896,0.2537,0.1498,0.6817,2.3014,2083.3332
1,19.896,19.896,281.86,316.86,0.5333,0.4522,0.2413,1.0266,6250.0013
3,76.176,76.176,12.696,37.696,0.2537,0.1498,0.7369,2.3101,3749.9999
3,47.376,47.376,7.896,32.896,0.2537,0.1498,0.7369,2.3101,2083.3332
3,133.776,133.776,22.296,47.296,0.2537,0.1498,0.6817,2.3014,7083.3317
4,61.776,61.776,10.296,35.296,0.2537,0.1498,0.6817,2.3014,2916.6666
3,227.376,227.376,37.896,62.896,0.2537,0.1498,0.0531,0.0052,12499.998
1,7.896,7.896,111.86,146.86,0.5333,0.4522,0.2413,1.0266,2083.3332
3,90.576,90.576,15.096,40.096,0.2537,0.1498,0.7369,2.3101,4583.332
4,90.576,90.576,15.096,40.096,0.2537,0.1498,0.6817,2.3014,4583.332
1,15.096,15.096,213.86,248.86,0.5333,0.4522,0.2413,1.0266,4583.332
1,10.296,10.296,145.86,180.86,0.5333,0.4522,0.2413,1.0266,2916.6666
4,133.776,133.776,22.296,47.296,0.2537,0.1498,0.0531,0.0052,7083.3317
3,61.776,61.776,10.296,35.296,0.2537,0.1498,0.7369,2.3101,2916.6666
3,61.776,61.776,10.296,35.296,0.2537,0.1498,0.6817,2.3014,2916.6666
1,15.096,15.096,213.86,248.86,0.5333,0.4522,0.2413,1.0266,4583.332
3,32.976,32.976,5.496,30.496,0.2537,0.1498,0.6817,2.3014,1249.9998
3,162.576,162.576,27.096,52.096,0.2537,0.1498,0.7369,2.3101,8750.001
3,76.176,76.176,12.696,37.696,0.2537,0.1498,0.7369,2.3101,3749.9999
2,77.86,77.86,115.874,144.874,0.0678,0.0789,0.0014,0.0029,1249.9998
1,17.496,17.496,247.86,282.86,0.5333,0.4522,0.0156,0.0058,5416.6667
4,61.776,61.776,10.296,35.296,0.2537,0.1498,0.6817,2.3014,2916.6666
3,104.976,104.976,17.496,42.496,0.2537,0.1498,0.6817,2.3014,5416.6667
4,47.376,47.376,7.896,32.896,0.2537,0.1498,0.6817,2.3014,2083.3332
3,150.174,150.174,45.198,70.198,0.2537,0.1498,0.6817,2.3014,5416.6667
1,26.598,26.598,172.458,207.458,0.5333,0.4522,0.2413,1.0266,2916.6666
4,88.374,88.374,26.598,51.598,0.2537,0.1498,0.6817,2.3014,2916.6666
3,129.574,129.574,38.998,63.998,0.2537,0.1498,0.6817,2.3014,4583.332
4,132.258,132.258,67.774,102.774,0.0678,0.0789,0.0559,0.6456,2083.3332
2,26.598,26.598,172.458,207.458,0.5333,0.4522,0.2413,1.0266,2916.6666
1,14.198,14.198,92.058,127.058,0.5333,0.4522,0.2413,1.0266,1249.9998
4,47.174,47.174,14.198,39.198,0.2537,0.1498,0.6817,2.3014,1249.9998
4,108.974,108.974,32.798,57.798,0.2537,0.1498,0.6817,2.3014,3749.9999
2,20.398,20.398,132.258,167.258,0.5333,0.4522,0.0156,0.0058,2083.3332
4,88.374,88.374,26.598,51.598,0.2537,0.1498,0.6817,2.3014,2916.6666
3,129.574,129.574,38.998,63.998,0.2537,0.1498,0.7369,2.3101,4583.332
3,88.374,88.374,26.598,51.598,0.2537,0.1498,0.0531,0.0052,2916.6666
1,32.798,32.798,212.658,247.658,0.5333,0.4522,0.1665,0.3975,3749.9999
3,88.374,88.374,26.598,51.598,0.2537,0.1498,0.6817,2.3014,2916.6666
4,129.574,129.574,38.998,63.998,0.2537,0.1498,0.0531,0.0052,4583.332
3,108.974,108.974,32.798,57.798,0.2537,0.1498,0.6817,2.3014,3749.9999
4,129.574,129.574,38.998,63.998,0.2537,0.1498,0.6817,2.3014,4583.332
2,26.598,26.598,172.458,207.458,0.5333,0.4522,0.2413,1.0266,2916.6666
2,26.598,26.598,172.458,207.458,0.5333,0.4522,0.0156,0.0058,2916.6666
4,129.574,129.574,38.998,63.998,0.2537,0.1498,0.6817,2.3014,4583.332
3,253.174,253.174,76.198,101.198,0.2537,0.1498,0.6817,2.3014,9583.3357
3,108.974,108.974,32.798,57.798,0.2537,0.1498,0.0531,0.0052,3749.9999
2,20.398,20.398,132.258,167.258,0.5333,0.4522,0.2413,1.0266,2083.3332
3,47.174,47.174,14.198,39.198,0.2537,0.1498,0.0531,0.0052,1249.9998
2,38.998,38.998,252.858,287.858,0.5333,0.4522,0.1665,0.3975,4583.332
3,129.574,129.574,38.998,63.998,0.2537,0.1498,0.6817,2.3014,4583.332
2,76.198,76.198,494.058,529.058,0.5333,0.4522,0.2413,1.0266,9583.3357
1,7.998,7.998,51.858,86.858,0.5333,0.4522,0.2413,1.0266,416.66668
2,9.87,9.87,121.73,156.73,0.5333,0.4522,0.0156,0.0058,2083.3332
1,14.476,14.476,62.51,81.01,0.2537,0.1498,0.0233,0.0219,2083.3332
2,2.322,2.322,55.47,90.47,0.5333,0.4522,0.2413,1.0266,416.66668
3,53.586,53.586,4.122,29.122,0.2537,0.1498,0.6817,2.3014,1249.9998
3,123.786,123.786,9.522,34.522,0.2537,0.1498,0.0531,0.0052,3749.9999
4,61.776,61.776,10.296,35.296,0.2537,0.1498,0.0531,0.0052,2916.6666
2,3.096,3.096,43.86,78.86,0.5333,0.4522,0.2413,1.0266,416.66668
2,7.896,7.896,111.86,146.86,0.5333,0.4522,0.2413,1.0266,2083.3332
3,76.176,76.176,12.696,37.696,0.2537,0.1498,0.7369,2.3101,3749.9999
3,47.376,47.376,7.896,32.896,0.2537,0.1498,0.6817,2.3014,2083.3332
4,18.576,18.576,3.096,28.096,0.2537,0.1498,0.6817,2.3014,416.66668
4,32.976,32.976,5.496,30.496,0.2537,0.1498,0.0531,0.0052,1249.9998
3,119.376,119.376,19.896,44.896,0.2537,0.1498,0.6817,2.3014,6250.0013
3,61.776,61.776,10.296,35.296,0.2537,0.1498,0.6817,2.3014,2916.6666
2,15.096,15.096,213.86,248.86,0.5333,0.4522,0.2413,1.0266,4583.332
2,10.296,10.296,145.86,180.86,0.5333,0.4522,0.1665,0.3975,2916.6666
2,5.496,5.496,77.86,112.86,0.5333,0.4522,0.2413,1.0266,1249.9998
4,32.976,32.976,5.496,30.496,0.2537,0.1498,0.6817,2.3014,1249.9998
1,17.496,17.496,247.86,282.86,0.5333,0.4522,0.2413,1.0266,5416.6667
3,32.976,32.976,5.496,30.496,0.2537,0.1498,0.0531,0.0052,1249.9998
3,61.776,61.776,10.296,35.296,0.2537,0.1498,0.6817,2.3014,2916.6666
3,76.176,76.176,12.696,37.696,0.2537,0.1498,0.0531,0.0052,3749.9999
2,5.496,5.496,77.86,112.86,0.5333,0.4522,0.2413,1.0266,1249.9998
3,18.576,18.576,3.096,28.096,0.2537,0.1498,0.0531,0.0052,416.66668
3,90.576,90.576,15.096,40.096,0.2537,0.1498,0.0531,0.0052,4583.332
1,76.176,76.176,139.656,158.156,0.2537,0.1498,0.2339,0.6288,3749.9999
3,76.176,76.176,12.696,37.696,0.2537,0.1498,0.6817,2.3014,3749.9999
3,227.376,227.376,37.896,62.896,0.2537,0.1498,0.0531,0.0052,12499.998
1,5.496,5.496,77.86,112.86,0.5333,0.4522,0.1665,0.3975,1249.9998
2,47.376,47.376,86.856,105.356,0.2537,0.1498,0.2339,0.6288,2083.3332
1,7.896,7.896,111.86,146.86,0.5333,0.4522,0.2413,1.0266,2083.3332
3,37.506,37.506,3.29,28.29,0.2537,0.1498,0.6817,2.3014,2083.3332
1,3.29,3.29,101.99,136.99,0.5333,0.4522,0.0051,1.0266,2083.3332
1,2.29,2.29,70.99,105.99,0.5333,0.4522,0.1665,0.3975,1249.9998
1,1.29,1.29,39.99,74.99,0.5333,0.4522,0.2413,1.0266,416.66668
2,6.29,6.29,194.99,229.99,0.5333,0.4522,0.2413,1.0266,4583.332
3,243.34,243.34,41.262,70.762,0.0678,0.0503,0.0143,0.0289,3749.9999
3,56.862,56.862,36.45,61.45,0.2537,0.1498,0.0531,0.0052,5416.6667
2,49.062,49.062,149.702,168.202,0.2537,0.1498,0.0082,0.0044,4583.332
4,49.062,49.062,31.45,56.45,0.2537,0.1498,0.7369,2.3101,4583.332
3,25.662,25.662,16.45,41.45,0.2537,0.1498,0.6817,2.3014,2083.3332
3,214.326,214.326,56.862,91.862,0.0678,0.0789,0.0102,0.0209,5416.6667
3,126.126,126.126,33.462,68.462,0.0678,0.0789,0.0102,0.0209,2916.6666
1,11.45,11.45,67.326,102.326,0.5333,0.4522,0.2413,1.0266,1249.9998
4,16.45,16.45,96.726,131.726,0.5333,0.4522,0.2413,1.0266,2083.3332
3,243.34,243.34,41.262,70.762,0.0678,0.0503,0.0143,0.0289,3749.9999
4,80.262,80.262,51.45,76.45,0.2537,0.1498,0.6817,2.3014,7916.6663
3,96.726,96.726,25.662,60.662,0.0678,0.0789,0.0102,0.0209,2083.3332
1,26.45,26.45,155.526,190.526,0.5333,0.4522,0.2413,1.0266,3749.9999
4,25.662,25.662,16.45,41.45,0.2537,0.1498,0.6817,2.3014,2083.3332
4,41.262,41.262,26.45,51.45,0.2537,0.1498,0.6817,2.3014,3749.9999
1,21.45,21.45,126.126,161.126,0.5333,0.4522,0.2413,1.0266,2916.6666
4,33.462,33.462,21.45,46.45,0.2537,0.1498,0.0531,0.0052,2916.6666
3,67.326,67.326,17.862,52.862,0.0678,0.0789,0.0897,1.0905,1249.9998
3,33.462,33.462,21.45,46.45,0.2537,0.1498,0.7369,2.3101,2916.6666
2,17.862,17.862,54.502,73.002,0.2537,0.1498,0.0233,0.0219,1249.9998
1,11.45,11.45,67.326,102.326,0.5333,0.4522,0.2413,1.0266,1249.9998
4,176.748,176.748,18.876,48.376,0.0678,0.0503,0.1082,0.324,2916.6666
4,14.476,14.476,22.372,47.372,0.2537,0.1498,0.0531,0.0052,2083.3332
3,341.548,341.548,36.476,65.976,0.0678,0.0503,0.0143,0.0289,6250.0013
3,39.846,39.846,6.87,31.87,0.2537,0.1498,0.0531,0.0052,1249.9998
3,39.846,39.846,6.87,31.87,0.2537,0.1498,0.6817,2.3014,1249.9998
4,74.646,74.646,12.87,37.87,0.2537,0.1498,0.6817,2.3014,2916.6666
1,15.87,15.87,195.73,230.73,0.5333,0.4522,0.1665,0.3975,3749.9999
4,57.246,57.246,9.87,34.87,0.2537,0.1498,0.7369,2.3101,2083.3332
4,92.046,92.046,15.87,40.87,0.2537,0.1498,0.0531,0.0052,3749.9999
4,90.576,90.576,15.096,40.096,0.2537,0.0014,0.7369,2.3101,4583.332
4,61.776,61.776,10.296,35.296,0.2537,0.1498,0.6817,2.3014,2916.6666
2,7.896,7.896,111.86,146.86,0.5333,0.4522,0.2413,1.0266,2083.3332
2,15.096,15.096,213.86,248.86,0.5333,0.4522,0.2413,1.0266,4583.332
3,61.776,61.776,10.296,35.296,0.2537,0.1498,0.7369,2.3101,2916.6666
4,145.86,145.86,217.074,246.074,0.0678,0.0789,0.0014,0.0029,2916.6666
3,76.176,76.176,12.696,37.696,0.2537,0.1498,0.7369,2.3101,3749.9999
4,61.776,61.776,10.296,35.296,0.2537,0.1498,0.6817,2.3014,2916.6666
2,7.896,7.896,111.86,146.86,0.5333,0.4522,0.2413,1.0266,2083.3332
1,12.696,12.696,179.86,214.86,0.5333,0.4522,0.0156,0.0058,3749.9999
4,104.976,104.976,17.496,42.496,0.2537,0.1498,0.6817,2.3014,5416.6667
2,7.896,7.896,111.86,146.86,0.5333,0.4522,0.2413,1.0266,2083.3332
4,76.176,76.176,12.696,37.696,0.2537,0.1498,0.0531,0.0052,3749.9999
3,166.212,166.212,52.488,77.488,0.2537,0.1498,0.0531,0.0052,5416.6667
2,16.488,16.488,97.096,132.096,0.5333,0.4522,0.2413,1.0266,1249.9998
3,143.412,143.412,45.288,70.288,0.2537,0.1498,0.6817,2.3014,4583.332
3,97.812,97.812,30.888,55.888,0.2537,0.1498,0.7369,2.3101,2916.6666
4,75.012,75.012,23.688,48.688,0.2537,0.0014,0.7369,2.3101,2083.3332
2,30.888,30.888,181.896,216.896,0.5333,0.4522,0.2413,1.0266,2916.6666
3,120.612,120.612,38.088,63.088,0.2537,0.1498,0.6817,2.3014,3749.9999
4,97.812,97.812,30.888,55.888,0.2537,0.1498,0.6817,2.3014,2916.6666
2,30.888,30.888,181.896,216.896,0.5333,0.4522,0.2413,1.0266,2916.6666
3,120.612,120.612,38.088,63.088,0.2537,0.1498,0.7369,2.3101,3749.9999
4,97.096,97.096,52.212,87.212,0.0678,0.0789,0.0897,1.0905,1249.9998
4,189.012,189.012,59.688,84.688,0.2537,0.1498,0.6817,2.3014,6250.0013
4,52.212,52.212,16.488,41.488,0.2537,0.1498,0.6817,2.3014,1249.9998
3,75.012,75.012,23.688,48.688,0.2537,0.1498,0.6817,2.3014,2083.3332
3,351.496,351.496,189.012,224.012,0.0678,0.0789,0.0897,1.0905,6250.0013
1,30.888,30.888,181.896,216.896,0.5333,0.4522,0.0156,0.0058,2916.6666
3,61.776,61.776,10.296,35.296,0.2537,0.1498,0.7369,2.3101,2916.6666
3,267.674,267.674,76.176,105.676,0.0678,0.0503,0.1082,0.324,3749.9999
2,12.696,12.696,179.86,214.86,0.5333,0.4522,0.2413,1.0266,3749.9999
4,32.976,32.976,5.496,30.496,0.2537,0.1498,0.6817,2.3014,1249.9998
4,47.376,47.376,7.896,32.896,0.2537,0.1498,0.0531,0.0052,2083.3332
3,32.976,32.976,5.496,30.496,0.2537,0.1498,0.7369,2.3101,1249.9998
2,10.296,10.296,145.86,180.86,0.5333,0.4522,0.2413,1.0266,2916.6666
3,267.674,267.674,76.176,105.676,0.0678,0.0503,0.0143,0.0289,3749.9999
4,76.176,76.176,12.696,37.696,0.2537,0.1498,0.6817,2.3014,3749.9999
4,61.776,61.776,10.296,35.296,0.2537,0.1498,0.6817,2.3014,2916.6666
4,111.86,111.86,47.376,82.376,0.0678,0.0789,0.0102,0.0209,2083.3332
3,227.376,227.376,37.896,62.896,0.2537,0.1498,0.7369,2.3101,12499.998
4,76.176,76.176,12.696,37.696,0.2537,0.1498,0.6817,2.3014,3749.9999
4,32.976,32.976,5.496,30.496,0.2537,0.1498,0.0531,0.0052,1249.9998
4,61.776,61.776,10.296,35.296,0.2537,0.1498,0.6817,2.3014,2916.6666
3,90.576,90.576,15.096,40.096,0.2537,0.1498,0.0531,0.0052,4583.332
3,227.376,227.376,37.896,62.896,0.2537,0.1498,0.6817,2.3014,12499.998
3,32.976,32.976,5.496,30.496,0.2537,0.1498,0.6817,2.3014,1249.9998
4,47.376,47.376,7.896,32.896,0.2537,0.1498,0.7369,2.3101,2083.3332
1,17.496,17.496,247.86,282.86,0.5333,0.4522,0.2413,1.0266,5416.6667
3,97.812,97.812,30.888,55.888,0.2537,0.1498,0.7369,2.3101,2916.6666
2,16.488,16.488,97.096,132.096,0.5333,0.4522,0.2413,1.0266,1249.9998
4,75.012,75.012,23.688,48.688,0.2537,0.1498,0.0531,0.0052,2083.3332
4,75.012,75.012,23.688,48.688,0.2537,0.1498,0.6817,2.3014,2083.3332
3,76.986,76.986,5.922,30.922,0.2537,0.1498,0.6817,2.3014,2083.3332
3,63.168,63.168,15.792,40.792,0.2537,0.1498,0.0531,0.0052,2083.3332
3,82.368,82.368,20.592,45.592,0.2537,0.1498,0.0531,0.0052,2916.6666
2,4.29,4.29,132.99,167.99,0.5333,0.4522,0.2413,1.0266,2916.6666
3,71.706,71.706,6.29,31.29,0.2537,0.1498,0.0531,0.0052,4583.332
2,8.29,8.29,256.99,291.99,0.5333,0.4522,0.2413,1.0266,6250.0013
1,94.506,94.506,193.986,212.486,0.2537,0.1498,8.00E-04,0.0027,6250.0013
2,1.29,1.29,39.99,74.99,0.5333,0.4522,0.0051,1.0266,416.66668
4,37.506,37.506,3.29,28.29,0.2537,0.1498,0.6817,2.3014,2083.3332
4,48.906,48.906,4.29,29.29,0.2537,0.1498,0.6817,2.3014,2916.6666
4,37.506,37.506,3.29,28.29,0.2537,0.1498,0.6817,2.3014,2083.3332
4,60.306,60.306,5.29,30.29,0.2537,0.1498,0.6817,2.3014,3749.9999
2,3.29,3.29,101.99,136.99,0.5333,0.4522,0.2413,1.0266,2083.3332
4,48.906,48.906,4.29,29.29,0.2537,0.1498,0.6817,2.3014,2916.6666
4,26.106,26.106,2.29,27.29,0.2537,0.1498,0.6817,2.3014,1249.9998
4,347.004,347.004,83.106,112.606,0.0678,0.0503,0.0143,0.0289,5416.6667
1,6.29,6.29,194.99,229.99,0.5333,0.4522,0.2413,1.0266,4583.332
4,48.906,48.906,4.29,29.29,0.2537,0.1498,0.6817,2.3014,2916.6666
2,2.29,2.29,70.99,105.99,0.5333,0.4522,0.2413,1.0266,1249.9998
2,6.29,6.29,194.99,229.99,0.5333,0.4522,0.0156,0.0058,4583.332
3,180.006,180.006,15.79,40.79,0.2537,0.1498,0.7369,2.3101,12499.998
1,4.29,4.29,132.99,167.99,0.5333,0.4522,0.2413,1.0266,2916.6666
1,4.29,4.29,132.99,167.99,0.5333,0.4522,0.2413,1.0266,2916.6666
3,204.204,204.204,48.906,78.406,0.0678,0.0052,0.0732,0.1726,2916.6666
1,6.29,6.29,194.99,229.99,0.5333,0.4522,0.1665,0.3975,4583.332
1,9.29,9.29,287.99,322.99,0.5333,0.4522,0.2413,1.0266,7083.3317
4,60.306,60.306,5.29,30.29,0.2537,0.1498,0.7369,2.3101,3749.9999
2,5.29,5.29,163.99,198.99,0.5333,0.4522,0.2413,1.0266,3749.9999
2,4.29,4.29,132.99,167.99,0.5333,0.4522,0.0156,0.0058,2916.6666
3,94.506,94.506,8.29,33.29,0.2537,0.1498,0.7369,2.3101,6250.0013
4,60.306,60.306,5.29,30.29,0.2537,0.1498,0.0531,0.0052,3749.9999
3,37.506,37.506,3.29,28.29,0.2537,0.1498,0.0531,0.0052,2083.3332
2,3.29,3.29,101.99,136.99,0.5333,0.4522,0.2413,1.0266,2083.3332
4,48.906,48.906,4.29,29.29,0.2537,0.1498,0.7369,2.3101,2916.6666
3,117.306,117.306,10.29,35.29,0.2537,0.1498,0.7369,2.3101,7916.6663
3,71.706,71.706,6.29,31.29,0.2537,0.1498,0.6817,2.3014,4583.332
2,37.506,37.506,76.986,95.486,0.2537,0.1498,0.0233,0.0219,2083.3332
3,101.99,101.99,37.506,72.506,0.0678,0.0789,0.0102,0.0209,2083.3332
2,37.506,37.506,76.986,95.486,0.2537,0.1498,0.0082,0.0044,2083.3332
4,48.906,48.906,4.29,29.29,0.2537,0.1498,0.6817,2.3014,2916.6666
3,60.306,60.306,5.29,30.29,0.2537,0.1498,0.7369,2.3101,3749.9999
3,71.706,71.706,6.29,31.29,0.2537,0.1498,0.6817,2.3014,4583.332
3,71.706,71.706,6.29,31.29,0.2537,0.1498,0.6817,2.3014,4583.332
3,4.29,4.29,132.99,167.99,0.5333,0.4522,0.0156,0.0058,2916.6666
3,5.29,5.29,163.99,198.99,0.5333,0.0069,0.0361,0.4216,3749.9999
4,48.906,48.906,4.29,29.29,0.2537,0.1498,0.6817,2.3014,2916.6666
2,6.29,6.29,194.99,229.99,0.5333,0.4522,0.2413,1.0266,4583.332
4,180.006,180.006,15.79,40.79,0.2537,0.1498,0.7369,2.3101,12499.998
4,83.106,83.106,7.29,32.29,0.2537,0.1498,0.6817,2.3014,5416.6667
4,83.106,83.106,7.29,32.29,0.2537,0.1498,0.6817,2.3014,5416.6667
2,37.506,37.506,76.986,95.486,0.2537,0.1498,0.0233,0.0219,2083.3332
4,94.506,94.506,8.29,33.29,0.2537,0.1498,0.6817,2.3014,6250.0013
3,71.706,71.706,6.29,31.29,0.2537,0.1498,0.6817,2.3014,4583.332
3,163.99,163.99,60.306,95.306,0.0678,0.0789,0.0102,0.0209,3749.9999
3,71.706,71.706,6.29,31.29,0.2537,0.1498,0.0531,0.0052,4583.332
1,105.906,105.906,217.386,235.886,0.2537,0.1498,0.0233,0.0219,7083.3317
3,30.186,30.186,39.99,63.99,0.1049,0.0451,0.1574,0.4671,416.66668
2,2.29,2.29,70.99,105.99,0.5333,0.4522,0.2413,1.0266,1249.9998
4,94.506,94.506,8.29,33.29,0.2537,0.1498,0.6817,2.3014,6250.0013
2,1.29,1.29,39.99,74.99,0.5333,0.4522,0.1665,0.3975,416.66668
3,194.99,194.99,71.706,106.706,0.0678,0.0789,0.0559,0.6456,4583.332
1,18.876,18.876,81.51,100.01,0.2537,0.1498,0.2339,0.6288,2916.6666
3,259.148,259.148,27.676,57.176,0.0678,0.0503,0.0143,0.0289,4583.332
4,32.076,32.076,49.572,74.572,0.2537,0.1498,0.6817,2.3014,5416.6667
3,143.412,143.412,45.288,70.288,0.2537,0.1498,0.0531,0.0052,4583.332
2,23.276,23.276,100.51,119.01,0.2537,0.1498,0.0082,0.0044,3749.9999
3,388.434,388.434,69.476,104.476,0.0678,0.0789,0.0102,0.0209,12499.998
4,97.812,97.812,30.888,55.888,0.2537,0.1498,0.6817,2.3014,2916.6666
2,52.488,52.488,309.096,344.096,0.5333,0.4522,0.0156,0.0058,5416.6667
1,23.688,23.688,139.496,174.496,0.5333,0.4522,0.0156,0.0058,2083.3332
4,181.896,181.896,97.812,132.812,0.0678,0.0789,0.0897,1.0905,2916.6666
2,23.688,23.688,139.496,174.496,0.5333,0.4522,0.2413,1.0266,2083.3332
3,255.15,255.15,106.434,141.434,0.5333,0.4522,0.2413,1.0266,5416.6667
3,164.834,164.834,155.802,190.802,0.0678,0.0025,0.0108,0.2377,8750.001
4,45.402,45.402,45.402,63.902,0.2537,0.1498,0.0233,0.0219,2083.3332
1,62.634,62.634,123.552,152.552,0.0678,0.0789,0.0014,0.0029,2916.6666
3,91.834,91.834,86.802,121.802,0.0678,0.0789,0.0102,0.0209,4583.332
4,121.034,121.034,114.402,149.402,0.0678,0.0789,0.0102,0.0209,6250.0013
1,121.836,121.836,203.346,238.346,0.5333,0.4522,0.2413,1.0266,2916.6666
2,150.236,150.236,250.746,285.746,0.5333,0.4522,0.2413,1.0266,3749.9999
1,235.436,235.436,392.946,427.946,0.5333,0.4522,0.2413,1.0266,6250.0013
2,65.036,65.036,108.546,143.546,0.5333,0.4522,0.2413,1.0266,1249.9998
1,36.636,36.636,61.146,96.146,0.5333,0.4522,0.1665,0.3975,416.66668
3,339.89,339.89,235.436,260.436,0.2537,0.1498,0.6817,2.3014,6250.0013
