state,year,gsp,pcap,pc,emp,unemp,id
ALABAMA,1970,28418,15032.67,35793.8,1010.5,4.7,1
ALABAMA,1971,29375,15501.94,37299.91,1021.9,5.2,1
ALABAMA,1972,31303,15972.41,38670.3,1072.3,4.7,1
ALABAMA,1973,33430,16406.26,40084.01,1135.5,3.9,1
ALABAMA,1974,33749,16762.67,42057.31,1169.8,5.5,1
ALABAMA,1975,33604,17316.26,43971.71,1155.4,7.7,1
ALABAMA,1976,35764,17732.86,50221.57,1207,6.8,1
ALABAMA,1977,37463,18111.93,51084.99,1269.2,7.4,1
ALABAMA,1978,39964,18479.74,52604.05,1336.5,6.3,1
ALABAMA,1979,40979,18881.49,54525.86,1362,7.1,1
ALABAMA,1980,40380,19012.34,56589.16,1356.1,8.8,1
ALABAMA,1981,41105,19118.52,56481.93,1347.6,11,1
ALABAMA,1982,40328,19118.25,58021.69,1312.5,14,1
ALABAMA,1983,42245,19122,58893.97,1328.8,14,1
ALABAMA,1984,45118,19257.47,59446.86,1387.7,11,1
ALABAMA,1985,46849,19433.36,60688.04,1427.1,8.9,1
ALABAMA,1986,48409,19723.37,61628.88,1463.3,9.8,1
ARIZONA,1970,19288,10148.42,23585.99,547.4,4.4,2
ARIZONA,1971,21040,10560.54,24924.82,581.4,4.7,2
ARIZONA,1972,23289,10977.53,26058.65,646.3,4.2,2
ARIZONA,1973,25244,11598.26,27304.64,714.5,4.1,2
ARIZONA,1974,25698,12129.06,28829.44,746,5.6,2
ARIZONA,1975,24915,12929.06,30243.29,729.1,12,2
ARIZONA,1976,26041,13603.89,29384.15,758.7,9.8,2
ARIZONA,1977,28110,14175.42,30072.6,809.3,8.2,2
ARIZONA,1978,31062,14812.04,31139.49,895.4,6.1,2
ARIZONA,1979,33943,15547.62,32377.41,979.9,5.1,2
ARIZONA,1980,34708,16344.9,33769.92,1014,6.7,2
ARIZONA,1981,35244,17088.3,36387.15,1040.8,6.1,2
ARIZONA,1982,33603,17650.57,37332.09,1029.8,9.9,2
ARIZONA,1983,35963,18108.24,37829.83,1077.8,9.1,2
ARIZONA,1984,40010,18792.09,38330.02,1181.9,5,2
ARIZONA,1985,43350,19414.85,39246.83,1278.6,6.5,2
ARIZONA,1986,46058,20212.42,44189.19,1337.8,6.9,2
ARKANSAS,1970,15392,7613.26,19749.63,536.2,5,3
ARKANSAS,1971,16177,7982.03,20636.47,551,5.4,3
ARKANSAS,1972,17702,8309.01,21245.48,581.5,4.6,3
ARKANSAS,1973,18825,8399.59,21654.02,614.5,4.1,3
ARKANSAS,1974,19287,8512.05,22635.84,640.7,4.8,3
ARKANSAS,1975,19024,8651.26,23519.27,623.8,9.5,3
ARKANSAS,1976,20277,8921.91,26158.59,660,7.1,3
ARKANSAS,1977,21410,9234.85,26716.93,695.6,6.6,3
ARKANSAS,1978,23063,9374.54,27428.45,732.7,6.4,3
ARKANSAS,1979,23501,9554.83,28394.22,749.4,6.2,3
ARKANSAS,1980,23210,9705.24,29476.51,742.3,7.6,3
ARKANSAS,1981,24134,9872.87,31235.95,740.1,9.1,3
ARKANSAS,1982,23462,9919.35,32008.74,720.1,9.8,3
ARKANSAS,1983,24415,9861.76,32385.62,741.3,10,3
ARKANSAS,1984,26512,9754.55,32625.51,780.2,8.9,3
ARKANSAS,1985,27159,9675.47,33229.46,797.1,8.7,3
ARKANSAS,1986,28168,9787.2,32889.3,813.8,8.7,3
CALIFORNIA,1970,263933,128545.36,172791.92,6946.2,7.2,4
CALIFORNIA,1971,265600,132263.33,180864.28,6917,8.8,4
CALIFORNIA,1972,281159,134451.52,187587.86,7209.9,7.6,4
CALIFORNIA,1973,293735,135988.4,193535.82,7621.9,7,4
CALIFORNIA,1974,298408,136827.29,204096.43,7834.3,7.7,4
CALIFORNIA,1975,304518,138487.39,213216.84,7847.2,9.9,4
CALIFORNIA,1976,320160,139514.18,221958.93,8154.2,9.2,4
CALIFORNIA,1977,338040,139910.22,226544.27,8599.7,8.2,4
CALIFORNIA,1978,359603,139408.84,233936.43,9199.8,7.1,4
CALIFORNIA,1979,374928,140217.32,243776.26,9664.6,6.2,4
CALIFORNIA,1980,380221,139776.97,255305.95,9848.8,6.8,4
CALIFORNIA,1981,378436,139662.44,286402.55,9985.3,7.4,4
CALIFORNIA,1982,372541,139232.39,297844.03,9810.3,9.9,4
CALIFORNIA,1983,390528,138535.66,305210.16,9965.8,9.7,4
CALIFORNIA,1984,420525,138101.55,312008.57,10574,7.8,4
CALIFORNIA,1985,444082,138170.93,324335.15,10979,7.2,4
CALIFORNIA,1986,464550,139042.68,363779.7,11258,6.7,4
COLORADO,1970,25689,11402.52,23709.75,750.2,4.4,5
COLORADO,1971,27341,11682.06,25186.8,787,4,5
COLORADO,1972,29624,12010.91,26010.17,869.4,3.6,5
COLORADO,1973,32417,12473.28,27387.44,936,3.4,5
COLORADO,1974,33039,12964.14,28763.31,959.7,3.8,5
COLORADO,1975,33593,13483.92,29939.43,963.5,6.9,5
COLORADO,1976,35223,14090.24,34680.9,1003.4,5.9,5
COLORADO,1977,37429,14736.89,35116.03,1058.1,6.2,5
COLORADO,1978,40522,15240.49,36213.58,1150,5.6,5
COLORADO,1979,42917,15711.11,37674.72,1218,4.8,5
COLORADO,1980,43888,16272.57,39349.98,1251.1,5.9,5
COLORADO,1981,44695,16692.71,45660.95,1295.2,5.5,5
COLORADO,1982,45252,17027.51,47010.56,1316.6,7.7,5
COLORADO,1983,46523,17388.99,47724.11,1327.2,6.6,5
COLORADO,1984,49332,17785.25,48372.91,1402.3,5.6,5
COLORADO,1985,50820,18327.11,49793.31,1418.7,5.9,5
COLORADO,1986,51781,18889.54,47485.05,1408.3,7.4,5
CONNECTICUT,1970,38880,15865.66,24082.38,1197.5,5.6,6
CONNECTICUT,1971,38515,16559.99,25147.44,1164.3,8.9,6
CONNECTICUT,1972,40037,17346.79,26191.58,1190.4,8.2,6
CONNECTICUT,1973,42157,17803.12,27301.99,1238.7,5.7,6
CONNECTICUT,1974,41827,18225.2,28832.91,1264,6.2,6
CONNECTICUT,1975,39870,18686.78,30306.1,1223.4,9.1,6
CONNECTICUT,1976,41326,18871.06,27628.42,1239.7,9.5,6
CONNECTICUT,1977,42976,18798.54,28268.33,1282.3,7,6
CONNECTICUT,1978,44844,18566.24,29207.04,1346.1,5.3,6
CONNECTICUT,1979,46008,18487.06,30449.45,1398,5.1,6
CONNECTICUT,1980,45949,18385.98,31844.08,1426.8,5.9,6
CONNECTICUT,1981,47397,18271.34,31895.65,1438.7,6.2,6
CONNECTICUT,1982,47241,18030.08,32967.44,1429.8,6.9,6
CONNECTICUT,1983,50594,17739.88,33668.53,1446.5,6,6
CONNECTICUT,1984,55117,17494.36,34439.31,1520.5,4.6,6
CONNECTICUT,1985,58263,17317.13,35816.37,1562.3,4.9,6
CONNECTICUT,1986,61750,17290.61,40413.22,1604.2,3.8,6
DELAWARE,1970,6863,4250.95,6108.14,216.8,4.8,7
DELAWARE,1971,7399,4405.91,6361.22,224.9,5.7,7
DELAWARE,1972,7829,4560.71,6602.65,232.4,4.7,7
DELAWARE,1973,8604,4725.12,6892.09,239.4,4.6,7
DELAWARE,1974,7777,4927.52,7263.84,233.1,6,7
DELAWARE,1975,7625,4988.37,7624.03,229.9,9.7,7
DELAWARE,1976,8061,4959.87,7706.19,236.7,8.9,7
DELAWARE,1977,8313,4958.47,7845.75,238.8,8.4,7
DELAWARE,1978,8390,4954.21,8100.95,247.8,7.5,7
DELAWARE,1979,8360,4936.91,8435.96,256.7,8,7
DELAWARE,1980,8200,4868.74,8811.38,259.2,7.7,7
DELAWARE,1981,8344,4825.97,9049.52,259.2,7.9,7
DELAWARE,1982,8435,4786.37,9327.72,259.2,8.5,7
DELAWARE,1983,8883,4768.17,9486.76,266.1,8.1,7
DELAWARE,1984,9347,4743.86,9630.61,280,6.2,7
DELAWARE,1985,9699,4731.49,9921.23,293.4,5.3,7
DELAWARE,1986,10072,4716.73,10655,303.2,4.3,7
FLORIDA,1970,69641,29696.86,57178.05,2152.1,4.4,8
FLORIDA,1971,73170,30683.09,60238.01,2276.4,4.9,8
FLORIDA,1972,81313,32089.12,62873.97,2513.1,4.5,8
FLORIDA,1973,90897,33480.99,66432.27,2778.6,4.3,8
FLORIDA,1974,92163,34650.29,70452.68,2863.8,6.2,8
FLORIDA,1975,89502,36103.75,73809.64,2746.4,11,8
FLORIDA,1976,90957,37942.61,87196.5,2784.3,9,8
FLORIDA,1977,95449,39393.89,88699.63,2933.2,8.2,8
FLORIDA,1978,103064,40859.4,91517.51,3180.6,6.6,8
FLORIDA,1979,109121,42107.13,95108.5,3381.2,6,8
FLORIDA,1980,113857,43192.98,99248.64,3576.2,5.9,8
FLORIDA,1981,118145,44311.68,108486.86,3736,6.8,8
FLORIDA,1982,118301,45492,111867.96,3761.9,8.2,8
FLORIDA,1983,126322,47116.82,113951.55,3905.4,8.6,8
FLORIDA,1984,136572,48538.98,116417.2,4204.2,6.3,8
FLORIDA,1985,145171,50336.63,120719.68,4410,6,8
FLORIDA,1986,152269,52309.37,135673.02,4599.4,5.7,8
GEORGIA,1970,43105,18270.44,41597.8,1557.5,4.1,9
GEORGIA,1971,45438,19275.62,43732.94,1602.9,3.9,9
GEORGIA,1972,49402,20167.45,45402.82,1695.2,4.1,9
GEORGIA,1973,52824,21015.05,47422.01,1802.5,3.9,9
GEORGIA,1974,52390,21882.27,49969.83,1827.5,5,9
GEORGIA,1975,50900,22713.54,52261.84,1755.7,8.6,9
GEORGIA,1976,54469,23556.37,56287.82,1839.1,8.1,9
GEORGIA,1977,58085,24124.15,56992.14,1926.4,6.9,9
GEORGIA,1978,61607,24622.13,58642.67,2050.1,5.7,9
GEORGIA,1979,63825,25631.2,60866.47,2127.5,5.1,9
GEORGIA,1980,64216,26685.37,63341.08,2159.4,6.4,9
GEORGIA,1981,66352,27546.85,67537.87,2198.6,6.4,9
GEORGIA,1982,66766,28209.03,69347.75,2201.5,7.8,9
GEORGIA,1983,71485,28996.86,70436.24,2279.5,7.5,9
GEORGIA,1984,78797,29702.75,71624.33,2448.7,6,9
GEORGIA,1985,83461,30068.26,73979.66,2569.8,6.5,9
GEORGIA,1986,88827,30991.33,83458.28,2672.4,5.9,9
IDAHO,1970,7175,3410.22,9202.07,207.8,5.8,10
IDAHO,1971,7255,3579.67,9488.47,217.1,6.3,10
IDAHO,1972,7898,3676.22,9756.4,236.5,6.2,10
IDAHO,1973,8352,3737.66,10251.95,251.7,5.6,10
IDAHO,1974,8970,3813.94,10725.66,266.8,6,10
IDAHO,1975,9099,3942.37,11134.59,273,6.2,10
IDAHO,1976,9709,4105.58,12401.79,291,5.7,10
IDAHO,1977,9967,4255.84,12498.22,307.4,6.1,10
IDAHO,1978,10828,4398.05,12813.38,331.3,5.6,10
IDAHO,1979,10924,4522.19,13264.09,338,5.6,10
IDAHO,1980,11002,4605.7,13771.17,330,7.9,10
IDAHO,1981,10959,4667.31,13808.97,327.8,7.5,10
IDAHO,1982,10432,4699.95,14020.3,312.2,9.9,10
IDAHO,1983,10879,4710.03,14028.64,317.9,9.8,10
IDAHO,1984,11262,4769.76,14049.02,330.5,7.2,10
IDAHO,1985,11815,4819.32,14290.67,336,8,10
IDAHO,1986,11672,4890.92,13612.16,328.2,8.7,10
ILLINOIS,1970,145792,52197.49,114860.83,4345.6,4.1,11
ILLINOIS,1971,148503,53805.62,119783.11,4296.4,5.1,11
ILLINOIS,1972,154413,55540.36,124239.59,4314.8,5.1,11
ILLINOIS,1973,163125,57288.3,129514.1,4466.9,4.1,11
ILLINOIS,1974,161725,58984.18,136292.35,4545.7,4.5,11
ILLINOIS,1975,157366,60139.25,142558.62,4418.9,7.1,11
ILLINOIS,1976,163112,61104.4,140831.43,4565.7,6.5,11
ILLINOIS,1977,168627,62200.83,146285.62,4655.5,6.2,11
ILLINOIS,1978,173767,63096.48,150855.46,4788.8,6,11
ILLINOIS,1979,173817,63642.81,156751.98,4880,5.5,11
ILLINOIS,1980,165722,64003.03,163355.48,4850.3,8.3,11
ILLINOIS,1981,166029,64549.3,150688.85,4732.3,8.5,11
ILLINOIS,1982,159778,65064.2,154806.13,4593.3,11,11
ILLINOIS,1983,160856,64751.99,157095.8,4530.6,11,11
ILLINOIS,1984,173602,64460.25,159388,4672.3,9.1,11
ILLINOIS,1985,178493,64487.38,164794.5,4755.3,9,11
ILLINOIS,1986,183849,64726.05,161198.99,4790.7,8.1,11
INDIANA,1970,56769,20813.65,63646.79,1849,5,12
INDIANA,1971,58540,21665.6,65528.57,1841.1,5.7,12
INDIANA,1972,61613,22368.04,67722.97,1921.9,4.5,12
INDIANA,1973,66534,23230.94,70189.83,2028.1,4.2,12
INDIANA,1974,64313,23652.3,73448.9,2031.4,5.9,12
INDIANA,1975,61200,23945.55,76823.26,1941.7,8.6,12
INDIANA,1976,65479,24259.12,74736.15,2023.8,6.1,12
INDIANA,1977,68832,24506.31,77477.95,2114,5.7,12
INDIANA,1978,71717,24639.62,79763.07,2205.5,5.7,12
INDIANA,1979,72047,24744.99,82742.13,2236.3,6.4,12
INDIANA,1980,67930,24799.68,86012.21,2129.5,9.6,12
INDIANA,1981,68135,24976.64,80364.43,2114.4,10,12
INDIANA,1982,64042,25108.79,82361.44,2028,12,12
INDIANA,1983,65211,24983.98,83359.59,2029.5,11,12
INDIANA,1984,70975,24835.6,83946.98,2122.3,8.6,12
INDIANA,1985,73392,24905.94,85849.71,2168.6,7.9,12
INDIANA,1986,75924,24924.85,87053.98,2221.8,6.8,12
IOWA,1970,29173,14728.51,33400.46,876.9,3.7,13
IOWA,1971,29312,15311.03,34819.44,882.7,4.2,13
IOWA,1972,31159,15657.48,35846.9,912.3,3.6,13
IOWA,1973,33798,16006.47,37693.89,961.3,2.9,13
IOWA,1974,33591,16159.2,39460.57,999,3,13
IOWA,1975,34378,16414.32,41068.52,998.7,4.3,13
IOWA,1976,35752,16766.52,43868.88,1036.9,4,13
IOWA,1977,37277,17166.76,46649.69,1079.2,4,13
IOWA,1978,39087,17407.43,47977.54,1119.2,4,13
IOWA,1979,39863,17722.68,49653.76,1131.7,4.1,13
IOWA,1980,38919,17928.92,51530.31,1109.9,5.8,13
IOWA,1981,40630,18050.52,47985.77,1088.6,6.9,13
IOWA,1982,37634,18141.76,48698.55,1041.9,8.5,13
IOWA,1983,35937,18240.5,48731.5,1040.4,8.1,13
IOWA,1984,38704,18203.48,48741.81,1074.7,7,13
IOWA,1985,39344,18288.61,49781.83,1074.2,8,13
IOWA,1986,40425,18436.18,43209.95,1073.8,7,13
KANSAS,1970,26311,11115.57,33207.74,678.8,4.8,14
KANSAS,1971,26950,11595.03,34117.09,677.8,5.5,14
KANSAS,1972,28330,11854.06,34862.71,717.5,4,14
KANSAS,1973,29486,12137.4,36179.12,763.3,3.1,14
KANSAS,1974,29506,12412.46,37588.65,790,3.5,14
KANSAS,1975,29530,12792.34,38828.22,801.2,4.6,14
KANSAS,1976,30655,13023.89,41282.58,834.8,4.2,14
KANSAS,1977,31032,13386.6,41246.04,871,4.1,14
KANSAS,1978,32232,13726.24,42277.86,912.5,3,14
KANSAS,1979,33680,14157.68,43689.61,946.8,3.4,14
KANSAS,1980,32844,14479.94,45281.71,944.7,4.5,14
KANSAS,1981,33707,14855.02,47858.83,949.7,4.2,14
KANSAS,1982,33287,15082.15,49569.38,921.4,6.3,14
KANSAS,1983,33638,15062.88,49688.66,921.6,6.1,14
KANSAS,1984,35582,15116.06,49959.27,960.8,5.2,14
KANSAS,1985,36560,15145.49,51037.85,967.9,5,14
KANSAS,1986,37783,15216.66,51347.26,984.8,5.4,14
KENTUCKY,1970,32182,16035.09,30525.64,910.1,5,15
KENTUCKY,1971,33276,16706.92,31822.72,931.5,5.5,15
KENTUCKY,1972,35351,17169.23,32994.5,988.3,4.8,15
KENTUCKY,1973,37305,17697.13,34039.58,1038.6,4.4,15
KENTUCKY,1974,37458,18263.75,35741.89,1065.9,4.5,15
KENTUCKY,1975,36717,18624.45,37366.28,1057.6,7.3,15
KENTUCKY,1976,39138,18945.26,41587.55,1103.1,5.6,15
KENTUCKY,1977,41137,19294.6,42985.92,1148.3,4.7,15
KENTUCKY,1978,43098,19572.86,44402.66,1209.9,5.2,15
KENTUCKY,1979,44188,19948.68,46082.95,1245.4,5.6,15
KENTUCKY,1980,42637,20585.01,47878.44,1210,8,15
KENTUCKY,1981,43595,21116.39,47983.96,1196,8.4,15
KENTUCKY,1982,42286,21308.34,49141.96,1160.7,11,15
KENTUCKY,1983,42668,21162.34,49720.78,1152.3,12,15
KENTUCKY,1984,45998,21032.34,50066.78,1213.8,9.3,15
KENTUCKY,1985,46753,21052.49,51135.28,1250.3,9.5,15
KENTUCKY,1986,47502,20959.34,51911.38,1274.1,9.3,15
LOUISIANA,1970,62666,19638.31,97802.38,1033.6,6.6,16
LOUISIANA,1971,64851,20066.64,99483.9,1055.9,7,16
LOUISIANA,1972,67439,20887.68,100299.59,1128.6,6.1,16
LOUISIANA,1973,67100,21408.2,101336.45,1176.1,6,16
LOUISIANA,1974,64919,21787.15,103761.88,1220.8,6.7,16
LOUISIANA,1975,63128,22175.86,106564.55,1249.5,7.4,16
LOUISIANA,1976,66338,22682.17,100358.47,1314.4,6.8,16
LOUISIANA,1977,68209,23389.41,102931.73,1364.6,7,16
LOUISIANA,1978,72221,24102.46,106574.97,1463.5,7,16
LOUISIANA,1979,73681,24446.12,111082.3,1517.4,6.7,16
LOUISIANA,1980,75312,24568.45,117127.42,1578.9,6.7,16
LOUISIANA,1981,77342,24789.76,117911.54,1630.5,8.4,16
LOUISIANA,1982,75743,25087,124453.54,1607,10,16
LOUISIANA,1983,72535,25422.96,128610.28,1565.2,12,16
LOUISIANA,1984,75349,25932.73,130129.72,1601.5,10,16
LOUISIANA,1985,73777,26477.79,133300.12,1591.2,12,16
LOUISIANA,1986,68508,26617.47,134624.42,1518.5,13,16
MAINE,1970,8844,3868.87,9305.13,332.2,5.7,17
MAINE,1971,8958,3999.86,9582.6,332.3,7.6,17
MAINE,1972,9449,4167.61,9906.21,343.7,7,17
MAINE,1973,9949,4272.26,10255.45,354.8,5.9,17
MAINE,1974,9976,4394.33,10747.95,361.5,6.7,17
MAINE,1975,9672,4529.86,11224.5,356.9,10,17
MAINE,1976,10555,4593.66,11017.15,375.3,8.9,17
MAINE,1977,10916,4662.84,11201.57,387.8,8.4,17
MAINE,1978,11434,4813.68,11494.06,405.6,6.2,17
MAINE,1979,11765,4931.13,11929.56,415.9,7.2,17
MAINE,1980,11731,4991.87,12404.6,418.3,7.8,17
MAINE,1981,12013,5009.05,11733.6,419.2,7.2,17
MAINE,1982,12099,4976.6,12095.07,415.5,8.6,17
MAINE,1983,12813,4952.99,12308.54,425,9,17
MAINE,1984,13652,4941.74,12475.82,445.7,6.1,17
MAINE,1985,14238,4942.55,12817.15,458.4,5.4,17
MAINE,1986,15056,4939.7,13919.23,477.4,5.3,17
MARYLAND,1970,42971,19145.01,29115.59,1349.2,3.3,18
MARYLAND,1971,44111,20023.61,30631.2,1371.5,4.2,18
MARYLAND,1972,46121,21126.69,31964.23,1415,4.7,18
MARYLAND,1973,48728,22060.79,33413.53,1471.5,3.5,18
MARYLAND,1974,48514,23017.84,35364.63,1493.6,3.7,18
MARYLAND,1975,47751,24189.5,37135.88,1479.3,6.9,18
MARYLAND,1976,49228,25322.85,35089.36,1498.3,6.8,18
MARYLAND,1977,50507,26238.15,35875.05,1545.6,6.1,18
MARYLAND,1978,52317,26910.22,37068.32,1625.8,5.6,18
MARYLAND,1979,52804,27644.44,38627.83,1691.3,5.9,18
MARYLAND,1980,52361,28081.96,40397.33,1711.8,6.5,18
MARYLAND,1981,53231,28715.84,40578.02,1715.8,7.3,18
MARYLAND,1982,52583,28850.43,41844.34,1675.8,8.4,18
MARYLAND,1983,55323,29101.83,42589.53,1724.1,6.9,18
MARYLAND,1984,58925,29214.12,43493.99,1814,5.4,18
MARYLAND,1985,62179,29451.52,45119.15,1887.8,4.6,18
MARYLAND,1986,65408,29577.46,49257.92,1952,4.5,18
MASSACHUSETTS,1970,64429,21923.28,37917.57,2243.5,4.6,19
MASSACHUSETTS,1971,65276,23177.83,39727.03,2211.4,6.6,19
MASSACHUSETTS,1972,68096,24385.09,41461.37,2251.7,6.4,19
MASSACHUSETTS,1973,70876,25765.21,43388.76,2333.5,6.7,19
MASSACHUSETTS,1974,68955,27100.33,45943.04,2353.7,7.2,19
MASSACHUSETTS,1975,66448,28204.28,48221.47,2273.1,11,19
MASSACHUSETTS,1976,68467,28752.82,45024.55,2323.5,9.5,19
MASSACHUSETTS,1977,71258,29171.97,46061.69,2416,8.1,19
MASSACHUSETTS,1978,73575,29202.12,47564.53,2526.3,6.1,19
MASSACHUSETTS,1979,75180,29455.5,49564.81,2603.5,5.5,19
MASSACHUSETTS,1980,75289,29999.21,51862.37,2652.2,5.6,19
MASSACHUSETTS,1981,77490,30166.12,54146.22,2668.3,6.4,19
MASSACHUSETTS,1982,77166,30190.87,55990.97,2638,7.9,19
MASSACHUSETTS,1983,82489,30221.77,57244.08,2692.5,6.9,19
MASSACHUSETTS,1984,90684,30352.69,58684.77,2851.8,4.8,19
MASSACHUSETTS,1985,96698,30497.51,61180.21,2926,3.9,19
MASSACHUSETTS,1986,102279,30795.56,69574.24,2984.8,3.8,19
MICHIGAN,1970,102172,44684.82,84755.95,2999,6.7,20
MICHIGAN,1971,107116,45993.77,87827.03,2995,7.6,20
MICHIGAN,1972,113837,46772.91,91039.26,3118.9,7,20
MICHIGAN,1973,122991,47923.55,94302.49,3284.3,5.8,20
MICHIGAN,1974,115796,48793.43,99072.42,3277.6,8.7,20
MICHIGAN,1975,109217,49789.59,103711.23,3136.6,13,20
MICHIGAN,1976,119929,50687.49,104330.83,3283,9.4,20
MICHIGAN,1977,129279,51302.34,106687.08,3442.3,8.2,20
MICHIGAN,1978,135247,51494.34,109995.68,3609.4,6.9,20
MICHIGAN,1979,132845,51707.36,114436.69,3637.1,7.8,20
MICHIGAN,1980,121360,51922.35,119398.08,3442.8,12,20
MICHIGAN,1981,118356,52276.4,112346.2,3364.4,12,20
MICHIGAN,1982,108627,51955.88,115911.34,3193.3,16,20
MICHIGAN,1983,114259,51305.62,118105.75,3223.1,14,20
MICHIGAN,1984,123886,50724.55,119778.97,3381,11,20
MICHIGAN,1985,131417,50392.79,123249.89,3561.5,9.9,20
MICHIGAN,1986,136433,49879.29,125148.83,3657.3,8.8,20
MINNESOTA,1970,41734,21948.43,43287.56,1315.3,4.2,21
MINNESOTA,1971,42467,23056.36,45132.89,1310.2,4.4,21
MINNESOTA,1972,44123,24023.53,46882.97,1357.1,4.3,21
MINNESOTA,1973,47805,24731.18,48841.94,1436.1,4.4,21
MINNESOTA,1974,47482,25333.93,51426.02,1481,4.3,21
MINNESOTA,1975,46967,25910.97,53798.39,1474.4,5.9,21
MINNESOTA,1976,48795,26485.99,49634.58,1520.9,5.9,21
MINNESOTA,1977,51661,27080.21,51784.08,1597.3,5.1,21
MINNESOTA,1978,54138,27464.67,53517.11,1689.3,3.8,21
MINNESOTA,1979,56239,27832.95,55679.83,1767,4.2,21
MINNESOTA,1980,55874,28055.27,58050.22,1770.2,5.9,21
MINNESOTA,1981,56748,28460.94,58041.33,1761.3,5.5,21
MINNESOTA,1982,55919,28590.72,59374.92,1707.3,7.8,21
MINNESOTA,1983,57167,28694.1,59871.42,1718.4,8.2,21
MINNESOTA,1984,62730,28718.02,60369.4,1819.8,6.3,21
MINNESOTA,1985,65463,28959.43,61935.21,1864.8,6,21
MINNESOTA,1986,68117,29241,60525.85,1892.5,5.3,21
MISSISSIPPI,1970,17306,10016.07,22569.14,583.9,4.8,22
MISSISSIPPI,1971,18027,10497.82,23557.96,602.2,4.8,22
MISSISSIPPI,1972,19340,10844.14,24157.5,649.3,3.9,22
MISSISSIPPI,1973,20605,11076.23,24473.04,693.2,3.6,22
MISSISSIPPI,1974,20208,11239.45,25485.57,710.8,4.1,22
MISSISSIPPI,1975,20184,11515.56,26426.83,692.3,8.3,22
MISSISSIPPI,1976,22282,11799.74,28130.16,727.5,6.6,22
MISSISSIPPI,1977,23628,12061.45,28447.98,765.9,7.4,22
MISSISSIPPI,1978,24880,12274.39,29243.06,813.7,7.1,22
MISSISSIPPI,1979,25611,12384.91,30326.78,838.1,5.8,22
MISSISSIPPI,1980,25082,12454.04,31541.4,829.3,7.5,22
MISSISSIPPI,1981,26017,12547.36,32193.92,819.1,8.3,22
MISSISSIPPI,1982,25537,12603.35,33198.66,790.9,11,22
MISSISSIPPI,1983,25570,12613.88,33751.34,792.8,13,22
MISSISSIPPI,1984,27342,12509.37,34052.06,820.8,11,22
MISSISSIPPI,1985,27778,12430.11,34822.24,838.9,10,22
MISSISSIPPI,1986,27987,12411.36,34116.19,848.2,12,22
MISSOURI,1970,50196,19464.98,43905.35,1668,3.3,23
MISSOURI,1971,51945,20393.17,46044.28,1660.8,4.9,23
MISSOURI,1972,54198,21288.19,47785.13,1700.1,4.2,23
MISSOURI,1973,56789,22079.1,49585.63,1770.6,3.7,23
MISSOURI,1974,55056,22475.35,52270.92,1789.5,4.5,23
MISSOURI,1975,53932,22839.32,54632.86,1740.6,6.2,23
MISSOURI,1976,57183,23032.56,54083.75,1797.8,6.2,23
MISSOURI,1977,60424,23236.14,55279.22,1861.8,5.9,23
MISSOURI,1978,63375,23393.53,56916.63,1953.1,5,23
MISSOURI,1979,64333,23545.2,59048.79,2011.1,4.5,23
MISSOURI,1980,61574,23670.64,61409.73,1969.8,7.2,23
MISSOURI,1981,62540,23947.15,61738.44,1956.3,7.7,23
MISSOURI,1982,61226,24084.48,63186.99,1922.4,9.2,23
MISSOURI,1983,63655,23957.04,63907.08,1937,9.9,23
MISSOURI,1984,68490,23782.61,64752.02,2032.7,7.2,23
MISSOURI,1985,70830,23761.7,66783.29,2094.7,6.4,23
MISSOURI,1986,72629,23855.97,68087.26,2142.6,6.1,23
MONTANA,1970,7896,4782.64,14320.39,199.1,5.5,24
MONTANA,1971,7829,4956.96,14461.39,204.8,6.3,24
MONTANA,1972,8524,5095.7,14730.06,215.3,6.2,24
MONTANA,1973,8948,5241.43,15347.47,224.2,6.3,24
MONTANA,1974,9176,5420.38,15871.08,234,6.7,24
MONTANA,1975,9288,5487.68,16347.55,238.1,6.4,24
MONTANA,1976,9524,5536.46,18140.99,251.1,6.1,24
MONTANA,1977,9675,5628.09,18199.92,264.8,6.4,24
MONTANA,1978,10580,5756.96,18653.37,280.4,6.2,24
MONTANA,1979,10952,5871.16,19264.06,283.8,5.1,24
MONTANA,1980,11114,5945.22,19941.84,280.4,6.1,24
MONTANA,1981,11394,6004.93,19265.48,281.8,6.9,24
MONTANA,1982,11007,6027.25,19724.98,273.7,8.6,24
MONTANA,1983,10911,5967.63,19877.97,276,8.8,24
MONTANA,1984,10817,5957.83,19888.7,281.1,7.4,24
MONTANA,1985,10323,6024.85,20199.1,279.1,7.7,24
MONTANA,1986,10763,6117.91,19414.55,275.4,8.1,24
NEBRASKA,1970,16067,9235.03,19160.51,484.3,3.1,25
NEBRASKA,1971,16648,9759.43,19747.34,490.8,3.6,25
NEBRASKA,1972,17429,10291.33,20268.79,517,3.4,25
NEBRASKA,1973,18284,10785.36,21324.54,541.3,3.3,25
NEBRASKA,1974,18151,11293.48,22286.74,562.1,3.8,25
NEBRASKA,1975,18717,11814.03,23106.64,557.8,4.2,25
NEBRASKA,1976,19189,12436.57,24592.23,572.1,3.3,25
NEBRASKA,1977,19563,12902.62,24992.27,593.7,3.7,25
NEBRASKA,1978,20298,13482.42,25629.4,609.9,3,25
NEBRASKA,1979,20943,14181.26,26477.07,631.2,3.2,25
NEBRASKA,1980,20575,14619.96,27424.29,627.6,4.1,25
NEBRASKA,1981,21777,14897.42,29177.88,623.2,4.1,25
NEBRASKA,1982,21244,15039.75,29566.74,609.8,6.1,25
NEBRASKA,1983,20647,15088.99,29555.66,610.8,5.7,25
NEBRASKA,1984,22164,15027.98,29573.43,635.4,4.4,25
NEBRASKA,1985,23300,14981.5,30189.6,650.5,5.5,25
NEBRASKA,1986,23673,14974.69,28468.92,652.5,5,25
NEVADA,1970,7354,3768.6,10805.73,203.3,5.9,26
NEVADA,1971,7599,3877.35,11252.01,210.5,7,26
NEVADA,1972,8076,4033.14,11706.31,223.4,7,26
NEVADA,1973,8774,4160.79,12261.06,244.6,6.2,26
NEVADA,1974,8861,4296.97,12901.95,256.1,7.5,26
NEVADA,1975,9084,4402.1,13377.1,263.1,9.7,26
NEVADA,1976,9720,4500.21,15048.03,279.8,9,26
NEVADA,1977,10673,4574.27,15231.21,308.2,7,26
NEVADA,1978,12233,4646.28,15437.13,350.3,4.4,26
NEVADA,1979,13343,4766.05,15781.26,383.7,5.1,26
NEVADA,1980,13991,4935.36,16264.91,399.9,6.2,26
NEVADA,1981,14365,5188.56,17556.21,411.2,7.1,26
NEVADA,1982,13796,5381.96,17981.16,401.1,10,26
NEVADA,1983,14103,5500.17,18297.17,402.8,9.8,26
NEVADA,1984,14790,5695,18813.07,426,7.8,26
NEVADA,1985,15474,5856.9,19705.62,446.4,8,26
NEVADA,1986,16092,6003,22724.26,468.1,6,26
NEW_HAMPSHIRE,1970,6852,3085.49,5957.55,258.5,3.3,27
NEW_HAMPSHIRE,1971,7042,3247.53,6436.54,259.9,4.7,27
NEW_HAMPSHIRE,1972,7516,3419.24,6680.89,278.5,4.5,27
NEW_HAMPSHIRE,1973,8098,3559.45,6965.5,297.8,3.9,27
NEW_HAMPSHIRE,1974,8016,3688.39,7332.32,300.3,3.6,27
NEW_HAMPSHIRE,1975,7819,3783.91,7671.07,292.8,9,27
NEW_HAMPSHIRE,1976,8470,3915.38,7536.15,313.4,6.4,27
NEW_HAMPSHIRE,1977,9084,4084.04,7674.13,337.1,5.9,27
NEW_HAMPSHIRE,1978,10002,4223.59,7886.88,359.6,3.8,27
NEW_HAMPSHIRE,1979,10572,4329.97,8200.74,378.5,3.1,27
NEW_HAMPSHIRE,1980,10738,4348.94,8562.82,385.4,4.7,27
NEW_HAMPSHIRE,1981,11332,4369.35,9134.69,394.6,5,27
NEW_HAMPSHIRE,1982,11606,4353.02,9412.72,394.4,7.4,27
NEW_HAMPSHIRE,1983,12743,4333.41,9575.38,409.5,5.4,27
NEW_HAMPSHIRE,1984,14100,4324.98,9751.27,441.5,4.3,27
NEW_HAMPSHIRE,1985,15541,4316.63,10057.05,466,3.9,27
NEW_HAMPSHIRE,1986,17073,4331.54,11863.55,490.1,2.8,27
NEW_JERSEY,1970,86366,24857.74,57996.4,2606.2,4.6,28
NEW_JERSEY,1971,89073,26627.68,59928.09,2607.6,5.7,28
NEW_JERSEY,1972,93384,28256.83,62437.39,2672.5,5.8,28
NEW_JERSEY,1973,97847,29544.99,65220.99,2759.7,5.6,28
NEW_JERSEY,1974,94864,30629.69,68911.99,2783,6.9,28
NEW_JERSEY,1975,90693,31830.65,72364.36,2699.9,10,28
NEW_JERSEY,1976,94049,32396.14,65688.1,2753.7,10,28
NEW_JERSEY,1977,97370,32775.77,67158.09,2836.9,9.4,28
NEW_JERSEY,1978,101593,33066.76,69360.18,2961.9,7.2,28
NEW_JERSEY,1979,103350,33268.6,72312.47,3027.2,6.9,28
NEW_JERSEY,1980,102571,33625.27,75670.48,3060.4,7.2,28
NEW_JERSEY,1981,105835,33794.24,77193.36,3098.9,7.3,28
NEW_JERSEY,1982,106705,34144.85,79782.27,3092.8,9,28
NEW_JERSEY,1983,113408,34320.27,81590.08,3165.1,7.8,28
NEW_JERSEY,1984,121388,34385.92,83749.02,3329.2,6.2,28
NEW_JERSEY,1985,126460,34528.53,87514.13,3414.1,5.7,28
NEW_JERSEY,1986,133468,34675.69,95540.08,3489.9,5,28
NEW_MEXICO,1970,12837,6082.2,18909.26,292.6,5.9,29
NEW_MEXICO,1971,13284,6195.5,19467.69,305.7,6.2,29
NEW_MEXICO,1972,13874,6238.49,19864.93,327.5,5.8,29
NEW_MEXICO,1973,14588,6326.03,20592.77,346,5.7,29
NEW_MEXICO,1974,15247,6367.27,21314.16,360.2,6.3,29
NEW_MEXICO,1975,15541,6447.38,21958.76,370.2,10,29
NEW_MEXICO,1976,15932,6606.97,23919.97,390,9.1,29
NEW_MEXICO,1977,16932,6724.71,24441.46,415.4,7.8,29
NEW_MEXICO,1978,18122,6786.25,25269.39,444.3,5.7,29
NEW_MEXICO,1979,19078,6902.83,26247.31,461,6.6,29
NEW_MEXICO,1980,19664,7104.7,27361.11,465.4,7.5,29
NEW_MEXICO,1981,20265,7296.53,26939.76,475.5,7.3,29
NEW_MEXICO,1982,20023,7402.21,28025.98,473.6,9.2,29
NEW_MEXICO,1983,20283,7634.64,28657.43,479.5,10,29
NEW_MEXICO,1984,21331,7904.32,28916.61,502.8,7.5,29
NEW_MEXICO,1985,21741,8228.31,29544.48,520.2,8.8,29
NEW_MEXICO,1986,21154,8483.37,30208.23,525.9,9.2,29
NEW_YORK,1970,242791,106893.49,136663.66,7156.4,4.5,30
NEW_YORK,1971,245018,110931.96,142795.91,7011.4,6.6,30
NEW_YORK,1972,251249,115957.66,149415.66,7038.5,6.7,30
NEW_YORK,1973,258498,121450.05,157017.53,7132.2,5.4,30
NEW_YORK,1974,250208,126498.16,166920.58,7077.1,6.3,30
NEW_YORK,1975,242463,131097.03,175080.71,6829.9,9.5,30
NEW_YORK,1976,245161,134166.03,153578.05,6789.5,10,30
NEW_YORK,1977,251092,134701.89,156804.67,6857.6,9.1,30
NEW_YORK,1978,254194,134632.83,162223.44,7044.5,7.7,30
NEW_YORK,1979,254314,134765.25,169324.73,7179.4,7.1,30
NEW_YORK,1980,249770,134166.71,177499.16,7207.1,7.5,30
NEW_YORK,1981,256199,133207.7,173471.27,7287.3,7.6,30
NEW_YORK,1982,255686,132189.18,179574.26,7254.6,8.6,30
NEW_YORK,1983,267916,131808.83,183921.34,7313.3,8.6,30
NEW_YORK,1984,285080,131365.12,189443.48,7570.4,7.2,30
NEW_YORK,1985,296381,131529.92,199426.84,7751.3,6.5,30
NEW_YORK,1986,309273,132203.02,199092.6,7907.9,6.3,30
NORTH_CAROLINA,1970,48047,16840,43497.41,1782.7,4.3,31
NORTH_CAROLINA,1971,50127,17688.47,46378.35,1813.8,4.8,31
NORTH_CAROLINA,1972,54624,18419.02,48129.87,1911.9,4,31
NORTH_CAROLINA,1973,57975,19081.72,49858.52,2018.1,3.5,31
NORTH_CAROLINA,1974,57546,19701.02,52460.28,2048.2,4.5,31
NORTH_CAROLINA,1975,56288,20334.13,54990.14,1979.9,8.6,31
NORTH_CAROLINA,1976,59462,21062.44,57959.71,2082.7,6.2,31
NORTH_CAROLINA,1977,62681,22029.51,59106.74,2170.4,5.9,31
NORTH_CAROLINA,1978,66409,22652,60848.16,2277.4,4.3,31
NORTH_CAROLINA,1979,68039,23305.83,63150.19,2373,4.8,31
NORTH_CAROLINA,1980,68065,24164.71,65641.48,2380,6.6,31
NORTH_CAROLINA,1981,70395,24576.1,67293.41,2391.6,6.4,31
NORTH_CAROLINA,1982,69128,24698.58,69071.06,2347,9,31
NORTH_CAROLINA,1983,73553,24700.31,70037.15,2419.2,8.9,31
NORTH_CAROLINA,1984,80020,24674.17,70834.5,2565.2,6.7,31
NORTH_CAROLINA,1985,83170,24744.19,72753.04,2651.2,5.4,31
NORTH_CAROLINA,1986,87371,25179.37,84000.92,2744.1,5.3,31
NORTH_DAKOTA,1970,6024,4173.07,11571.8,163.6,4.6,32
NORTH_DAKOTA,1971,6551,4226.31,11843.02,167,5.3,32
NORTH_DAKOTA,1972,7015,4302.57,12036.32,176.1,4.9,32
NORTH_DAKOTA,1973,8120,4330.52,12675.35,183.9,5.1,32
NORTH_DAKOTA,1974,8000,4404.4,13112.72,193.8,3,32
NORTH_DAKOTA,1975,8267,4458.28,13488.09,203.6,3.6,32
NORTH_DAKOTA,1976,8167,4492.23,15078.43,215,3.6,32
NORTH_DAKOTA,1977,8077,4573.94,15049.51,221.1,4.8,32
NORTH_DAKOTA,1978,9020,4628.15,15397.12,234,4.8,32
NORTH_DAKOTA,1979,9562,4704.64,15889.87,244.2,3.7,32
NORTH_DAKOTA,1980,9525,4798.61,16426.81,245.2,5,32
NORTH_DAKOTA,1981,10532,4888.2,20919.99,249.4,5,32
NORTH_DAKOTA,1982,10293,4893,21461.22,249.7,5.9,32
NORTH_DAKOTA,1983,9700,4929.21,21655.24,250.6,5.6,32
NORTH_DAKOTA,1984,10043,4929.23,21663.82,252.5,5.1,32
NORTH_DAKOTA,1985,9884,4968.32,22019.74,252,5.9,32
NORTH_DAKOTA,1986,9806,5014.77,21556.51,249.9,6.3,32
OHIO,1970,121293,48317.68,106396.06,3880.7,5.4,33
OHIO,1971,122871,50241.05,110274.99,3839.6,6.5,33
OHIO,1972,128649,51395.75,114219.33,3938.4,5.5,33
OHIO,1973,137636,52356.39,118487.46,4112.9,4.3,33
OHIO,1974,134923,52834.75,124345.66,4169.4,5,33
OHIO,1975,127128,53464.68,130164.06,4016.2,9.1,33
OHIO,1976,133697,54188.05,123122.24,4094.6,7.8,33
OHIO,1977,140466,54969.48,126663.68,4230.1,6.5,33
OHIO,1978,146947,55391.11,130514.81,4394.9,5.4,33
OHIO,1979,147766,56115.22,135552.69,4484.8,5.9,33
OHIO,1980,140782,56513.62,141143.03,4367.4,8.4,33
OHIO,1981,141743,56980.17,130138.76,4317.7,9.6,33
OHIO,1982,134204,57101.01,133828.4,4124.3,13,33
OHIO,1983,137411,56929.04,135942.45,4092.5,12,33
OHIO,1984,147979,56648.46,137605.78,4260.2,9.4,33
OHIO,1985,152689,56463.31,141449.34,4372.9,8.9,33
OHIO,1986,156541,56283.12,139129.61,4471.4,8.1,33
OKLAHOMA,1970,33262,11168.19,38990.92,762.6,4.4,34
OKLAHOMA,1971,33879,11478.15,40190.7,774.4,4.9,34
OKLAHOMA,1972,35190,11680.58,40932.34,811.9,4.5,34
OKLAHOMA,1973,36333,11832.9,41815.94,851.9,4.2,34
OKLAHOMA,1974,36110,12026.61,43288.99,886.9,4.4,34
OKLAHOMA,1975,35967,12396.49,44637.52,899.7,7.2,34
OKLAHOMA,1976,37376,12730.82,49044.39,931.1,5.6,34
OKLAHOMA,1977,39235,12979.01,49679.55,971.5,5,34
OKLAHOMA,1978,41564,13229.51,51180.23,1035.7,3.9,34
OKLAHOMA,1979,43535,13492.11,53110.66,1087.9,3.4,34
OKLAHOMA,1980,44944,13835.66,55318.19,1138.1,4.8,34
OKLAHOMA,1981,47236,14248.02,63264.52,1201.2,3.6,34
OKLAHOMA,1982,48700,14564.32,65824.58,1216.9,5.7,34
OKLAHOMA,1983,46425,14766.51,67358.6,1170.6,9,34
OKLAHOMA,1984,47499,15088.88,68096.06,1180.3,7,34
OKLAHOMA,1985,47178,15480.8,69848.25,1165.3,7.1,34
OKLAHOMA,1986,45928,15891.09,64625.86,1124.4,8.2,34
OREGON,1970,22350,11143.64,22546.05,710.5,6.2,35
OREGON,1971,23280,11481.58,23425.25,729.1,6.6,35
OREGON,1972,25356,11830.75,24286.22,774.7,5.7,35
OREGON,1973,26976,12150.51,25304.46,816.2,5.3,35
OREGON,1974,27744,12912.83,26641.39,838.2,7.5,35
OREGON,1975,27474,13214.8,27836.41,837.4,11,35
OREGON,1976,29559,13671.14,30422.64,878.5,9.5,35
OREGON,1977,31397,13976.13,31180.19,936.9,7.4,35
OREGON,1978,33793,14350.99,32072.2,1009.2,6.1,35
OREGON,1979,35296,14724.22,33272.01,1056,6.8,35
OREGON,1980,34762,15020.05,34618.64,1044.6,8.3,35
OREGON,1981,33614,15420.55,36469.81,1018.7,9.9,35
OREGON,1982,31148,15666.86,37341.17,961.1,12,35
OREGON,1983,31899,15743.83,37792.98,966.7,11,35
OREGON,1984,33747,15759.04,38276.78,1006.9,9.4,35
OREGON,1985,34769,15844.49,39308.4,1030,8.8,35
OREGON,1986,35934,15947.63,37419.6,1058.5,8.5,35
PENNSYLVANIA,1970,129967,50428.35,105738.93,4351.6,4.5,36
PENNSYLVANIA,1971,130120,53374.91,109965.27,4291.3,5.4,36
PENNSYLVANIA,1972,136028,56250.56,114031.51,4400,5.4,36
PENNSYLVANIA,1973,142970,58090.06,118691.16,4506.5,4.8,36
PENNSYLVANIA,1974,140616,59430.51,124688.11,4514.6,5.1,36
PENNSYLVANIA,1975,135828,60860.6,130578.37,4435.8,8.3,36
PENNSYLVANIA,1976,140178,61871.02,124414.86,4512.8,7.9,36
PENNSYLVANIA,1977,144091,62830.91,127274.82,4565.2,7.7,36
PENNSYLVANIA,1978,148130,62861.36,131212.42,4716.2,6.9,36
PENNSYLVANIA,1979,149431,62652.44,136305.43,4806.1,6.9,36
PENNSYLVANIA,1980,145367,62617.53,141870.43,4753.1,7.8,36
PENNSYLVANIA,1981,146570,62440.58,132965.78,4728.9,8.4,36
PENNSYLVANIA,1982,141282,62061.65,136800.58,4580.1,11,36
PENNSYLVANIA,1983,143923,61479.97,139072.15,4524.3,12,36
PENNSYLVANIA,1984,151405,61158.43,141054.14,4654.8,9.1,36
PENNSYLVANIA,1985,155809,60661.77,145339.04,4730.3,8,36
PENNSYLVANIA,1986,160862,60244.69,145433.99,4790.9,6.8,36
RHODE_ISLAND,1970,9824,4310.22,5437.28,344.1,5.2,37
RHODE_ISLAND,1971,9849,4451.24,5610.11,342.8,6.8,37
RHODE_ISLAND,1972,10247,4493.55,5845.79,358.1,6.5,37
RHODE_ISLAND,1973,10496,4498.12,6109.18,365.9,6.2,37
RHODE_ISLAND,1974,9888,4490.52,6470.03,367,7.3,37
RHODE_ISLAND,1975,9433,4463.83,6799.79,349.2,11,37
RHODE_ISLAND,1976,9968,4437.89,6123.78,366.7,8.1,37
RHODE_ISLAND,1977,10323,4443.85,6286.71,381.7,8.6,37
RHODE_ISLAND,1978,10610,4442.7,6499.15,395.8,6.6,37
RHODE_ISLAND,1979,10734,4430.52,6803.93,400,6.6,37
RHODE_ISLAND,1980,10518,4411.81,7154.94,398.3,7.2,37
RHODE_ISLAND,1981,10848,4396.28,7057.35,401.4,7.6,37
RHODE_ISLAND,1982,10592,4342.85,7323.77,390.5,10,37
RHODE_ISLAND,1983,11022,4302.36,7503.27,396.3,8.3,37
RHODE_ISLAND,1984,12011,4251.45,7684.1,416.4,5.3,37
RHODE_ISLAND,1985,12572,4230.74,8001.04,429.2,4.9,37
RHODE_ISLAND,1986,13283,4254.36,8191.84,442.5,4,37
SOUTH_CAROLINA,1970,20924,8250.43,24322.74,842,5,38
SOUTH_CAROLINA,1971,21626,8694.41,26387.6,862.6,5.3,38
SOUTH_CAROLINA,1972,23156,9115.22,27298.7,920.3,4.2,38
SOUTH_CAROLINA,1973,24919,9554.06,28224.77,984,3.7,38
SOUTH_CAROLINA,1974,25153,10014.14,29549.55,1015.8,4.5,38
SOUTH_CAROLINA,1975,24483,10637.46,30901.75,982.6,8.7,38
SOUTH_CAROLINA,1976,26304,11097.59,34992.84,1038.1,6.9,38
SOUTH_CAROLINA,1977,27791,11500.56,35544.29,1081.7,7.2,38
SOUTH_CAROLINA,1978,29587,11653.18,36518.61,1137.5,5.7,38
SOUTH_CAROLINA,1979,30989,11911.5,37807.33,1176,5,38
SOUTH_CAROLINA,1980,31303,12263.76,39198.08,1188.8,6.9,38
SOUTH_CAROLINA,1981,32533,12577.08,40311.84,1196.4,8.4,38
SOUTH_CAROLINA,1982,31940,12972.01,41342.05,1162.3,11,38
SOUTH_CAROLINA,1983,33914,13110.97,41914.56,1189,10,38
SOUTH_CAROLINA,1984,36736,13172.84,42318.87,1262.5,7.1,38
SOUTH_CAROLINA,1985,37687,13211.81,43299.52,1296.2,6.8,38
SOUTH_CAROLINA,1986,39281,13391.24,48248.27,1338,6.2,38
SOUTH_DAKOTA,1970,5864,4173.17,9202.46,175.4,3.3,39
SOUTH_DAKOTA,1971,6065,4261.98,9436.08,179,3.7,39
SOUTH_DAKOTA,1972,6481,4333.46,9688.61,189.9,3.7,39
SOUTH_DAKOTA,1973,7048,4407.53,10017.65,199.1,3.3,39
SOUTH_DAKOTA,1974,6936,4501.83,10458.03,206.6,3.5,39
SOUTH_DAKOTA,1975,7154,4630.2,10832.66,209.3,3.7,39
SOUTH_DAKOTA,1976,6922,4732.91,11153.46,218.6,3.4,39
SOUTH_DAKOTA,1977,7411,4840.82,11058.96,226.6,3.3,39
SOUTH_DAKOTA,1978,7800,4895.63,11324.24,236.6,3,39
SOUTH_DAKOTA,1979,8164,4998.02,11686.06,241.4,3.5,39
SOUTH_DAKOTA,1980,7841,5067.5,12084.49,238,4.9,39
SOUTH_DAKOTA,1981,8009,5125.45,11911.36,236,5.1,39
SOUTH_DAKOTA,1982,7835,5178.56,12036.85,230.2,5.5,39
SOUTH_DAKOTA,1983,7660,5162.24,11996.73,235.3,5.4,39
SOUTH_DAKOTA,1984,8200,5146.61,11982.06,247,4.3,39
SOUTH_DAKOTA,1985,8418,5148.18,12209.44,249.4,5.1,39
SOUTH_DAKOTA,1986,8760,5281.22,11305.15,251.9,4.7,39
TENNESSE,1970,34769,20949.51,38417.96,1327.6,4.8,40
TENNESSE,1971,36771,21687.41,40374.38,1356.8,5,40
TENNESSE,1972,40403,22448.25,41983.03,1450.1,3.6,40
TENNESSE,1973,43424,22886.75,43491.51,1531.1,3,40
TENNESSE,1974,43052,23184.46,45836.89,1558.2,3.9,40
TENNESSE,1975,42098,23972.49,48060.68,1505.7,8.3,40
TENNESSE,1976,45309,24632.07,51076.68,1575.4,6,40
TENNESSE,1977,47941,25153.79,52181.92,1648.1,6.3,40
TENNESSE,1978,51630,25444.07,53812.7,1737,5.8,40
TENNESSE,1979,52759,25820.64,55904.1,1777.3,5.8,40
TENNESSE,1980,51810,26011.9,58207.51,1746.6,7.3,40
TENNESSE,1981,52804,26321.05,58678.19,1755.4,9.1,40
TENNESSE,1982,51967,26467.14,60244.5,1703,12,40
TENNESSE,1983,54217,26394.65,61160.01,1719,12,40
TENNESSE,1984,58810,26261.07,62031.97,1812,8.6,40
TENNESSE,1985,61337,26236.06,63885.31,1867.8,8,40
TENNESSE,1986,64124,26281.46,65065.24,1929.8,8,40
TEXAS,1970,160922,53639.88,213676.41,3624.9,4.4,41
TEXAS,1971,164088,55700.45,220715.86,3683.5,4.9,41
TEXAS,1972,172360,57213.27,224933.82,3884.4,4.5,41
TEXAS,1973,183467,59134.01,229705.43,4141.7,3.9,41
TEXAS,1974,189079,60974.12,237780.47,4360.2,4.3,41
TEXAS,1975,193920,62734.61,245917.64,4462.9,5.6,41
TEXAS,1976,205542,64422.93,270830.23,4683.7,5.7,41
TEXAS,1977,218733,65863.92,274770.61,4906.8,5.3,41
TEXAS,1978,232319,67133.78,283942.5,5271.6,4.8,41
TEXAS,1979,240424,69034.04,295486.62,5601.8,4.2,41
TEXAS,1980,244359,71409.31,308526.88,5851.2,5.2,41
TEXAS,1981,254691,74168.05,334167.45,6180,5.3,41
TEXAS,1982,254508,76260.44,349440.59,6263.4,6.9,41
TEXAS,1983,257245,78159.02,359069.09,6193.6,8,41
TEXAS,1984,273685,80067.98,364324.47,6492.4,5.9,41
TEXAS,1985,283388,82196.09,375341.6,6663.1,7,41
TEXAS,1986,276313,84303.17,362209.94,6564.2,8.9,41
UTAH,1970,10750,6494.16,11252.62,357,6.1,42
UTAH,1971,11242,6666.03,11621.13,369.3,6.4,42
UTAH,1972,12083,6773.32,11981.62,393,6.1,42
UTAH,1973,12850,6928.74,12493.5,414.8,5.7,42
UTAH,1974,13267,7072.53,13079.28,434.1,5.9,42
UTAH,1975,13482,7239.52,13616.96,440.3,6.5,42
UTAH,1976,14315,7373.63,16090.73,462.8,5.7,42
UTAH,1977,15324,7547.71,16584.22,488.7,5.3,42
UTAH,1978,16611,7716.92,17142.71,525.4,3.8,42
UTAH,1979,17291,7893.14,17874.79,548.4,4.3,42
UTAH,1980,17639,8057.45,18707.02,550.8,6.3,42
UTAH,1981,18093,8334.41,19165.89,558,6.7,42
UTAH,1982,17892,8606.09,19798.38,560.9,7.8,42
UTAH,1983,18570,8908.45,20132.57,566.9,9.2,42
UTAH,1984,20177,9453.63,20339.64,601.2,6.5,42
UTAH,1985,20920,10311.4,20850.77,624.3,5.9,42
UTAH,1986,21193,11392,22757.3,634.1,6,42
VERMONT,1970,4354,2627.12,4052.71,147.9,4.9,43
VERMONT,1971,4438,2756.19,4250.3,148.1,6.8,43
VERMONT,1972,4611,2894.58,4402.86,153.6,6.5,43
VERMONT,1973,4801,2967.25,4577.6,161.3,5.6,43
VERMONT,1974,4652,3025.15,4806.48,162.8,6.9,43
VERMONT,1975,4528,3083.07,5017.84,162.1,9.4,43
VERMONT,1976,4760,3075.61,4790.14,168.4,8.7,43
VERMONT,1977,4913,3055.26,4805.94,178.4,7,43
VERMONT,1978,5363,3019.42,4926.2,190.6,5.9,43
VERMONT,1979,5569,3020.06,5105.86,197.9,5.1,43
VERMONT,1980,5634,3032.36,5308.11,200.1,6.4,43
VERMONT,1981,5875,3016.79,5514.75,204.3,5.7,43
VERMONT,1982,5871,2983.19,5671.16,202.9,6.9,43
VERMONT,1983,6261,2950.98,5756.72,206.4,6.9,43
VERMONT,1984,6669,2927.85,5832.7,214.9,5.2,43
VERMONT,1985,7142,2925.39,6001.79,224.7,4.8,43
VERMONT,1986,7585,2936.44,6939.39,234.4,4.7,43
VIRGINIA,1970,48269,20732.56,34706.84,1518.9,3.4,44
VIRGINIA,1971,50049,21582.28,36795.57,1567.2,3.6,44
VIRGINIA,1972,52927,22348.28,38243.38,1655.2,3.6,44
VIRGINIA,1973,56762,22927,39992.09,1753.4,3.6,44
VIRGINIA,1974,57441,23570.72,42155.45,1804.3,4,44
VIRGINIA,1975,57290,24524.64,44147.96,1778.7,6.4,44
VIRGINIA,1976,60122,25440.39,48475.72,1848.1,5.9,44
VIRGINIA,1977,63151,26020.05,49402.95,1930.4,5.3,44
VIRGINIA,1978,66445,26621.8,50991.39,2033.5,5.4,44
VIRGINIA,1979,68123,27058.08,53106.81,2115,4.7,44
VIRGINIA,1980,68787,27606.76,55464.07,2157.2,5,44
VIRGINIA,1981,70711,27993.19,57163.94,2160.8,6.1,44
VIRGINIA,1982,70375,28206.71,58820.49,2146.4,7.7,44
VIRGINIA,1983,74360,28109.5,59774.36,2206.9,6.1,44
VIRGINIA,1984,79329,28031.46,60756.37,2333.3,5,44
VIRGINIA,1985,83143,27922.62,62710.66,2454.7,5.6,44
VIRGINIA,1986,88171,28000.68,71355.78,2557.7,5,44
WASHINGTON,1970,39224,25751.49,37406.43,1079.4,9.1,45
WASHINGTON,1971,38966,26775.46,39258.7,1064.5,10,45
WASHINGTON,1972,40535,27853.91,40764.39,1100.1,9.5,45
WASHINGTON,1973,43470,28392.6,42227.19,1152.3,7.7,45
WASHINGTON,1974,45385,29137.6,44463.18,1199.1,7.2,45
WASHINGTON,1975,46367,29497.89,46519.96,1225.7,9.5,45
WASHINGTON,1976,48697,29997.51,50312.3,1282.9,8.7,45
WASHINGTON,1977,51511,30862.78,51506.38,1367,8.8,45
WASHINGTON,1978,56875,31968.1,52994.95,1485.4,6.9,45
WASHINGTON,1979,60175,33454.73,54907.23,1581.2,6.8,45
WASHINGTON,1980,59796,35106.09,57001.52,1608.3,7.9,45
WASHINGTON,1981,58977,36528,60190.96,1612,9.5,45
WASHINGTON,1982,56745,37941.5,61677.79,1568.6,12,45
WASHINGTON,1983,58828,39515.57,62465.52,1586.1,11,45
WASHINGTON,1984,61507,40454.47,63256.31,1659.6,9.5,45
WASHINGTON,1985,63664,40775.81,64929.03,1710.4,8.1,45
WASHINGTON,1986,67158,41136.36,66033.81,1769.9,8.2,45
WEST_VIRGINIA,1970,18063,6482.87,24310.26,516.5,6.1,46
WEST_VIRGINIA,1971,18438,7051.17,25312.77,520,6.5,46
WEST_VIRGINIA,1972,19314,7652.54,26202.33,540.5,6.5,46
WEST_VIRGINIA,1973,19741,8245.21,27227.32,561.6,5.7,46
WEST_VIRGINIA,1974,19041,8735.95,28458.57,572.4,5.9,46
WEST_VIRGINIA,1975,19029,9220.62,29691.14,574.7,8.5,46
WEST_VIRGINIA,1976,20292,9624.86,32491.78,596.3,7.5,46
WEST_VIRGINIA,1977,21193,9942.15,33448.52,611.6,7.1,46
WEST_VIRGINIA,1978,22036,10115.55,34622.97,633.1,6.2,46
WEST_VIRGINIA,1979,22592,10457.33,35916.4,658.6,6.7,46
WEST_VIRGINIA,1980,22349,10705.18,37252.5,645.9,7.9,46
WEST_VIRGINIA,1981,22053,10943.56,34681.29,628.5,11,46
WEST_VIRGINIA,1982,21370,11059.62,35504.01,607.8,14,46
WEST_VIRGINIA,1983,20822,11078.85,35932.73,582.3,18,46
WEST_VIRGINIA,1984,21615,11072.89,36068.2,596.6,15,46
WEST_VIRGINIA,1985,21629,11000.7,36549.44,597.2,13,46
WEST_VIRGINIA,1986,21705,10984.38,35781.74,597.5,12,46
WISCONSIN,1970,45301,23565.08,39311,1530.4,3.9,47
WISCONSIN,1971,46505,24271.67,40880.5,1525.4,4.5,47
WISCONSIN,1972,48879,24747.06,42260.97,1580.8,4.2,47
WISCONSIN,1973,52062,25226.91,43778.56,1660.5,4.1,47
WISCONSIN,1974,51830,25539.33,45934.43,1703.4,4.6,47
WISCONSIN,1975,50930,25799.34,47948.09,1676.8,6.9,47
WISCONSIN,1976,53853,25842.14,48872.43,1725.9,5.6,47
WISCONSIN,1977,57055,25945.01,50089.81,1798.9,4.9,47
WISCONSIN,1978,59908,25858.17,51469.93,1887,5.1,47
WISCONSIN,1979,61689,25885.94,53386.11,1960.2,4.5,47
WISCONSIN,1980,60255,25894.16,55505.34,1938.1,7.2,47
WISCONSIN,1981,60815,25984.74,54915.52,1923.2,7.8,47
WISCONSIN,1982,59558,26034.63,56262.51,1866.7,11,47
WISCONSIN,1983,61053,26289.52,56912.51,1864.6,10,47
WISCONSIN,1984,65461,26225.89,57440.23,1949.2,7.3,47
WISCONSIN,1985,67469,26304.98,58904.79,1983.1,7.2,47
WISCONSIN,1986,70171,26400.6,60241.65,2023.9,7,47
WYOMING,1970,7924,3674.01,14309.75,108.3,4.5,48
WYOMING,1971,7504,3701.91,14459.14,111,4.5,48
WYOMING,1972,7807,3701.91,14583.78,117.3,4,48
WYOMING,1973,8067,3722.93,14936.34,126.1,3.5,48
WYOMING,1974,8831,3732.09,15284.9,136.5,3.6,48
WYOMING,1975,8949,3772.46,15670,146,4.2,48
WYOMING,1976,9057,3884.01,19539.47,156.5,4.1,48
WYOMING,1977,9779,4037.03,19977.67,170.5,3.6,48
WYOMING,1978,11038,4115.61,20760.24,187.4,3.3,48
WYOMING,1979,11988,4268.71,21643.5,200.7,2.8,48
WYOMING,1980,13027,4399.69,22628.22,210.2,4,48
WYOMING,1981,13717,4572.67,26330.2,223.5,4.1,48
WYOMING,1982,13056,4731.98,27724.96,217.7,5.8,48
WYOMING,1983,11922,4950.82,28586.46,202.5,8.4,48
WYOMING,1984,12073,5184.73,28794.8,204.3,6.3,48
WYOMING,1985,12022,5448.38,29326.94,206.9,7.1,48
WYOMING,1986,10870,5700.41,27110.51,196.3,9,48
