LogMarijuana,LogPriceMarijuana,LogPriceCocaine,LogPriceCrack,YearsEducation,Age,Age2,Dealer,Female,PhysicalHealthGood,MentalHealthGood
1.386294361,9.210340372,9.105821302,7.418580863,15,20,400,1,0,1,1
1.098612289,8.006367568,9.105821302,7.418580863,14,21,441,0,0,1,1
0,7.418580863,8.111728073,7.941730268,7,16,256,0,0,1,1
4.848116365,8.517193191,9.105821302,7.418580863,12,28,784,1,0,1,1
2.48490665,8.642356305,9.210340372,7.567000942,8,23,529,0,1,0,1
3.17805383,8.517193191,8.411832676,8.2280285,12,50,2500,0,1,0,1
2.302585093,7.60090246,8.517193191,7.567000942,13,18,324,1,0,1,0
0.146603356,6.907755279,9.141139854,6.907755279,17,29,841,0,0,1,1
2.079441542,7.755053125,9.141139854,7.567000942,12,38,1444,1,0,1,1
2.772588722,7.13089883,9.141139854,7.60090246,12,21,441,1,0,1,1
0,8.642356305,9.210340372,7.418580863,13,20,400,0,0,0,0
1.791759469,7.60090246,8.853665428,8.2280285,15,24,576,1,0,0,0
3.951243719,6.907755279,9.242373877,8.334871595,4,23,529,1,0,1,0
0.875089999,6.907755279,8.9226583,7.567000942,12,24,576,0,0,1,1
5.388265606,7.003065459,9.433483923,8.9226583,12,34,1156,1,0,1,0
5.102549776,7.830305778,8.793701995,8.2280285,12,17,289,1,0,1,0
0.693147181,6.214608098,9.210340372,8.2280285,6,14,196,1,0,1,0
2.48490665,8.804875239,9.970626861,7.60090246,15,27,729,1,0,1,1
1.386294361,7.60090246,8.890943734,8.010064426,6.5,31,961,1,0,1,0
2.772588722,6.620073207,8.699514748,7.567000942,12,18,324,0,0,1,0
2.48490665,8.29404964,8.006367568,8.2280285,8,15,225,1,0,1,1
4.364651101,8.006367568,8.890943734,8.010064426,12.5,20,400,1,1,1,0
2.995732274,8.251490017,9.141139854,7.567000942,7,19,361,1,0,0,1
3.871201011,8.804875239,8.793701995,8.2280285,11,21,441,0,0,1,1
1.386294361,8.024207158,9.105821302,7.418580863,12,21,441,0,1,0,0
1.386294361,7.096997251,8.699514748,7.567000942,17,25,625,0,0,1,1
0,7.843940242,9.141139854,7.567000942,14,20,400,0,0,0,1
1.386294361,6.907755279,9.141139854,6.907755279,12,20,400,0,1,0,0
1.493489812,7.978196702,7.60090246,8.29404964,12,19,361,0,1,1,0
2.995732274,7.60090246,8.890943734,8.010064426,11,22,484,0,0,1,0
2.079441542,6.907755279,7.824046011,7.567000942,12.5,23,529,0,1,0,0
1.220241194,7.457354266,9.721165956,7.567000942,15,26,676,0,0,1,1
0,7.671283241,9.141139854,7.60090246,10,16,256,0,0,1,1
4.72717939,7.830305778,8.793701995,8.2280285,12,29,841,1,0,1,1
0,8.29404964,9.210340372,7.567000942,10,24,576,0,0,1,1
2.335509874,8.29404964,9.36449108,7.418580863,15,22,484,0,0,1,1
3.688879454,8.006367568,8.006367568,7.567000942,12,30,900,0,1,1,1
1.386294361,7.60090246,8.793701995,8.2280285,12,29,841,0,0,1,1
5.991464547,8.29404964,9.210340372,8.2280285,8,29,841,1,1,0,1
3.021524964,8.29404964,9.210340372,7.567000942,12,23,529,0,0,1,0
4.835727944,7.457354266,9.721165956,7.567000942,13,22,484,1,0,1,1
3.401197382,7.418580863,8.9226583,7.567000942,15,21,441,1,0,1,0
1.386294361,8.517193191,9.141139854,7.567000942,14,32,1024,1,1,0,0
1.386294361,7.843940242,9.141139854,7.567000942,11,20,400,1,1,1,1
1.386294361,7.096997251,8.699514748,7.567000942,8,47,2209,1,0,1,0
4.787491743,7.60090246,8.111728073,8.2280285,6,35,1225,0,0,1,1
2.079441542,8.114275037,9.618025215,6.907755279,16,20,400,1,0,1,0
1.386294361,8.517193191,9.141139854,7.567000942,14,23,529,0,0,1,1
5.480638923,6.907755279,9.123328922,8.2280285,14,26,676,0,1,1,1
0,7.457354266,9.721165956,7.567000942,12,16,256,0,1,1,0
2.079441542,6.620073207,8.517193191,7.567000942,13,16,256,0,0,1,0
1.386294361,8.517193191,8.006367568,8.2280285,12,26,676,0,0,1,1
4.094344562,8.804875239,8.517193191,8.2280285,11,28,784,0,0,1,1
1.609437912,7.60090246,8.111728073,8.2280285,12,30,900,1,0,1,1
4.64088833,7.195437401,9.903487553,7.567000942,12,39,1521,0,0,0,1
1.311632828,8.111728073,9.105821302,6.907755279,12,20,400,0,0,0,1
2.440227051,8.517193191,9.141139854,7.567000942,12,24,576,0,0,1,1
0.693147181,7.313220387,9.105821302,7.60090246,12,43,1849,0,0,1,1
0,7.718685495,9.105821302,7.418580863,11,18,324,1,1,1,0
4.787491743,6.907755279,9.903487553,8.2280285,12,33,1089,1,0,1,1
4.724010973,7.240899771,9.721165956,7.567000942,10,22,484,1,0,0,0
1.386294361,7.718685495,9.105821302,7.418580863,23,27,729,0,0,1,1
1.386294361,7.457354266,9.721165956,7.567000942,16,32,1024,0,1,0,0
2.48490665,8.006367568,8.517193191,7.567000942,11,18,324,0,0,0,1
1.373995616,7.843940242,9.141139854,7.567000942,14,25,625,1,1,1,0
5.480638923,7.963807953,8.699514748,8.354674262,12,23,529,1,0,1,1
2.995732274,7.457354266,9.721165956,7.567000942,12,27,729,0,1,1,1
1.386294361,7.824046011,9.721165956,7.567000942,12,17,289,0,0,1,1
0,8.041110482,9.903487553,6.907755279,13,19,361,1,1,0,0
0.693147181,7.755053125,8.111728073,7.418580863,17,25,625,1,0,1,1
3.465735903,6.843216758,8.890943734,8.010064426,13,31,961,1,0,0,0
4.382026635,6.214608098,8.890943734,8.010064426,8,18,324,1,1,0,1
2.708050201,8.117958643,10.02127059,8.079549192,12.5,30,900,0,0,0,0
4.266080988,8.006367568,9.618025215,6.907755279,12,18,324,1,0,1,1
2.995732274,8.006367568,9.105821302,7.418580863,11,20,400,1,1,1,1
1.152679457,8.517193191,7.60090246,8.29404964,15,30,900,1,0,1,1
4.787491743,8.517193191,9.210340372,7.418580863,12,36,1296,1,0,1,0
4.787491743,7.418580863,8.793701995,8.2280285,12,35,1225,0,0,0,1
1.197517484,7.84750856,8.890943734,8.010064426,9,31,961,1,0,1,1
2.772588722,7.824046011,7.60090246,8.29404964,13,18,324,1,0,1,1
2.48490665,7.418580863,8.111728073,8.2280285,12,27,729,1,0,1,0
4.094344562,8.111728073,9.105821302,7.418580863,17,39,1521,1,0,0,1
0,7.923136926,9.105821302,6.907755279,16,18,324,0,1,1,1
1.687662858,7.84750856,8.890943734,8.010064426,15,34,1156,1,0,1,1
2.995732074,7.755053125,9.141139854,7.567000942,12,22,484,1,0,1,1
0,8.125554773,9.123329031,6.907755279,14,31,961,1,0,1,1
4.248495242,6.43775165,8.411832676,8.2280285,10,27,729,1,1,1,0
1.098612289,9.210340372,8.793701995,8.2280285,6,35,1225,1,0,0,1
5.474207998,8.363042538,8.9226583,8.2280285,12,24,576,0,0,1,1
0,7.274380593,9.558647019,8.2280285,10,40,1600,0,1,1,1
4.317488114,7.60090246,9.558647019,8.2280285,9,61,3721,0,0,1,1
3.688879454,8.29404964,9.141139854,7.567000942,5,20,400,0,0,0,1
2.302585093,8.517193191,8.890943734,8.010064426,10,24,576,0,0,1,1
1.077835131,7.835238501,9.952277717,8.079549192,13,24,576,1,0,1,0
5.480638923,6.214608098,9.952277717,8.079549192,17,29,841,0,0,1,0
0,7.978196702,7.60090246,8.29404964,17,22,484,1,0,0,0
3.465735903,7.824046011,8.517193191,8.2280285,6.5,22,484,0,0,1,1
0,7.877155784,9.970626861,7.60090246,19,29,841,0,0,1,1
4.787491743,8.517193191,8.411832676,7.418580863,12,33,1089,0,0,1,1
4.787491743,6.907755279,9.141139854,7.60090246,7,23,529,0,0,1,1
1.386294361,8.517193191,9.141139854,7.60090246,12,28,784,1,0,1,1
0,8.006367568,8.006367568,7.567000942,17,21,441,0,1,1,0
2.995732274,7.313220387,7.824046011,7.313220387,12,35,1225,1,0,1,1
1.609437912,6.725433766,9.210340372,7.313220387,14,24,576,1,1,0,0
4.787491743,6.214608098,8.517193191,8.2280285,11,36,1296,1,0,1,1
0.900642169,8.125554773,9.123329031,6.907755279,17,38,1444,1,0,1,1
3.984343667,8.160518247,9.242373877,8.334871595,6,42,1764,1,0,1,0
3.688879454,8.006367568,8.9226583,8.2280285,8,19,361,1,0,1,1
1.828127126,7.483119436,8.793701995,8.2280285,10,33,1089,1,0,1,0
3.492169164,7.313220387,9.105821302,7.418580863,14,28,784,0,0,1,1
5.480638923,7.418580863,8.699514748,7.567000942,8,28,784,0,0,1,1
1.098612289,8.111728073,7.824046011,8.2280285,17.5,28,784,0,0,1,1
1.386294361,6.725433694,9.576965617,7.941730268,17,38,1444,1,1,1,0
4.787491743,8.517193191,9.105821302,7.418580863,11,17,289,1,0,1,1
0,6.789972278,8.793701995,8.2280285,16,23,529,0,0,1,1
3.091042453,6.812445067,9.618025215,6.907755279,7,19,361,1,0,1,1
1.386294361,8.114275037,9.618025215,6.907755279,16,36,1296,1,0,1,1
1.386294361,7.835238501,9.952277717,8.079549192,15,28,784,1,0,1,1
4.787491743,8.111728073,9.224133705,7.60090246,9,23,529,1,0,0,1
1.386294361,8.117958643,10.02127059,8.079549192,14,21,441,1,1,1,1
3.465735903,8.117958643,10.02127059,8.079549192,10,20,400,1,0,1,0
0.693147181,7.835238501,9.952277717,8.079549192,18,38,1444,0,0,1,1
5.075173815,7.718685495,7.824046011,7.313220387,9,33,1089,1,0,1,1
0,7.84750856,7.824046011,8.010064426,12,43,1849,1,0,1,1
2.079441542,7.824046011,10.30895266,7.60090246,6,17,289,1,0,0,1
1.17865515,8.699514748,9.618025215,6.907755279,6,27,729,1,0,0,1
1.098612289,8.29404964,9.36449108,7.418580863,14,20,400,0,0,1,1
3.850722394,7.418580863,8.699514748,8.010064426,10,22,484,1,0,1,0
1.946853504,8.125554773,9.123329031,6.907755279,19,36,1296,1,1,1,0
0,7.975712018,9.224133705,7.60090246,16,58,3364,0,0,1,1
0,8.09914925,8.517193191,8.2280285,12,26,676,0,0,1,0
0,8.517193191,9.141139854,7.567000942,12,58,3364,1,1,0,1
2.079441542,8.09914925,8.517193191,8.2280285,17.5,25,625,0,0,0,0
5.075173815,7.13089883,7.60090246,8.29404964,6,43,1849,0,0,0,0
0.693147181,6.907755279,9.123328922,8.2280285,6,22,484,0,0,1,1
0,8.517193191,8.793701995,8.2280285,3,63,3969,0,1,0,1
0,7.60090246,9.105821302,7.418580863,18,25,625,0,0,0,0
0,8.517193191,9.105821302,7.418580863,13,20,400,1,0,0,1
4.094344562,7.975712018,9.224133705,7.60090246,11,25,625,0,0,1,1
0,8.699514748,9.105821302,7.418580863,13,18,324,0,0,1,0
0,8.491875383,9.105821302,7.418580863,13,19,361,0,0,1,0
2.995732274,7.60090246,9.141139854,7.567000942,16,32,1024,1,0,1,1
5.480638923,7.60090246,9.224133705,7.60090246,15,36,1296,1,0,0,1
0,8.111728073,7.824046011,8.2280285,8,15,225,0,1,0,0
5.480638923,8.066992189,7.60090246,7.888584544,12,33,1089,0,0,1,1
0,7.523124739,8.9226583,7.418580863,14,23,529,0,1,0,0
1.32175584,6.502290206,8.699514748,8.354674262,16,28,784,0,0,1,0
5.075173815,8.006367568,8.006367568,8.2280285,9,21,441,0,0,0,0
6.384630918,7.843940242,9.141139854,7.567000942,12,23,529,0,0,1,0
3.401197382,7.418580863,9.970626861,7.60090246,18,30,900,1,0,0,0
0,9.104979856,9.36449108,7.418580863,17,26,676,0,0,0,1
1.098612289,8.642356305,9.36449108,7.418580863,14,52,2704,0,0,1,1
0,7.863266724,9.498022419,7.418580863,16,24,576,0,0,1,0
3.465735903,7.13089883,8.517193191,7.313220387,12,19,361,1,1,1,1
2.995732274,8.29404964,7.60090246,7.195437401,13,18,324,1,1,0,0
0,8.117958643,10.02127059,8.079549192,17,33,1089,0,0,1,1
3.615067319,7.888584544,10.02127059,8.079549192,13,27,729,0,0,1,1
0,7.835238501,9.952277717,8.079549192,13,22,484,0,0,1,1
0,7.457354266,9.721165956,7.567000942,12,22,484,0,0,1,0
1.386294361,8.517193191,9.105821302,7.418580863,17,28,784,0,1,1,0
5.480638923,7.755053125,8.793701995,7.60090246,7,19,361,0,0,1,1
1.945910149,7.003065459,8.911484976,8.354674262,12,27,729,0,0,1,0
4.57777126,6.907755279,8.793701995,6.907755279,17,24,576,1,0,1,0
1.277807436,8.29404964,9.210340372,8.2280285,12,43,1849,1,0,0,1
4.918979256,7.60090246,9.970626861,7.60090246,8,24,576,1,0,0,0
1.370546055,7.99939891,9.970626861,7.60090246,12,30,900,0,0,1,0
3.17805383,7.824046011,8.890943734,8.010064426,6,36,1296,1,0,1,1
3.519620982,8.642356305,9.36449108,7.418580863,17,45,2025,1,1,0,1
2.302585093,6.214608098,8.872533936,8.354674262,8,18,324,0,0,1,1
3.401197382,8.111728073,8.872533936,8.354674262,15,30,900,0,0,1,1
0.488031275,7.177418839,8.872533936,8.354674262,16,22,484,1,1,1,1
3.784189634,6.530461054,8.517193191,7.313220387,4,36,1296,1,1,1,1
0,7.99939891,9.970626861,7.60090246,12,35,1225,1,0,1,1
2.079441542,8.517193191,8.517193191,7.313220387,12,28,784,1,1,1,0
6.396929655,7.888584544,8.517193191,7.313220387,7,33,1089,1,0,1,1
4.094344562,6.502290206,9.970626861,7.60090246,10,20,400,1,0,1,1
2.995732274,7.60090246,9.970626861,7.60090246,8,28,784,0,0,0,0
2.079441542,6.907755279,7.824046011,7.313220387,6,62,3844,1,0,1,1
2.302585093,7.60090246,9.903487553,7.567000942,12,22,484,0,0,1,0
2.708050201,7.888584544,9.903487553,8.2280285,8,20,400,1,0,1,1
4.787491743,6.907755279,7.824046011,7.313220387,9,36,1296,1,0,1,1
4.094344562,8.006367568,8.006367568,8.2280285,6,18,324,1,1,1,1
1.386294361,8.517193191,10.1911696,7.60090246,17,20,400,1,1,0,0
2.48490665,8.987196821,8.793701995,8.2280285,12,21,441,0,0,0,1
0,8.411832676,8.853665428,7.567000942,18,28,784,0,1,1,1
3.465735903,7.824046011,9.123329031,6.907755279,12,24,576,0,0,1,1
3.401197382,6.907755279,9.558647019,8.2280285,7,18,324,0,0,1,1
1.386294361,8.987196821,9.141139854,7.567000942,4,32,1024,0,0,0,1
3.61822405,8.125554773,9.123329031,6.907755279,16,23,529,0,0,1,0
0,8.125554773,9.123329031,6.907755279,14,20,400,1,0,1,0
3.218875825,6.684611728,9.618025215,6.907755279,12,33,1089,1,0,1,1
4.787491743,7.60090246,9.618025215,6.907755279,13,22,484,1,0,1,1
4.65396035,6.907755279,9.210340372,8.2280285,17,33,1089,0,0,1,1
1.386294361,7.313220387,9.558647019,8.2280285,14,27,729,1,0,1,0
1.609437912,9.210340372,9.903487553,6.907755279,13,20,400,0,0,1,0
5.480638923,7.60090246,8.517193191,8.2280285,6.5,27,729,0,0,1,1
1.609437912,7.60090246,9.224133705,7.60090246,15,41,1681,0,0,1,0
0,8.09914925,8.517193191,8.2280285,11,16,256,0,0,1,0
0.294104703,8.125554773,9.123329031,6.907755279,12,34,1156,0,0,1,0
2.995732274,7.60090246,8.793701995,7.60090246,2,27,729,0,0,1,1
1.386294361,8.29404964,9.576965617,7.941730268,17,21,441,1,1,1,1
0,8.29404964,9.105821302,7.418580863,13,18,324,0,0,0,0
0,8.09914925,8.517193191,8.2280285,12,19,361,1,0,1,1
0,8.041110482,9.903487553,6.907755279,17,43,1849,1,0,1,0
5.480638923,6.907755279,8.890943734,8.010064426,6,22,484,1,1,0,0
1.386294361,8.041110482,9.903487553,6.907755279,16,23,529,1,1,1,1
1.215357186,8.024207158,9.105821302,7.418580863,17,29,841,0,0,1,0
1.386294361,7.60090246,9.141139854,7.567000942,14,19,361,0,1,1,0
2.995732274,7.84750856,8.890943734,8.010064426,10,17,289,1,1,1,1
0,7.842914516,9.141139854,7.567000942,8,13,169,0,0,0,0
2.48490665,8.804875239,9.224133705,7.60090246,16,31,961,1,0,1,1
5.480638923,6.725433694,9.224133705,7.60090246,12,19,361,1,0,1,1
2.079441542,8.517193191,9.105821302,6.907755279,17,47,2209,0,0,1,1
1.609437912,8.29404964,9.242373877,8.334871595,8,43,1849,1,0,1,1
0,7.830305778,8.793701995,8.2280285,14,26,676,0,1,1,0
1.386294361,7.830305778,8.793701995,8.2280285,6,24,576,0,0,0,0
1.386294361,7.671283241,9.141139854,7.60090246,16,21,441,0,1,1,1
5.192956851,7.824046011,8.890943734,8.010064426,12,32,1024,1,0,1,1
4.787491743,6.907755279,9.224133705,7.60090246,10,27,729,1,1,1,1
0,8.491875383,9.105821302,7.418580863,14,24,576,0,0,1,1
2.48490665,8.804875239,8.160518247,7.418580863,13,24,576,0,0,1,1
2.079441542,6.907755279,9.242373877,8.334871595,6,61,3721,1,0,1,1
0.641853939,7.170119543,9.105821302,7.418580863,17,30,900,1,0,1,1
2.302585093,7.60090246,9.105821302,7.418580863,12,18,324,0,0,1,1
1.386294361,7.60090246,9.141139854,7.567000942,10,15,225,0,1,1,0
2.949389233,7.975712018,9.224133705,7.60090246,12,25,625,1,1,1,1
3.401197382,8.111728073,8.517193191,8.29404964,4,32,1024,1,0,0,0
1.048034142,8.114275037,9.618025215,6.907755279,13,38,1444,1,0,1,0
0.47644838,8.29404964,9.576965617,7.941730268,20,37,1369,0,0,1,0
3.401197382,6.502290206,8.793701995,8.2280285,10,15,225,1,1,0,0
1.386294361,8.283578332,9.210340372,8.2280285,16,31,961,0,0,1,1
2.995732274,8.29404964,9.224133705,7.60090246,14,34,1156,1,0,1,1
2.302585093,8.29404964,9.224133705,7.60090246,13,43,1849,1,0,0,0
0,8.111728073,7.824046011,7.418580863,13,21,441,0,0,1,0
6.396929655,7.60090246,8.793701995,8.2280285,10,19,361,0,0,1,1
0.206995551,7.985516759,9.141139854,7.567000942,12,25,625,1,1,0,0
1.098612289,7.654969676,8.111728073,8.2280285,13,25,625,1,0,1,1
2.907321354,7.669895358,9.141139854,7.567000942,12,20,400,0,0,1,1
4.702934352,8.699514748,9.210340372,6.907755279,12,19,361,1,1,1,1
2.079441542,7.673223121,9.983530229,7.941730268,12,22,484,0,0,1,1
3.688879454,8.006367568,8.160518247,7.567000942,15,32,1024,1,0,1,1
0,7.270660773,7.824046011,7.313220387,16,25,625,0,0,1,1
1.609437912,7.975712018,9.224133705,7.60090246,10,51,2601,1,0,1,1
0,8.111728073,7.824046011,7.418580863,7,14,196,0,0,1,1
3.871201011,7.824046011,9.105821302,7.418580863,15,26,676,1,0,1,1
3.462335879,7.720564041,8.411832676,8.2280285,10,32,1024,0,0,0,1
5.991464547,7.60090246,8.793701995,8.2280285,8,25,625,0,0,1,0
2.772588722,7.824046011,8.793701995,8.2280285,9,18,324,1,0,1,1
2.302585093,8.517193191,8.517193191,7.567000942,12,21,441,0,0,0,1
1.386294361,7.661527081,8.160518247,7.567000942,16,25,625,1,0,1,1
1.386294361,7.649692624,9.210340372,7.941730268,10,39,1521,0,1,1,1
3.575472934,7.313220387,9.105821302,7.418580863,12,45,2025,1,0,0,0
1.386294361,8.006367568,8.517193191,7.567000942,13,19,361,0,0,1,0
5.981414211,7.522940918,9.558647019,7.941730268,19,28,784,0,0,1,1
0,6.907755279,9.510444964,7.418580863,13,17,289,0,0,0,0
4.10842025,6.789972278,9.141139854,7.567000942,12,26,676,0,0,0,1
2.708050201,7.60090246,8.517193191,8.2280285,11,19,361,0,1,0,0
2.995732274,7.60090246,9.141139854,7.567000942,12,20,400,0,0,1,0
2.079441542,7.60090246,9.141139854,7.567000942,7,28,784,0,1,0,0
1.458739806,8.125554773,9.123329031,6.907755279,13,24,576,0,0,1,1
1.386294361,7.84750856,8.890943734,8.010064426,13,23,529,1,0,1,1
5.480638923,6.214608098,9.105821302,6.907755279,15,22,484,0,0,1,1
0,8.125554773,9.123329031,6.907755279,12,20,400,1,1,1,1
1.386294361,8.125554773,9.123329031,6.907755279,17,31,961,0,1,1,1
4.536177429,7.013115785,9.123329031,6.907755279,12,43,1849,0,0,0,1
0.815304457,8.125554773,9.123329031,6.907755279,14,26,676,0,0,1,1
3.261674131,7.755053125,8.111728073,7.418580863,14,25,625,0,0,1,1
4.025351691,7.957577383,9.141139854,7.567000942,6,33,1089,0,0,1,1
0,8.517193191,9.141139854,7.567000942,12,27,729,0,1,1,0
2.48490665,7.60090246,9.105821302,7.418580863,12,29,841,0,1,0,0
0.405465108,7.313220387,9.105821302,7.418580863,14,30,900,0,0,1,1
0,8.125554773,9.123329031,6.907755279,17,23,529,1,0,1,1
1.386294361,8.125554773,9.123329031,6.907755279,13,24,576,1,0,1,1
2.050480696,7.824046011,9.141139854,7.567000942,10,16,256,0,0,1,1
0.753771802,8.517193191,9.903487553,7.941730268,17,25,625,0,0,1,1
2.48490665,8.804875239,8.793701995,8.2280285,9,26,676,0,0,0,0
0,8.517193191,9.141139854,7.567000942,16,24,576,1,1,1,0
1.07451483,8.517193191,8.793701995,8.2280285,10,33,1089,0,0,1,1
1.386294361,9.210340372,9.903487553,6.907755279,12,42,1764,1,0,1,0
5.981414211,7.835238501,9.952277717,8.079549192,8,35,1225,0,0,1,1
5.075173815,7.313220387,9.105821302,6.907755279,17,29,841,1,0,1,1
1.386294361,8.041110482,9.903487553,6.907755279,21,28,784,0,0,1,1
1.386294361,7.313220387,9.210340372,8.2280285,8,63,3969,1,0,1,1
0,8.125554773,9.123329031,6.907755279,14,21,441,1,1,0,1
2.995732274,6.214608098,9.618025215,6.907755279,12,22,484,1,1,1,1
5.199202307,6.502290206,9.224133705,7.60090246,12,31,961,0,0,1,1
4.787491743,6.214608098,8.890943734,8.010064426,8,19,361,1,0,0,0
4.787491743,6.907755279,8.111728073,8.2280285,10,21,441,1,0,0,0
2.079441542,7.84750856,8.890943734,8.010064426,11,25,625,1,0,1,1
4.798265497,7.60090246,8.890943734,8.010064426,7,40,1600,1,0,0,1
0,7.313220387,9.105821302,7.60090246,11,18,324,1,0,1,1
2.06491338,7.60090246,9.970626861,7.60090246,13,21,441,1,0,1,0
4.382026635,6.214608098,9.141139854,7.567000942,13,26,676,0,0,1,1
3.621562223,6.502290206,8.006367568,7.418580863,12,18,324,0,0,1,1
3.871201011,6.725433694,8.793701995,8.2280285,11,23,529,0,0,0,1
1.386294361,8.283578332,9.210340372,8.2280285,8,60,3600,1,0,1,1
0,8.114275037,9.618025215,6.907755279,11,15,225,1,1,1,1
3.401197382,6.502290206,8.793701995,8.2280285,3,25,625,1,0,1,0
3.506557857,6.502290206,9.903487553,8.2280285,9,39,1521,0,0,0,1
3.688879454,8.29404964,9.242373877,8.334871595,12.5,20,400,1,0,1,1
3.465735903,7.313220387,8.793701995,8.2280285,11,16,256,1,1,1,0
2.48490665,7.877155784,9.970626861,7.60090246,17,22,484,1,1,1,1
1.793898979,7.824046011,9.618025215,6.907755279,12,30,900,0,0,1,1
4.787491743,7.418580863,8.793701995,8.2280285,16,29,841,1,1,0,0
0.181942818,6.907755279,9.141139854,6.907755279,15,23,529,0,0,1,1
0,8.125554773,9.123329031,6.907755279,15,33,1089,1,1,1,1
4.382026635,6.907755279,8.793701995,8.2280285,9,14,196,1,0,0,0
0,7.60090246,9.141139854,7.567000942,17,27,729,0,0,1,1
2.079441542,6.907755279,9.510444964,7.418580863,13,29,841,1,0,1,1
3.688879454,6.907755279,7.824046011,7.567000942,12,20,400,0,0,1,1
4.787491743,6.907755279,9.141139854,7.567000942,13,22,484,1,0,1,1
1.386294361,8.251490017,9.141139854,7.567000942,12,19,361,0,1,1,1
5.886104031,8.29404964,7.60090246,7.195437401,8,25,625,0,0,1,0
3.401197382,8.006367568,9.970626861,7.60090246,14,34,1156,1,0,1,0
2.995732274,7.863266724,9.498022419,7.418580863,12,29,841,0,0,1,1
6.102311763,7.863266724,9.498022419,7.418580863,14,34,1156,0,0,1,0
1.386294361,6.907755279,9.498022419,7.418580863,12,19,361,1,0,1,1
4.787491909,6.502290206,9.903487553,7.567000942,17,32,1024,1,0,1,1
1.386294361,8.111728073,8.29404964,7.418580863,17,23,529,0,1,1,1
0,7.755053125,9.123328922,7.941730268,15,21,441,1,1,1,1
0.693147181,7.457354266,9.721165956,7.567000942,17,33,1089,1,1,1,1
0,8.114275037,9.618025215,6.907755279,11,18,324,0,1,1,0
0,8.114275037,9.618025215,6.907755279,14,28,784,1,1,1,1
1.386294361,7.60090246,9.210340372,8.2280285,12,42,1764,0,0,1,1
4.094344562,6.502290206,9.105821302,7.418580863,13,38,1444,0,0,1,1
3.17805383,7.061905902,9.210340372,8.2280285,12,19,361,1,1,1,0
2.079441542,7.195437401,8.006367568,7.418580863,15,25,625,1,1,1,1
0,8.411832676,8.853665428,7.567000942,16,46,2116,0,0,1,1
2.995732274,7.60090246,8.006367568,7.418580863,12,52,2704,1,0,0,0
2.772588722,7.13089883,8.160518247,7.567000942,8,17,289,1,0,1,1
2.47330098,8.111728073,9.210340372,7.567000942,15,22,484,1,1,1,1
0,7.60090246,8.9226583,7.313220387,12,22,484,0,0,1,1
0,8.517193191,7.824046011,7.418580863,17,25,625,0,0,0,1
2.079441542,8.517193191,9.210340372,8.2280285,5,14,196,1,1,1,0
3.51039672,6.214608098,9.141139854,7.567000942,14,25,625,0,0,1,1
4.787491743,8.699514748,8.517193191,8.29404964,6,16,256,0,0,1,1
0,8.195609567,9.105821302,7.418580863,14,27,729,0,1,1,0
3.401197382,6.502290206,9.224133705,7.60090246,15,55,3025,1,0,1,1
4.094344562,6.502290206,8.9767255,7.60090246,10,17,289,0,0,1,1
1.386294361,7.60090246,9.105821302,7.418580863,11,17,289,1,0,1,1
3.688879454,8.006367568,9.224133705,7.60090246,14,25,625,1,1,0,1
3.17805383,7.835238501,9.952277717,8.079549192,15,21,441,0,1,1,1
2.302585093,6.907755279,8.793701995,8.2280285,9,23,529,0,0,0,0
0.693147181,7.60090246,9.210340372,7.418580863,18,23,529,0,1,1,1
2.995732274,8.006367568,8.006367568,7.567000942,12,17,289,0,0,1,0
0.693147181,8.853665428,9.498022419,7.418580863,15,22,484,0,0,0,0
1.386294361,8.111728073,7.824046011,7.418580863,17,49,2401,0,0,1,1
4.094344562,8.111728073,9.210340372,8.2280285,6,20,400,0,0,1,1
1.386294361,8.517193191,9.105821302,7.418580863,12,55,3025,0,1,0,1
1.098612289,7.22620901,8.517193191,7.567000942,18,20,400,1,0,1,1
5.480638923,8.111728073,7.824046011,8.2280285,7,18,324,1,0,1,0
1.386294361,8.006367568,8.006367568,7.567000942,14,24,576,1,0,0,1
3.688879454,8.517193191,9.433483923,8.010064426,11,32,1024,1,0,0,0
3.359049474,7.418580863,8.890943734,8.010064426,10,27,729,0,0,1,1
0,7.13089883,9.105821302,7.418580863,16,20,400,1,0,1,1
0,7.13089883,9.105821302,7.418580863,14,28,784,0,1,0,1
2.302585093,6.907755279,9.498022419,7.418580863,23,42,1764,0,0,1,1
3.465735903,8.9226583,9.903487553,8.2280285,12,21,441,1,1,1,0
1.386294361,8.987196821,9.576965617,7.941730268,17,32,1024,0,1,1,0
2.995732274,7.60090246,8.890943734,8.010064426,12,36,1296,0,0,1,1
1.386294361,8.041110482,9.903487553,6.907755279,21,40,1600,0,1,1,1
2.151886998,8.125554773,9.123329031,6.907755279,18,25,625,0,0,1,1
4.852030264,6.245379757,9.123329031,6.907755279,12,48,2304,1,0,1,1
2.48490665,7.84750856,8.890943734,8.010064426,12,23,529,1,1,0,1
4.094344562,6.502290206,9.123329031,6.907755279,13,17,289,0,1,0,1
0,8.9226583,8.793701995,8.2280285,1.5,22,484,0,1,1,0
0.470003879,7.513891119,9.13109105,7.929406535,17,24,576,0,0,1,1
1.098612289,8.125554773,9.123329031,6.907755279,6,30,900,0,0,0,0
0,8.9226583,8.517193191,8.517193191,6,14,196,1,0,1,1
4.382026635,7.60090246,8.793701995,8.2280285,6,40,1600,1,0,1,1
4.787491743,7.36728765,7.824046011,7.313220387,8,18,324,0,0,1,1
4.787491743,7.60090246,9.141139854,7.567000942,12,22,484,0,0,1,1
3.488208859,6.502290206,9.903487553,8.2280285,10,23,529,0,0,0,0
2.772588722,7.824046011,9.210340372,8.2280285,11,23,529,0,0,1,1
1.386294361,7.824046011,8.111728073,7.60090246,12,21,441,1,1,1,1
1.203972854,9.210340372,9.123329031,6.907755279,14,26,676,0,0,1,0
0.85745025,7.875101189,9.903487553,7.567000942,11,18,324,1,1,1,1
0.901177053,7.671283241,9.141139854,7.60090246,14,37,1369,1,0,1,1
4.744932128,6.874965461,8.517193191,7.60090246,12,45,2025,1,0,1,1
0.693147181,8.024207158,9.105821302,7.418580863,11,16,256,0,1,1,1
4.382026635,8.517193191,8.9226583,7.60090246,12,40,1600,1,0,1,1
5.416100402,7.313220387,9.210340372,8.2280285,4,35,1225,1,0,0,0
4.787491743,8.006367568,9.224133705,7.60090246,12,54,2916,1,0,0,0
5.480638923,6.214608098,9.224133705,7.60090246,12,35,1225,1,1,1,1
5.064307553,6.802394763,8.890943734,8.010064426,8,37,1369,1,0,0,1
5.723418454,7.706262965,8.9226583,7.418580863,16,34,1156,1,0,1,1
1.30172724,7.975712018,9.224133705,7.60090246,15,25,625,1,1,1,1
1.386294361,7.60090246,8.793701995,8.2280285,13,22,484,1,1,0,1
1.386294361,7.975712018,9.224133705,7.60090246,12,36,1296,0,0,1,1
4.787491743,6.907755279,8.411832676,8.2280285,12,24,576,0,1,1,0
3.498303372,6.214608098,9.210340372,8.010064426,12,24,576,1,0,1,1
5.886104031,6.502290206,8.890943734,8.010064426,12,24,576,1,0,1,0
0.32294827,8.024207158,9.105821302,7.418580863,10,24,576,0,0,1,1
0.42996863,6.907755279,8.581731744,7.418580863,14,36,1296,0,0,1,1
2.48490665,7.418580863,8.111728073,7.941730268,14,26,676,1,1,1,1
0,7.84750856,8.890943734,8.010064426,13,22,484,1,0,1,1
1.386294361,7.84750856,8.890943734,8.010064426,13,20,400,1,0,1,0
0,8.195609567,9.105821302,7.418580863,15,25,625,0,0,1,1
3.465735903,7.872836175,9.224133705,7.60090246,17,28,784,1,1,1,1
0,7.755308178,8.9767255,7.60090246,12,32,1024,0,0,0,0
1.386294361,8.006367568,9.618025215,6.907755279,13,29,841,0,1,0,1
4.276666119,7.706262965,9.224133705,7.60090246,12,29,841,1,0,1,1
2.933590664,7.60090246,8.793701995,8.2280285,12.5,23,529,0,1,1,0
4.787491743,6.214608098,8.793701995,8.2280285,12,20,400,1,0,1,1
4.382026635,7.60090246,8.793701995,8.2280285,6.5,28,784,0,0,1,0
0,8.111728073,7.824046011,7.418580863,18,22,484,1,0,1,0
0,7.99939891,9.970626861,7.60090246,12,48,2304,1,0,0,1
0,9.210340372,8.517193191,8.517193191,14,18,324,0,1,0,1
3.688879454,7.877155784,9.970626861,7.60090246,12,41,1681,0,1,1,1
4.382026635,7.313220387,8.517193191,8.517193191,1.5,16,256,1,0,1,1
3.33220451,8.281779544,8.29404964,7.418580863,12,52,2704,0,1,0,0
1.478019144,8.29404964,8.29404964,7.418580863,15,59,3481,1,0,1,0
4.382026635,7.60090246,9.210340372,7.567000942,6,40,1600,0,0,0,0
3.664498259,7.755308178,8.9767255,7.60090246,13,18,324,1,1,0,0
3.688879454,7.60090246,8.9226583,7.313220387,18,23,529,0,1,1,1
0,7.842914516,9.141139854,7.567000942,12.5,17,289,1,0,1,0
0.693147181,8.491875383,9.105821302,7.418580863,15,65,4225,0,0,1,0
3.401197382,6.907755279,8.853665428,8.2280285,9,27,729,0,0,1,1
0,7.830305778,8.793701995,8.2280285,12,27,729,0,1,0,1
5.991464547,6.396929655,9.224133705,7.60090246,6,15,225,1,0,1,1
0.986588884,6.907755279,8.853665428,8.2280285,10,21,441,0,1,1,1
4.234630251,7.60090246,8.890943734,8.010064426,12,33,1089,1,0,1,1
3.401197382,6.907755279,9.141139854,7.567000942,12,23,529,0,0,1,1
1.609437912,8.29404964,8.111728073,8.2280285,12,28,784,1,0,1,0
3.17805383,7.99939891,9.970626861,7.60090246,8,19,361,1,0,0,1
2.48490665,7.60090246,8.111728073,8.2280285,13,27,729,0,0,1,0
0.693147181,7.835238501,9.952277717,8.079549192,17,24,576,1,0,1,1
2.302585093,6.907755279,8.793701995,6.907755279,12,29,841,0,0,1,1
2.772588722,8.517193191,9.123329031,6.907755279,16,24,576,1,1,1,1
0,7.60090246,9.141139854,7.567000942,12,32,1024,0,0,1,0
4.787491743,7.313220387,9.105821302,6.907755279,15,30,900,0,1,1,1
0,6.907755279,9.141139854,7.567000942,14,34,1156,1,0,1,1
0,6.907755279,8.9226583,7.313220387,15,27,729,0,0,1,1
0,8.006367568,8.517193191,7.567000942,8,57,3249,0,0,0,0
3.17805383,9.210340372,8.793701995,8.2280285,12.5,22,484,0,0,0,1
0.847297846,8.111728073,7.824046011,7.418580863,19,41,1681,1,1,1,1
1.791759469,8.517193191,8.793701995,8.2280285,12.5,26,676,0,0,1,1
0.575363876,7.68094509,8.793701995,7.60090246,6,30,900,1,0,1,1
2.995732274,7.313220387,9.210340372,7.567000942,15,31,961,1,0,1,1
0,8.125554773,9.123329031,6.907755279,16,21,441,1,0,1,1
1.386294361,8.281779544,8.29404964,7.567000942,8,16,256,0,0,1,1
1.386294361,7.313220387,9.210340372,7.567000942,12,20,400,1,0,1,1
0,7.842914516,9.141139854,7.567000942,12,25,625,0,0,1,1
1.609437912,8.114275037,9.618025215,6.907755279,12,33,1089,1,1,0,1
0.11718668,6.907755279,8.9767255,7.60090246,17,24,576,1,0,1,0
3.17805383,6.214608098,8.890943734,8.010064426,12,40,1600,1,1,0,0
0.360127377,8.125554773,9.123329031,6.907755279,13,20,400,1,0,0,1
3.688879454,7.60090246,8.793701995,8.2280285,8,23,529,1,0,1,1
0,7.755308178,8.9767255,7.60090246,14,21,441,0,0,1,1
2.600609226,6.907755279,9.335503486,7.929406535,12,34,1156,0,0,1,1
1.386294361,6.907755279,9.141139854,6.907755279,9,25,625,0,0,1,1
4.283295237,7.60090246,9.141139854,7.567000942,12,24,576,1,0,1,1
3.17805383,7.875101189,9.903487553,7.567000942,12,32,1024,1,1,1,0
2.995732274,8.18030418,9.335503486,7.929406535,6,63,3969,0,0,1,1
2.772588722,8.517193191,9.123329031,6.907755279,16,24,576,1,1,1,0
3.465735903,8.740336743,9.105821302,6.907755279,17,35,1225,1,0,1,1
4.787491743,7.195437401,9.141139854,7.60090246,15,21,441,0,0,1,1
0,8.006367568,9.210340372,6.907755279,17,33,1089,0,0,1,1
3.820531886,8.581731744,9.123329031,6.907755279,17,35,1225,1,0,1,0
0.499741238,8.29404964,9.123329031,6.907755279,17,30,900,0,0,1,1
1.386294361,8.18030418,9.335503486,7.929406535,16,23,529,0,1,1,0
4.863477463,7.418580863,8.9226583,7.313220387,17,29,841,0,0,1,1
0,7.236259354,8.9226583,7.567000942,10,15,225,1,0,1,0
1.386294361,6.907755279,8.581731744,7.418580863,17,29,841,0,0,1,1
1.791759469,8.111728073,8.517193191,8.517193191,12,48,2304,0,0,1,1
3.252161925,8.517193191,9.210340372,8.2280285,10,27,729,1,0,1,1
3.752004641,7.195437401,9.123329031,6.907755279,17,26,676,1,0,0,0
3.871201011,8.517193191,9.618025215,6.907755279,4,26,676,1,0,0,1
0,8.114275037,9.618025215,6.907755279,14,18,324,1,0,1,1
1.386294361,8.114275037,9.618025215,6.907755279,12,19,361,1,0,1,1
2.772588722,8.753581917,9.210340372,7.567000942,10,29,841,0,0,1,1
3.574137767,7.35670552,9.903487553,8.2280285,8,26,676,1,0,1,1
1.162208929,8.987196821,9.576965617,7.60090246,24,30,900,0,0,1,1
2.42474237,8.125554773,9.123329031,6.907755279,14,28,784,1,0,1,1
1.344668789,8.125554773,9.123329031,6.907755279,8,15,225,1,0,1,1
0.693147181,8.125554773,9.123329031,6.907755279,14,33,1089,1,1,1,1
3.401197382,6.907755279,9.141139854,6.907755279,12,34,1156,0,0,0,1
0,7.236259354,8.9226583,7.567000942,17,27,729,0,0,1,1
5.480638923,6.725433694,9.576965617,7.941730268,17,42,1764,0,0,1,1
1.771594975,8.517193191,9.210340372,7.567000942,12,25,625,0,0,1,1
5.480638923,6.907755279,9.510444964,7.418580863,11,17,289,1,0,1,1
1.098612289,8.517193191,9.903487553,8.2280285,13,22,484,1,0,1,1
2.079441542,7.814406823,9.242373877,8.334871595,17,23,529,1,1,1,1
4.153767678,8.006367568,8.517193191,8.010064426,12,32,1024,1,0,1,1
4.545576613,7.090076836,8.890943734,8.010064426,13,28,784,1,0,1,1
4.138796377,7.195437401,9.210340372,7.567000942,12,24,576,0,0,1,1
1.386294361,8.006367568,9.618025215,6.907755279,19,26,676,1,1,1,0
4.094344562,7.84750856,8.890943734,8.010064426,12,28,784,0,0,1,1
1.014529238,8.006367568,9.224133705,7.60090246,19,37,1369,1,1,1,1
0.626353478,8.29404964,9.576965617,7.941730268,18,24,576,1,1,0,0
2.48490665,8.111728073,7.824046011,7.418580863,14,32,1024,0,0,0,1
2.995732274,8.006367568,8.699514748,8.354674262,2,60,3600,1,0,1,1
2.079441542,7.60090246,8.793701995,8.2280285,6,25,625,0,0,0,1
0,7.694588002,8.9226583,8.2280285,2,48,2304,1,0,0,0
2.718823889,7.60090246,8.793701995,8.2280285,8,19,361,1,0,0,1
2.079441542,8.517193191,8.793701995,8.2280285,12,21,441,1,1,1,1
2.772588722,6.214608098,9.210340372,7.567000942,17,37,1369,1,0,1,1
0.661750369,6.907755279,9.721165956,7.567000942,12,29,841,0,0,1,1
2.642783095,8.699514748,9.210340372,7.567000942,18,28,784,0,1,0,1
2.772588722,7.824046011,8.804875239,6.907755279,15,40,1600,1,0,1,0
3.021041672,7.877155784,9.970626861,7.60090246,12,24,576,0,1,1,1
2.079441542,8.006367568,9.210340372,8.2280285,11,15,225,1,0,1,0
1.82901638,7.60090246,8.517193191,7.313220387,12,17,289,0,1,1,0
2.302585093,7.60090246,8.793701995,8.2280285,11,19,361,1,0,1,1
2.995732274,7.313220387,8.793701995,8.2280285,12,25,625,1,0,1,0
3.469085661,7.60090246,9.210340372,7.567000942,14,26,676,1,0,1,1
1.386294361,8.125554773,9.123329031,6.907755279,15,23,529,0,1,1,0
0,7.195437401,9.903487553,7.567000942,13,32,1024,0,0,1,1
0,6.907755279,8.793701995,8.2280285,12,24,576,0,0,1,0
3.752004641,7.195437401,9.123329031,6.907755279,17,30,900,0,1,1,1
4.320268259,6.348139524,9.123329031,6.907755279,12,29,841,1,0,1,1
0.693147181,9.210340372,9.210340372,7.418580863,19,53,2809,0,0,1,1
3.688879454,7.313220387,8.9226583,7.567000942,14,59,3481,1,0,1,0
1.386294361,8.111728073,7.824046011,7.418580863,12,16,256,0,0,1,1
2.079441542,8.753581917,9.210340372,7.567000942,8,16,256,1,0,1,1
1.386294361,6.907755279,9.903487553,7.418580863,12,27,729,0,0,1,1
4.474108541,7.60090246,8.517193191,8.2280285,6,35,1225,0,1,0,1
2.995732274,8.125554773,9.123329031,6.907755279,11,20,400,0,1,0,1
2.995732274,7.60090246,8.793701995,6.907755279,6,58,3364,0,0,0,1
2.772588722,7.60090246,8.9767255,7.60090246,14,27,729,1,0,0,1
1.386294361,7.755308178,8.9767255,7.60090246,12,25,625,0,0,1,1
0,6.873853751,9.903487553,6.907755279,15,59,3481,0,1,0,1
3.401197382,7.60090246,8.890943734,8.010064426,1.5,60,3600,1,0,0,0
0.63497629,8.125554773,9.123329031,6.907755279,13,24,576,0,0,1,1
2.079441542,7.835238501,9.952277717,8.079549192,16,43,1849,0,0,1,0
4.094344562,8.006367568,8.890943734,8.010064426,4,29,841,1,0,1,1
2.392358427,7.975712018,9.224133705,7.60090246,14,30,900,0,0,1,1
2.708050201,7.888584544,8.890943734,8.010064426,6,52,2704,1,0,1,1
4.9698133,7.195437401,8.793701995,6.907755279,2,42,1764,0,1,0,0
2.079441542,8.699514748,8.517193191,8.29404964,12,23,529,0,0,1,1
3.218875825,6.684611728,7.824046011,8.2280285,8,23,529,0,1,1,1
2.236028441,7.84750856,8.890943734,8.010064426,13,23,529,1,0,1,1
0.934541685,7.673223121,10.1266311,7.941730268,12,50,2500,0,1,1,0
4.787491743,6.214608098,8.006367568,7.60090246,12,30,900,0,0,1,0
2.444555291,6.907755279,9.123328922,7.941730268,17,26,676,0,0,1,1
4.787491743,8.22505676,9.141139854,7.567000942,10,17,289,1,0,1,1
1.386294361,7.718685495,9.141139854,7.567000942,12,21,441,0,0,1,1
1.386294361,7.84750856,8.890943734,8.010064426,12,19,361,0,1,1,0
4.105118283,7.60090246,8.890943734,8.010064426,15,22,484,1,1,1,1
1.098612289,7.60090246,9.224133705,7.60090246,13,64,4096,0,1,1,0
2.772588722,6.214608098,9.224133705,7.60090246,16,35,1225,0,0,1,0
0,6.907755279,9.123328922,8.2280285,14,28,784,1,0,1,1
2.079441542,7.824046011,9.224133705,7.60090246,15,23,529,1,0,1,0
1.386294361,7.975712018,9.224133705,7.60090246,11,63,3969,0,0,1,1
4.382026635,6.907755279,9.210340372,6.907755279,9,19,361,0,0,0,1
2.079441542,7.313220387,9.210340372,7.567000942,7,25,625,0,0,1,1
1.982633419,7.975712018,9.224133705,7.60090246,12,56,3136,0,1,1,1
5.30086427,8.114275037,9.618025215,6.907755279,11,23,529,1,0,0,0
1.386294361,8.125554773,9.123329031,6.907755279,16,20,400,0,1,1,1
0,7.923136926,9.105821302,6.907755279,15,24,576,0,0,1,1
2.995732274,7.60090246,9.105821302,6.907755279,14,29,841,0,0,1,0
2.995732274,7.313220387,9.970626861,7.60090246,6,48,2304,1,0,1,1
1.791759469,7.963807953,8.699514748,8.354674262,17,24,576,0,0,1,1
2.079441542,7.313220387,9.903487553,8.2280285,12,28,784,1,0,1,1
1.945910149,7.957577383,8.517193191,8.010064426,7,41,1681,0,0,1,1
2.708050201,8.358588122,8.517193191,8.29404964,6,23,529,1,0,1,1
1.177291791,8.517193191,9.141139854,7.567000942,6,14,196,0,1,1,1
2.772588722,6.620073207,8.517193191,7.567000942,12,29,841,0,0,0,1
1.386294361,7.84750856,8.890943734,8.010064426,11,16,256,1,0,0,1
2.079441542,8.006367568,8.890943734,8.010064426,11,21,441,1,0,1,1
4.094344696,7.195437401,9.224133705,7.60090246,14,27,729,0,0,1,1
1.098612289,7.84750856,8.890943734,8.010064426,12,29,841,1,0,1,1
4.605170186,7.377758908,8.890943734,8.010064426,13,30,900,0,0,1,1
2.995732274,7.824046011,8.740336743,8.070906089,16,33,1089,1,0,1,0
3.261833317,7.84750856,8.890943734,8.010064426,10,46,2116,1,0,1,0
4.634157757,8.006367568,8.890943734,8.010064426,14,24,576,0,0,1,1
3.688879454,8.517193191,8.517193191,7.418580863,14,21,441,0,1,1,1
1.791759469,7.418580863,9.903487553,6.907755279,18,27,729,1,0,1,1
4.021423163,6.907755279,8.890943734,8.010064426,8,39,1521,1,0,0,0
2.48490665,8.041110482,9.903487553,6.907755279,17,34,1156,1,0,1,1
2.590267065,7.60090246,8.853665428,7.60090246,14,24,576,1,0,1,1
1.140161315,7.522940918,9.558647019,7.941730268,16,22,484,0,0,1,1
0,8.987196821,9.123329031,6.907755279,13,27,729,0,0,1,0
0.693147181,7.975712018,9.224133705,7.60090246,17,23,529,1,0,1,1
3.465735903,8.29404964,9.224133705,7.60090246,15,24,576,1,0,1,1
5.634789603,7.264430203,9.952277717,8.079549192,12,26,676,1,0,1,1
3.33220451,7.44675183,9.224133705,7.60090246,14,22,484,1,0,0,1
4.787491743,6.214608098,8.890943734,8.010064426,12,25,625,1,0,1,1
1.386294361,7.60090246,9.498022419,7.418580863,15,22,484,0,1,1,0
1.386294361,8.29404964,8.006367568,8.2280285,12,22,484,0,1,0,0
4.382026635,7.60090246,9.498022419,7.418580863,13,19,361,1,0,1,1
4.094344562,6.214608098,8.9226583,8.2280285,3,44,1936,1,0,1,1
6.396929655,6.684611728,9.210340372,6.907755279,6,32,1024,0,1,1,1
3.217122368,7.755053125,8.111728073,7.567000942,10,46,2116,1,0,1,1
3.17805383,7.418580863,9.618025215,6.907755279,14,26,676,0,0,1,1
2.079441542,8.9226583,8.517193191,8.517193191,11,28,784,0,1,0,0
0.223517801,7.522940918,9.558647019,7.941730268,13,22,484,0,1,1,0
2.079441542,6.907755279,8.793701995,8.2280285,7,18,324,0,1,0,0
0,8.9226583,8.793701995,8.2280285,17,28,784,0,1,1,1
1.386294361,7.313220387,9.210340372,7.567000942,12,22,484,0,0,1,1
1.791759469,7.84750856,8.890943734,8.010064426,12,20,400,1,1,0,0
1.386294361,8.006367568,9.210340372,7.567000942,12,23,529,0,0,0,0
2.079441542,9.210340372,8.793701995,8.2280285,10,19,361,1,0,1,1
3.603721676,7.061905902,8.890943734,8.010064426,12,43,1849,0,0,0,0
3.507052225,8.006367568,9.224133705,7.60090246,6,30,900,0,1,1,1
2.580614629,8.9226583,8.890943734,8.010064426,9,54,2916,1,0,1,1
1.386294361,8.124150603,9.210340372,7.567000942,13,28,784,1,1,1,0
2.48490665,7.418580863,9.210340372,6.907755279,12,25,625,0,0,1,1
4.787491743,7.60090246,9.952277717,8.079549192,12,20,400,1,0,1,1
1.375759666,8.114275037,9.618025215,6.907755279,17,35,1225,1,1,0,1
5.991464547,8.006367568,8.911485044,6.987797956,10,25,625,0,0,1,1
4.787491743,6.907755279,9.224133705,7.60090246,12,27,729,0,0,1,1
2.01204855,8.229511119,9.210340372,7.567000942,6,21,441,1,0,1,1
1.386294361,8.041110482,9.903487553,6.907755279,14,37,1369,0,0,1,1
3.999965657,7.195437401,9.903487553,6.907755279,17,34,1156,0,0,1,1
4.787491743,6.907755279,8.890943734,8.010064426,8,13,169,0,0,1,1
0.693147181,9.210340372,9.335503486,7.929406535,14,54,2916,0,0,1,1
3.688879454,7.313220387,9.210340372,6.907755279,12,22,484,0,0,1,1
2.065383058,8.114275037,9.618025215,6.907755279,17,43,1849,1,1,0,0
2.995732274,7.975712018,9.224133705,7.60090246,11,22,484,1,1,1,1
2.951194844,7.755308178,8.9767255,7.60090246,16,25,625,0,0,1,1
3.352407267,6.907755279,9.141139854,7.567000942,12,27,729,1,0,1,1
1.697233327,8.358588122,8.517193191,8.29404964,12,18,324,0,0,1,1
1.386294361,8.753581917,9.210340372,7.567000942,8,20,400,0,0,1,1
0,6.907755279,9.123328922,8.2280285,13,17,289,0,0,1,1
0,7.975712018,9.224133705,7.60090246,15,21,441,0,1,1,0
3.688879454,8.006367568,8.793701995,8.2280285,8,29,841,1,0,1,1
0,7.60090246,9.903487553,8.2280285,8,20,400,1,0,1,1
4.382026635,6.214608098,8.793701995,8.2280285,12,18,324,0,0,1,1
1.386294361,6.907755279,8.9767255,7.60090246,12,45,2025,1,1,1,1
3.401197382,6.907755279,9.13109105,8.334871595,16,20,400,0,0,1,1
4.094344562,6.502290206,8.911485044,6.987797956,15,27,729,1,0,1,1
2.772588722,7.824046011,9.141139854,7.567000942,15,32,1024,1,0,0,0
4.094344562,7.60090246,8.911485044,6.987797956,7,42,1764,0,0,1,1
2.079441542,8.358588122,8.517193191,8.29404964,11,22,484,0,0,1,1
2.36818171,7.523124739,8.9226583,7.418580863,16,22,484,0,0,0,1
4.4037666,8.111728073,8.699514748,8.354674262,17,28,784,0,1,0,1
2.48490665,8.753581917,9.210340372,7.567000942,12,30,900,0,1,1,1
1.296092099,8.041110482,9.903487553,6.907755279,17,31,961,0,1,1,0
2.302585093,7.797017325,9.210340372,7.567000942,11,16,256,1,0,1,0
4.361213218,8.111728073,9.242373877,8.334871595,12,21,441,1,0,1,1
5.480638923,6.907755279,9.903487553,7.418580863,15,28,784,1,0,1,1
1.386294361,7.84750856,8.890943734,8.010064426,15,19,361,1,1,0,0
0.794047479,7.843940242,9.141139854,7.567000942,13,24,576,1,0,1,0
4.643943491,7.457354266,9.721165956,7.567000942,7,22,484,1,0,1,1
3.688879454,7.60090246,9.952277717,8.079549192,15,49,2401,0,0,1,1
4.094344562,7.60090246,8.853665428,8.2280285,7,45,2025,1,0,0,0
0,7.84750856,8.890943734,8.010064426,16,27,729,0,1,0,0
2.995732274,8.29404964,9.618025215,6.907755279,10,21,441,1,0,1,0
1.386294361,6.907755279,9.53811691,6.907755279,14,18,324,0,0,1,0
3.624340933,7.888584544,9.903487553,6.907755279,16,40,1600,0,0,1,1
5.075173815,8.006367568,8.890943734,8.010064426,12,30,900,0,0,0,1
1.791759469,6.725433694,9.618025215,6.907755279,6,35,1225,0,0,1,1
0,7.843940242,9.141139854,7.567000942,16,27,729,0,0,1,1
3.534728737,9.210340372,9.618025215,6.907755279,12,18,324,1,0,1,1
3.737669618,7.418580863,9.242373877,8.334871595,7,22,484,0,0,1,1
0.693147181,7.60090246,8.890943734,8.010064426,15,25,625,1,1,1,1
4.787491743,8.699514748,9.618025215,6.907755279,13,32,1024,1,0,0,1
0,7.863266724,9.498022419,7.418580863,10,41,1681,1,0,0,1
3.951243719,8.254828915,8.411832676,8.2280285,5,28,784,1,0,0,0
5.886104031,7.013115785,8.911485044,6.987797956,14,26,676,1,0,1,1
5.347107531,7.60090246,9.433483923,7.60090246,11,24,576,1,0,0,0
2.294077425,8.517193191,8.9226583,7.418580863,12,34,1156,0,0,1,1
1.386294361,8.066992189,7.60090246,7.888584544,10,19,361,0,1,0,1
0.693147181,7.975712018,9.224133705,7.60090246,13,28,784,1,1,1,1
1.386294361,7.814406823,9.242373877,8.334871595,6,13,169,1,0,0,1
3.871201011,7.824046011,8.9226583,7.60090246,10,20,400,1,0,1,0
5.060557262,7.814406823,9.242373877,8.334871595,12,19,361,1,0,1,1
5.298317367,8.987196821,10.30895266,8.079549192,17,29,841,1,0,1,0
1.386294361,7.60090246,9.242373877,8.334871595,12,36,1296,1,0,1,1
4.094344562,7.824046011,9.510444964,7.941730268,14,44,1936,1,0,1,1
2.079441542,6.43775165,9.210340372,6.907755279,12,19,361,1,1,0,0
0,8.041110482,9.903487553,6.907755279,16,25,625,0,0,0,0
2.48490665,8.987196821,9.105821302,7.418580863,6,14,196,0,1,1,0
3.688879454,7.60090246,9.105821302,7.418580863,12,43,1849,0,1,1,1
2.48490665,8.517193191,9.105821302,7.418580863,14,27,729,1,0,1,1
0,7.843940242,8.006367568,7.567000942,13,20,400,1,0,1,1
2.01776306,8.517193191,8.517193191,8.517193191,12,37,1369,1,0,1,0
0,7.843940242,8.006367568,7.567000942,6,42,1764,0,0,0,0
3.401197382,6.907755279,8.9226583,7.313220387,8,28,784,1,0,1,1
1.386294361,8.114275037,9.618025215,6.907755279,12,23,529,1,0,1,1
1.098612289,8.114275037,9.618025215,6.907755279,9,59,3481,1,0,0,0
2.708050201,8.041110482,9.903487553,6.907755279,13,35,1225,1,0,1,1
3.671402798,8.111728073,8.111728073,8.2280285,15,23,529,1,0,0,1
2.708050201,8.041110482,9.903487553,6.907755279,12,18,324,0,0,1,1
1.791759469,7.60090246,8.853665428,8.2280285,12,24,576,1,1,0,1
3.576712969,6.502290206,9.903487553,6.907755279,22,32,1024,1,0,1,1
4.332123334,7.60090246,9.970626861,7.60090246,12,25,625,1,0,1,1
1.098612289,7.418580863,8.9767255,7.60090246,6,47,2209,1,0,0,0
2.995732274,7.84750856,8.890943734,8.010064426,12,33,1089,1,1,1,1
5.075173815,8.024207158,9.105821302,7.418580863,12,19,361,0,1,1,0
2.079441542,7.84750856,8.006367568,8.010064426,5,18,324,1,0,1,1
2.995732274,7.84750856,8.890943734,8.010064426,14,29,841,1,0,1,1
0,7.915983491,8.9226583,7.418580863,18,27,729,0,1,1,1
4.392368782,6.907755279,8.9226583,7.418580863,10,30,900,0,0,1,1
3.534728737,8.111728073,9.952277717,8.079549192,16,21,441,0,0,1,1
2.48490665,7.60090246,8.111728073,8.2280285,13,21,441,0,0,1,1
3.31039501,6.620073207,9.558647019,7.941730268,10,30,900,0,0,0,1
5.125238643,6.774223886,9.558647019,7.941730268,14,27,729,0,0,1,1
4.274459534,7.975712018,9.224133705,7.60090246,12,37,1369,1,0,1,1
3.503737032,9.210340372,8.29404964,8.010064426,12,24,576,1,0,0,1
4.406719247,8.269357021,8.29404964,7.418580863,13,62,3844,0,0,0,0
1.386294361,7.313220387,9.224133705,7.60090246,9,42,1764,1,0,1,1
4.787491743,6.907755279,8.517193191,7.567000942,12,23,529,1,0,1,0
5.694870312,7.418580863,9.210340372,8.2280285,7,23,529,0,1,1,1
2.079441542,7.99939891,8.9226583,7.60090246,10,16,256,1,0,1,0
5.075173815,7.313220387,9.952277717,8.079549192,17,35,1225,0,0,1,0
4.852030264,6.907755279,8.9226583,8.2280285,8,22,484,0,0,1,1
2.995732274,7.60090246,8.517193191,8.517193191,11,43,1849,0,0,1,1
1.386294361,7.975712018,9.224133705,7.60090246,6,45,2025,1,0,0,0
3.688879454,7.84750856,9.680344001,8.010064426,12,30,900,0,0,0,0
0,7.975712018,9.224133705,7.60090246,14,27,729,1,0,1,1
1.150378654,7.843940242,9.141139854,7.567000942,12,42,1764,1,1,1,1
3.465735903,8.517193191,8.517193191,8.517193191,6.5,21,441,0,0,0,1
1.386294361,7.003065459,8.911484976,8.354674262,12,24,576,1,0,1,1
0,7.84750856,8.890943734,8.010064426,10,43,1849,1,1,1,1
2.708050201,8.29404964,8.793701995,9.210340372,12,35,1225,1,0,1,1
2.438563626,7.975712018,9.224133705,7.60090246,13,28,784,0,1,1,1
1.386294361,7.84750856,8.890943734,8.010064426,14,32,1024,1,1,0,0
5.480638923,7.418580863,9.210340372,6.907755279,6,20,400,0,0,1,1
2.079441542,8.753581917,9.210340372,7.567000942,16,27,729,0,0,1,1
5.557507599,8.257681981,9.618025215,6.907755279,12,27,729,1,0,1,1
2.48490665,9.028018775,8.517193191,8.517193191,11,18,324,1,0,1,1
4.382026635,7.642087972,9.210340372,6.907755279,13,18,324,0,0,1,1
2.079441542,8.671343814,8.517193191,8.517193191,12.5,45,2025,1,0,1,1
1.098612289,7.60090246,8.9767255,7.60090246,12,23,529,0,0,1,1
3.233060544,7.313220387,9.335503486,7.929406535,12,25,625,1,0,1,1
1.024178463,8.125554773,9.123329031,6.907755279,12,21,441,1,1,1,1
0.693147181,7.843940242,9.141139854,7.567000942,12,26,676,0,0,1,1
2.42474237,8.125554773,8.9226583,6.907755279,13,21,441,1,0,1,1
0,8.006367568,9.123329031,6.907755279,14,27,729,0,0,1,1
2.708050201,7.60090246,9.224133705,7.60090246,12,29,841,0,0,1,1
3.401197382,8.041110482,9.903487553,6.907755279,18,30,900,1,0,1,1
1.196250756,9.210340372,9.224133705,7.60090246,14,29,841,0,0,1,1
5.480638923,6.725433694,8.006367568,8.010064426,12,31,961,1,0,0,0
2.079441542,7.843940242,9.141139854,7.567000942,12,35,1225,1,0,1,1
0,8.517193191,8.793701995,9.210340372,12,30,900,0,0,1,1
3.688879454,8.006367568,9.721165956,7.567000942,14,22,484,1,1,1,0
1.791759469,8.517193191,8.517193191,8.517193191,13,30,900,0,0,1,1
4.105039896,8.517193191,8.517193191,8.517193191,18,29,841,0,1,0,1
3.465735903,8.9226583,8.517193191,8.517193191,18,33,1089,0,0,1,1
1.098612289,8.111728073,9.141139854,7.567000942,12.5,21,441,0,0,1,1
0,8.114275037,9.618025215,6.907755279,14,21,441,0,1,0,0
2.772588722,8.111728073,8.29404964,7.418580863,9,18,324,0,0,1,1
4.025351691,8.006367568,9.123329031,6.907755279,12,22,484,1,0,1,0
0.693147181,7.003065459,8.911484976,8.354674262,12,19,361,1,1,0,0
1.098612289,7.875101189,9.903487553,7.567000942,8,30,900,0,0,1,1
4.471638965,6.288716092,8.517193191,7.313220387,12,34,1156,1,0,0,0
6.173786104,6.725433694,9.13109105,8.334871595,6,23,529,1,0,1,1
2.48490665,8.111728073,9.618025215,6.907755279,17,25,625,1,0,1,1
1.386294361,7.313220387,8.872533936,8.354674262,5,56,3136,1,0,0,1
1.386294361,7.755308178,8.9767255,7.60090246,9,14,196,0,0,1,0
2.48490665,8.517193191,9.903487553,7.567000942,12,38,1444,1,0,0,0
5.480638923,8.804875239,10.30895266,8.079549192,14,23,529,0,0,0,0
0,6.907755279,9.123329031,6.907755279,15,23,529,0,0,1,1
3.688879454,9.210340372,10.30895266,8.079549192,18,25,625,0,0,1,1
1.016320665,7.457218677,9.13109105,8.334871595,13,19,361,0,0,1,1
3.688879454,8.29404964,9.123329031,6.907755279,6,47,2209,0,0,1,1
0,8.114275037,9.618025215,6.907755279,17,30,900,1,0,1,1
1.294275477,8.517193191,9.123329031,6.907755279,12,22,484,0,0,1,1
4.787491743,8.111728073,8.29404964,7.418580863,10,26,676,0,0,1,1
1.17696896,7.68094509,8.793701995,7.60090246,14,23,529,0,0,1,1
0.965080896,8.060434736,8.872533936,8.354674262,17,36,1296,1,0,0,1
1.386294361,8.125554773,9.123329031,6.907755279,14,27,729,1,0,1,0
2.995732274,6.907755279,9.210340372,7.567000942,6,41,1681,1,0,1,1
2.48490665,8.804875239,8.517193191,8.517193191,16,21,441,0,0,1,1
3.80666249,6.789972278,9.242373877,8.334871595,9,18,324,1,0,1,0
2.772588722,8.006367568,8.890943734,8.010064426,12,23,529,0,0,0,1
3.702672812,8.111728073,8.890943734,8.010064426,12,20,400,1,0,1,1
2.079441542,7.835238501,9.952277717,8.079549192,19,25,625,0,1,0,0
4.787491743,8.111728073,9.224133705,7.60090246,17,29,841,1,0,1,1
5.480638923,7.830305778,8.793701995,8.2280285,6,16,256,0,0,0,0
0.693147181,7.523124739,8.9226583,7.418580863,12,19,361,0,1,1,1
0,8.117958643,10.02127059,8.079549192,16,24,576,0,0,1,1
2.48490665,7.418580863,9.210340372,7.567000942,6,27,729,0,0,1,1
4.74542253,8.006367568,9.210340372,6.907755279,10,28,784,1,0,0,0
4.972959595,6.907755279,7.60090246,8.010064426,9,44,1936,1,0,1,0
4.382026635,7.60090246,9.952277717,8.079549192,15,32,1024,1,0,1,1
4.787491743,6.907755279,8.890943734,8.010064426,12,46,2116,1,0,1,0
2.39929738,7.843940242,9.141139854,7.567000942,14,30,900,0,0,1,1
2.079441542,8.517193191,9.105821302,7.418580863,12,18,324,1,0,1,1
4.605170186,7.60090246,8.890943734,8.111728073,6.5,40,1600,1,0,1,1
2.692671147,7.84750856,8.9226583,8.010064426,3,30,900,1,0,1,1
4.787491743,8.006367568,8.517193191,8.29404964,9,34,1156,1,0,1,1
2.772588722,8.517193191,8.793701995,8.2280285,3,42,1764,0,1,1,0
0.485650021,7.061905987,8.581731744,7.567000942,12,34,1156,1,0,0,1
3.401197382,7.313220387,8.872533936,8.354674262,12,38,1444,1,0,1,0
0,6.774223886,9.558647019,7.941730268,22,45,2025,0,0,1,0
3.341446174,7.418580863,9.903487553,7.567000942,12,29,841,0,1,1,1
2.995732274,8.006367568,8.517193191,8.29404964,4,33,1089,0,0,1,1
0.693147181,6.907755279,9.210340372,7.313220387,18,61,3721,0,0,1,1
3.555348061,7.041286722,8.9226583,7.313220387,12,28,784,0,0,1,1
5.480638923,7.090076836,9.105821302,7.418580863,14,22,484,0,1,0,0
0,7.612571016,8.517193191,7.313220387,10,15,225,0,1,1,1
0,7.694588002,8.9226583,8.2280285,7,17,289,1,0,1,0
2.48490665,7.003065459,8.911484976,8.354674262,12,18,324,1,0,1,1
4.225832061,7.60090246,9.242373877,8.334871595,8,25,625,0,0,0,0
4.094344562,7.843940242,9.141139854,7.567000942,12,20,400,1,0,1,0
1.386294361,7.814406823,9.242373877,8.334871595,7,14,196,1,0,1,1
3.401197382,6.502290206,9.618025215,6.907755279,14,38,1444,1,0,1,1
4.787491743,7.60090246,9.242373877,8.334871595,11,19,361,1,0,1,0
1.791759469,8.09914925,8.517193191,8.2280285,12,21,441,1,1,1,1
0,8.448200284,8.793701995,9.210340372,12,22,484,0,0,0,1
3.848352758,8.517193191,8.111728073,7.941730268,14,48,2304,1,0,1,1
2.302585093,7.814406823,9.242373877,8.334871595,9,35,1225,0,0,1,0
0,8.448200284,8.793701995,9.210340372,12,23,529,0,0,1,1
2.772588722,8.047189562,8.890943734,8.010064426,7,18,324,1,0,0,1
3.688879454,6.907755279,8.872533936,8.354674262,11,24,576,1,0,1,1
3.657482539,6.907755279,9.721165956,7.567000942,14,27,729,0,0,1,1
1.609437912,8.517193191,8.793701995,9.210340372,12,28,784,1,0,1,0
1.386294361,7.457354266,9.721165956,7.567000942,16,22,484,0,0,1,1
0.141970285,6.907755279,9.53811691,6.907755279,19,29,841,0,1,1,0
4.934095156,8.006367568,8.517193191,7.418580863,12,18,324,0,0,1,1
0.215284187,7.755308178,8.9767255,7.60090246,15,22,484,1,0,1,1
4.164428321,8.29404964,9.242373877,8.517193191,12,56,3136,1,1,1,1
3.827074496,7.824046011,9.558647019,7.941730268,17,34,1156,0,0,1,1
2.079441542,8.006367568,9.618025215,6.907755279,10,15,225,1,1,0,0
2.636139219,8.517193191,9.952277717,8.079549192,13,28,784,1,0,1,1
0,8.29404964,9.618025215,6.907755279,12,33,1089,1,0,1,0
2.88558867,8.29404964,10.02127059,8.079549192,18,39,1521,0,0,1,1
1.609437912,9.210340372,10.30895266,8.079549192,18,30,900,0,0,1,1
2.995732274,7.313220387,9.224133705,7.60090246,12,24,576,1,1,1,1
3.465735903,7.457354266,9.721165956,7.567000942,11,25,625,0,0,1,0
3.041717317,8.873868101,9.576965617,7.60090246,17,27,729,0,0,1,1
1.628165001,7.60090246,9.105821302,7.60090246,14,19,361,1,0,1,1
2.219203462,7.090076836,8.793701995,8.2280285,8,24,576,0,1,1,0
5.480638923,7.755308178,8.9767255,7.60090246,17,47,2209,0,0,1,1
1.970904068,8.354674262,9.123329031,6.907755279,20,31,961,1,1,0,0
1.871802177,7.090076836,9.558647019,7.941730268,17,23,529,0,0,1,1
4.17438727,8.006367568,9.618025215,6.907755279,18,28,784,1,0,1,1
0,7.393263095,9.105821302,7.418580863,12,30,900,0,1,0,0
0,7.60090246,9.105821302,7.418580863,15,29,841,1,1,0,0
1.609437912,7.274380593,9.558647019,8.2280285,9,19,361,0,0,1,1
5.703514705,7.418580863,9.13109105,8.334871595,17,42,1764,0,0,1,1
4.787491743,6.502290206,9.210340372,7.313220387,10,24,576,1,0,1,1
1.792949028,7.755308178,8.9767255,7.60090246,21,40,1600,0,1,1,1
2.410798755,7.418580863,7.824046011,7.418580863,15,23,529,0,0,1,1
5.444374323,7.824046011,9.242373877,8.334871595,5,22,484,1,1,1,1
0,6.907755279,9.105821302,7.60090246,14,34,1156,0,1,1,1
1.386294361,8.751386556,10.30895266,8.079549192,12,28,784,1,1,1,0
1.386294361,6.907755279,10.30895266,8.079549192,15,20,400,1,1,0,0
3.465735903,7.718685495,10.30895266,8.079549192,15,23,529,1,0,1,1
4.787491743,8.006367568,9.224133705,7.60090246,10,17,289,1,0,1,1
5.480638923,7.824046011,9.903487553,8.079549192,10,22,484,0,0,1,1
3.836515531,6.907755279,7.824046011,7.313220387,0.5,56,3136,1,0,0,0
2.48490665,8.804875239,9.224133705,7.60090246,12,21,441,1,1,0,0
1.386294361,7.814406823,9.242373877,8.334871595,10,29,841,1,1,1,1
5.298317367,7.84750856,8.890943734,8.010064426,6,34,1156,1,0,0,0
1.682475656,8.006367568,9.618025215,6.907755279,0,26,676,1,1,0,0
0.693147181,8.517193191,10.02127059,8.079549192,13,61,3721,1,0,1,1
1.386294361,8.29404964,8.890943734,8.010064426,12,49,2401,1,0,0,0
4.76953829,8.111728073,10.02127059,8.079549192,17,30,900,0,0,1,0
3.152119508,8.751386556,10.30895266,8.079549192,0,28,784,1,0,1,1
5.075173815,7.13089883,8.9767255,7.60090246,0,37,1369,1,0,0,0
4.605170186,6.396929655,9.903487553,6.907755279,17,27,729,0,0,1,1
3.401197382,7.755053125,9.210340372,6.907755279,13,45,2025,1,0,1,1
0,8.114275037,9.618025215,6.907755279,12,21,441,0,0,0,0
0,8.125554773,9.123329031,6.907755279,15,23,529,1,1,1,1
2.079441542,7.191859509,8.9226583,7.313220387,10,16,256,0,0,1,0
2.079441542,6.907755279,8.699514748,8.354674262,14,36,1296,1,0,1,1
2.139286201,7.915983491,8.9226583,7.418580863,11,18,324,0,1,1,0
0.693147181,6.774223886,9.558647019,7.941730268,16,20,400,0,0,1,1
0,7.522940918,9.558647019,7.941730268,17,41,1681,0,1,1,1
0,6.907755279,9.558647019,7.941730268,11,18,324,0,1,1,1
0,7.522940918,9.558647019,7.941730268,17,35,1225,0,0,1,1
4.787491743,6.502290206,9.558647019,8.2280285,9,17,289,1,0,1,1
1.386294361,8.117958643,10.02127059,8.079549192,14,26,676,1,1,1,1
0.851515681,7.975712018,9.224133705,7.60090246,15,29,841,0,0,1,1
4.642828044,7.888584544,9.242373877,8.334871595,5,20,400,1,0,0,1
1.386294361,8.517193191,9.123329031,6.907755279,13,29,841,1,0,0,1
4.777049495,8.111728073,10.02127059,8.079549192,18,37,1369,0,0,1,1
0.189831619,7.975712018,9.224133705,7.60090246,17,31,961,1,1,1,0
2.079441542,8.041110482,9.903487553,6.907755279,18,29,841,0,1,1,0
0.693147181,7.824046011,8.517193191,7.567000942,14,31,961,0,0,1,1
2.48490665,8.006367568,10.02127059,8.079549192,16,23,529,0,0,1,1
4.787491743,8.111728073,9.952277717,8.079549192,21,33,1089,0,1,1,1
3.401197382,7.888584544,9.123329031,6.907755279,16,40,1600,0,0,1,1
2.079441542,7.975712018,9.224133705,7.60090246,12,37,1369,1,0,1,1
2.079441542,8.006367568,10.02127059,8.079549192,9,20,400,0,0,1,0
3.164218352,8.873868101,9.242373877,8.334871595,12,26,676,1,0,1,1
3.871201011,8.804875239,9.210340372,7.567000942,18,44,1936,0,1,1,1
4.016020378,8.699514748,10.59663473,8.079549192,17,34,1156,1,1,1,0
0,8.517193191,9.903487553,6.907755279,19,55,3025,1,0,1,1
1.072911125,7.60090246,9.558647019,8.2280285,12,25,625,0,0,0,1
4.27654107,7.85221686,8.890943734,8.010064426,12,23,529,1,0,0,1
3.871201011,7.60090246,9.242373877,8.334871595,7,38,1444,0,0,0,1
5.97126184,7.814406823,9.242373877,8.334871595,12,20,400,1,0,1,1
1.150484144,8.751386556,10.30895266,8.079549192,18,24,576,1,1,1,0
4.787491743,7.60090246,9.242373877,8.334871595,10,17,289,1,0,1,1
0.462114907,8.117958643,10.02127059,8.079549192,11,16,256,1,0,0,0
1.386294361,8.125554773,9.123329031,6.907755279,20,62,3844,1,0,1,0
4.498294167,7.60090246,8.890943734,8.010064426,5,28,784,1,0,1,1
4.787491743,8.111728073,8.793701995,8.2280285,14,23,529,1,0,1,1
1.791759469,7.824046011,8.517193191,7.567000942,4,35,1225,0,1,1,1
5.480638923,6.907755279,8.9226583,7.313220387,11,19,361,0,0,0,1
2.772588722,7.824046011,9.242373877,8.111728073,10,40,1600,1,0,0,0
1.386294361,7.975712018,9.224133705,7.60090246,14,19,361,1,1,1,1
4.382026635,8.517193191,8.890943734,8.010064426,17,33,1089,1,0,1,0
3.407028348,8.642356305,9.36449108,7.418580863,15,29,841,0,0,1,0
2.079441542,8.642356305,9.36449108,7.418580863,16,26,676,0,0,1,1
1.386294361,8.751386556,10.30895266,8.079549192,19,28,784,1,0,1,0
2.995732274,8.29404964,9.242373877,8.334871595,0,50,2500,1,0,1,1
1.76766201,8.517193191,9.224133705,7.60090246,14,27,729,1,0,1,1
4.094344562,6.907755279,9.242373877,8.334871595,3,29,841,1,0,0,0
1.386294361,7.814406823,9.242373877,8.334871595,14,34,1156,0,0,1,1
1.386294361,7.84750856,8.890943734,8.010064426,12,17,289,1,0,1,1
3.688879454,7.60090246,10.59663473,6.907755279,16,25,625,1,0,1,0
5.81711116,6.571283036,7.60090246,8.079549192,6,30,900,0,0,1,1
4.094344562,8.111728073,9.141139854,7.567000942,11,24,576,0,0,1,0
5.167255722,7.60090246,8.890943734,8.010064426,7,22,484,1,0,1,1
1.641445229,7.84750856,8.890943734,8.010064426,15,36,1296,1,0,1,1
3.818552632,8.041110482,9.903487553,6.907755279,12,32,1024,0,0,1,1
2.454135022,7.824046011,9.903487553,6.907755279,13,30,900,0,0,1,1
4.787491743,7.888584544,8.890943734,8.010064426,5,39,1521,1,1,1,1
4.370597976,7.60090246,9.242373877,8.334871595,10,30,900,1,0,1,1
0,8.125554773,9.123329031,6.907755279,17,32,1024,0,0,1,1
1.115178082,7.84750856,8.890943734,8.010064426,12,16,256,1,0,1,0
4.094344562,6.907755279,8.890943734,8.010064426,18,41,1681,0,1,1,1
2.564949357,6.907755279,8.890943734,8.010064426,11,28,784,1,0,1,0
2.342936321,9.210340372,8.699514748,8.354674262,21,50,2500,0,1,1,1
5.298317367,7.814406823,9.242373877,8.334871595,12,22,484,1,0,0,1
1.185781939,8.041110482,9.903487553,6.907755279,12,23,529,0,1,1,0
2.302585093,7.393263095,9.105821302,7.418580863,12,33,1089,0,0,1,1
4.094344562,6.907755279,8.911484976,8.354674262,6,29,841,1,1,1,1
0.693147181,7.824046011,9.123329031,6.907755279,14,18,324,1,0,1,1
0,8.125554773,9.123329031,6.907755279,17,38,1444,1,0,1,1
1.386294361,7.84750856,8.890943734,8.010064426,12,19,361,1,1,1,1
1.386294361,7.84750856,8.890943734,8.010064426,12,26,676,1,0,1,1
2.995732274,7.60090246,8.517193191,8.2280285,6,16,256,1,0,1,1
0,8.041110482,9.903487553,6.907755279,18,31,961,0,1,1,1
2.006395386,8.517193191,9.123329031,6.907755279,18,32,1024,0,0,1,1
0,7.60090246,8.872533936,8.354674262,12,24,576,1,1,1,0
0,7.60090246,8.872533936,8.354674262,13,18,324,0,1,1,1
3.113515309,7.195437401,8.581731744,7.941730268,10,16,256,0,1,0,0
0.896194794,6.214608098,9.210340372,7.567000942,17,30,900,0,1,1,0
2.708050201,7.195437401,9.558647019,8.2280285,11,32,1024,0,0,0,1
3.401197382,6.907755279,9.242373877,8.334871595,0.5,61,3721,1,0,0,0
2.708050201,8.111728073,9.224133705,7.60090246,16,25,625,0,0,1,1
1.386294361,8.041110482,9.903487553,6.907755279,17,34,1156,1,0,1,0
3.401197448,7.313220387,9.721165956,7.567000942,12,32,1024,1,0,1,1
4.382026635,8.517193191,8.890943734,8.010064426,17,29,841,1,0,1,0
1.589985332,7.84750856,8.890943734,8.010064426,12,48,2304,1,0,1,0
0.584028222,8.125554773,9.123329031,6.907755279,18,40,1600,0,1,1,1
3.967913616,8.006367568,8.890943734,8.010064426,12,50,2500,1,0,1,1
4.382026635,6.620073207,9.242373877,8.334871595,8,18,324,1,0,1,1
2.701172672,8.9226583,8.890943734,8.010064426,9,41,1681,1,1,0,1
2.079441542,7.716971583,8.911485044,6.987797956,13,26,676,1,0,1,0
1.609437912,6.907755279,8.699514748,7.824046011,3,57,3249,1,0,0,0
4.094344562,7.090076836,9.141139854,7.567000942,13,24,576,0,0,0,0
2.079441542,8.117958643,10.02127059,8.079549192,21,31,961,0,0,1,1
4.388143737,7.755308178,8.9767255,7.60090246,13,32,1024,0,0,1,1
2.079441542,8.341516143,8.517193191,8.517193191,7,30,900,0,0,1,1
4.090803667,7.843940242,9.141139854,7.567000942,12,24,576,0,1,0,0
3.775890748,8.111728073,8.890943734,8.010064426,6,55,3025,1,0,1,1
2.442347035,7.003065459,8.517193191,8.2280285,17,26,676,1,0,0,0
2.097414371,7.975712018,9.224133705,7.60090246,15,29,841,0,0,1,1
1.098612289,7.418580863,8.872533936,8.354674262,12,20,400,1,1,1,1
1.817077301,7.60090246,9.224133705,7.60090246,12,27,729,1,0,1,1
3.688879454,7.60090246,9.141139854,7.567000942,12,29,841,0,0,1,1
1.386294361,7.177418839,8.872533936,8.354674262,12,26,676,0,0,1,1
3.149882982,7.60090246,8.699514748,8.354674262,12,24,576,1,1,1,1
5.075173815,8.041110482,9.903487553,6.907755279,15,20,400,1,0,1,1
0.693147181,7.814406823,9.242373877,8.334871595,13,44,1936,1,0,1,1
1.518192574,7.13089883,9.983530229,7.941730268,17,40,1600,0,1,1,0
0,8.041110482,9.903487553,6.907755279,19,30,900,0,1,1,1
2.48490665,7.418580863,8.911485044,6.987797956,14,23,529,0,0,1,0
4.442651256,7.025538315,8.911485044,6.987797956,12,30,900,1,0,1,0
0,7.835238501,9.952277717,8.079549192,19,32,1024,0,1,1,1
3.465735903,7.84750856,8.890943734,8.010064426,14,27,729,0,1,1,1
5.029959702,6.279146576,8.911485044,6.987797956,12,18,324,0,0,1,1
2.660762977,7.177418839,8.872533936,8.354674262,10,24,576,0,1,1,1
3.573047639,6.214608098,8.911484976,6.907755279,7,19,361,1,1,1,1
4.244746438,7.888584544,8.890943734,8.010064426,5,43,1849,1,0,1,1
2.079441542,7.963807953,8.699514748,8.354674262,12,20,400,1,0,0,0
1.386294361,7.716971583,8.911485044,6.987797956,15,21,441,1,1,1,0
0,7.755308178,8.9767255,7.60090246,16,22,484,0,1,1,0
4.094344562,6.907755279,7.680945183,8.354674262,6.5,40,1600,0,0,1,0
0,7.830305778,8.793701995,8.2280285,12,18,324,1,0,1,1
6.173786104,6.907755279,9.210340372,8.354674262,12,60,3600,0,0,1,1
1.386294361,7.313220387,9.105821302,7.418580863,12,25,625,0,0,1,0
5.480638923,8.006367568,8.890943734,8.010064426,2,30,900,1,0,1,1
4.787491743,7.60090246,8.517193191,8.354674262,11,29,841,1,0,1,1
3.401197382,6.502290206,8.911485044,6.987797956,14,33,1089,1,0,1,1
2.772588722,8.517193191,8.517193191,8.517193191,1.5,18,324,1,1,1,1
2.079441542,7.928406026,8.517193191,8.2280285,10,25,625,0,0,1,1
4.787491743,8.517193191,9.13109105,8.334871595,12,27,729,1,0,1,1
4.787491743,8.006367568,8.872533936,8.354674262,12,23,529,0,0,1,1
0,7.716971583,8.911485044,6.987797956,16,21,441,0,0,1,1
2.48490665,8.804875239,8.9767255,7.60090246,12,62,3844,1,0,0,1
2.079441542,6.907755279,8.872533936,8.354674262,13,21,441,1,0,0,1
0,7.60090246,8.872533936,8.354674262,17,27,729,0,0,1,1
4.382026635,7.824046011,8.517193191,8.2280285,10,23,529,1,0,1,1
4.094344562,6.279146576,8.793701995,8.2280285,13,30,900,0,0,1,1
2.197224577,7.177418839,8.872533936,8.354674262,12,24,576,1,1,1,1
3.401197382,7.60090246,8.872533936,8.354674262,13,21,441,0,0,1,1
3.218875825,8.517193191,8.911485044,6.987797956,11,22,484,0,1,1,1
0,8.041110482,9.903487553,6.907755279,13,21,441,0,1,0,0
0.228841527,6.907755279,9.903487553,6.907755279,16,23,529,0,1,1,0
1.098612222,8.853665428,9.903487553,6.907755279,17,28,784,0,1,1,1
1.985896874,7.830305778,8.793701995,8.2280285,9,52,2704,1,0,1,1
2.302585093,7.60090246,9.618025215,6.907755279,15,29,841,1,1,1,1
1.386294361,6.907755279,8.9767255,7.60090246,10,35,1225,0,0,1,0
3.332459656,7.755308178,8.9767255,7.60090246,13,19,361,1,0,1,1
0,6.873853751,9.903487553,6.907755279,17,48,2304,0,0,1,1
1.098612289,8.041110482,9.903487553,6.907755279,12,20,400,0,1,1,0
0,8.125554773,9.123329031,6.907755279,13,20,400,0,1,0,0
0.693147181,7.755308178,8.9767255,7.60090246,17,29,841,0,0,1,1
1.386294361,8.18030418,9.335503486,7.929406535,19,38,1444,0,1,1,1
4.094344562,7.755308178,8.9767255,7.60090246,10,18,324,0,0,1,1
0,8.125554773,9.123329031,6.907755279,17,55,3025,0,0,1,1
0,6.907755279,9.53811691,6.907755279,19,24,576,0,1,1,1
0,8.041110482,9.903487553,6.907755279,14,19,361,1,0,1,1
1.386294361,9.104979856,8.911485044,6.987797956,17,25,625,0,0,1,1
3.419921356,6.907755279,8.911485044,6.987797956,12,23,529,1,0,1,0
1.386294361,7.824046011,9.903487553,7.418580863,9,16,256,1,1,1,1
0,6.907755279,9.53811691,6.907755279,15,24,576,0,1,1,1
1.386294361,8.006367568,9.618025215,6.907755279,12,22,484,0,0,1,1
3.489607172,7.60090246,9.618025215,6.907755279,15,29,841,1,1,1,1
0,7.843940242,9.141139854,7.567000942,8,65,4225,0,0,0,1
3.33220451,6.753604626,9.903487553,7.567000942,9,17,289,1,0,1,1
2.484528078,6.907755279,9.903487553,8.2280285,10,18,324,1,0,1,1
1.386294361,7.875101189,9.903487553,7.567000942,12,18,324,1,1,1,1
1.386294361,7.60090246,8.911485044,6.987797956,12,35,1225,0,0,1,1
1.386294361,8.125554773,9.123329031,6.907755279,13,22,484,1,0,1,1
2.48490665,7.755308178,8.9767255,7.60090246,16,60,3600,0,1,1,1
0,7.843940242,9.141139854,7.567000942,12,25,625,1,0,1,1
0,6.907755279,9.53811691,6.907755279,17,27,729,0,0,1,0
0,8.024207158,9.105821302,7.418580863,14,36,1296,0,1,1,1
2.772588722,8.172352715,9.903487553,8.2280285,7,14,196,1,1,1,1
0.998810701,7.755308178,8.9767255,7.60090246,15,30,900,0,1,1,1
1.087682307,8.18030418,9.335503486,7.929406535,14,29,841,1,0,1,1
0,8.125554773,9.123329031,6.907755279,12,20,400,0,0,1,0
2.772588722,7.824046011,9.13109105,7.929406535,15,28,784,0,0,1,1
3.465735903,8.634976227,8.911485044,6.987797956,11,18,324,1,1,1,1
0.693147181,8.29404964,9.123329031,6.907755279,12,61,3721,1,0,1,1
0.693147181,7.824046011,8.911485044,6.987797956,16,23,529,1,1,1,1
3.985225585,8.125554773,9.123329031,6.907755279,17,29,841,1,0,1,0
4.2035439,6.725433694,9.13109105,8.334871595,11,23,529,0,0,1,1
1.386294361,8.125554773,9.123329031,6.907755279,15,27,729,1,0,1,1
1.386294361,8.114275037,8.699514748,6.907755279,6,29,841,1,1,0,0
0,6.907755279,9.903487553,6.907755279,16,29,841,0,1,1,1
1.386294361,8.114275037,9.618025215,6.907755279,9,21,441,1,1,1,1
3.218875905,7.195437401,9.210340372,6.907755279,14,60,3600,1,0,0,0
0,8.041110482,9.903487553,6.907755279,7,31,961,0,0,0,1
4.787491743,6.907755279,9.903487553,6.907755279,18,22,484,1,0,1,1
2.995732274,7.513891119,9.13109105,7.929406535,11,23,529,0,1,1,1
0,7.824046011,9.903487553,7.418580863,17,24,576,0,0,1,1
1.984221342,7.60090246,9.123329031,6.907755279,17,30,900,1,0,1,1
0,6.907755279,9.903487553,6.907755279,17,26,676,1,1,1,1
1.386294361,8.125554773,9.123329031,6.907755279,13,18,324,1,0,1,1
4.522749083,8.125554773,9.123329031,6.907755279,9,23,529,0,0,0,1
3.425688445,6.907755279,9.903487553,7.418580863,12,46,2116,1,0,1,1
3.871201011,8.334871595,8.911485044,6.987797956,13,22,484,1,0,0,1
2.995732274,7.824046011,9.903487553,6.907755279,15,20,400,1,0,1,0
0.693147181,8.125554773,9.123329031,6.907755279,17,30,900,0,0,1,1
0,7.513891119,9.13109105,7.929406535,17,25,625,0,0,1,1
4.787491743,8.517193191,9.618025215,6.907755279,14,25,625,1,1,0,1
2.397895273,9.115030204,9.903487553,6.907755279,17,40,1600,0,0,1,1
0,8.125554773,9.123329031,6.907755279,18,24,576,1,0,1,1
3.401197382,7.418580863,9.13109105,7.929406535,17,29,841,0,1,1,0
4.094344562,7.888584544,9.123329031,6.907755279,18,29,841,0,1,1,1
0,8.114275037,9.618025215,6.907755279,14,21,441,1,1,0,1
0,7.716971583,8.911485044,6.987797956,12,29,841,0,1,1,1
3.9935909,7.716971583,8.911485044,6.987797956,12,18,324,0,0,1,1
0,8.041110482,9.903487553,6.907755279,16,19,361,0,0,1,0
1.098612289,7.513891119,9.13109105,7.929406535,14,21,441,0,0,1,1
3.555348061,7.313220387,9.123329031,6.907755279,10,17,289,1,0,1,0
0.738830762,7.716971583,8.911485044,6.987797956,14,27,729,1,0,1,1
2.578838456,7.457218677,9.13109105,8.334871595,8,37,1369,0,0,1,1
3.16758253,6.214608098,8.9767255,7.60090246,14,20,400,0,0,1,0
2.525193381,7.60090246,8.9767255,7.60090246,12,17,289,0,0,1,1
1.930093697,8.517193191,9.13109105,8.334871595,12,29,841,1,1,1,1
4.288500537,6.725433694,9.13109105,8.334871595,7,27,729,1,0,1,1
2.302585093,7.60090246,8.911485044,6.987797956,6,36,1296,0,0,1,0
4.49980967,6.502290206,9.13109105,8.334871595,7,19,361,0,1,0,1
5.634789603,7.755308178,8.9767255,7.60090246,6,42,1764,1,0,1,1
1.061824196,7.824046011,9.13109105,7.929406535,18,26,676,1,0,0,1
0.215284187,7.755308178,8.9767255,7.60090246,15,27,729,0,1,1,1
1.150980235,6.214608098,9.335503486,7.929406535,17,27,729,1,1,1,0
4.382026635,8.114275037,9.618025215,6.907755279,8,18,324,0,0,0,0
4.322436994,6.571283036,8.9767255,7.60090246,15,26,676,1,0,1,0
5.768320996,7.824046011,9.546812609,7.929406535,10,19,361,0,0,1,0
3.043550108,8.740336743,9.13109105,7.929406535,17,34,1156,0,0,1,1
0,8.125554773,9.210340372,6.907755279,14,23,529,1,0,1,1
1.386294361,7.755308178,8.9767255,7.60090246,15,26,676,0,0,1,1
2.302585093,6.907755279,9.13109105,8.334871595,11,38,1444,1,1,0,1
4.831943542,6.725433694,9.13109105,8.334871595,4,33,1089,0,0,1,1
5.075173815,6.214608098,9.903487553,6.907755279,17,32,1024,1,0,0,0
5.480638923,6.820743927,9.210340372,7.929406535,17,24,576,1,1,1,1
1.532586349,7.824046011,9.13109105,7.929406535,19,34,1156,0,0,1,1
1.449259372,7.824046011,8.9767255,7.60090246,15,55,3025,0,0,1,1
1.454870439,8.18030418,9.335503486,7.929406535,16,23,529,0,0,0,0
0.360127377,8.125554773,9.123329031,6.907755279,13,22,484,1,0,1,1
1.325391118,7.975712018,9.224133705,7.60090246,14,21,441,0,1,0,0
4.874503189,6.502290206,8.9767255,7.60090246,12,20,400,1,0,0,0
1.714146372,6.907755279,9.123329031,6.907755279,18,27,729,1,0,1,1
3.318047811,7.418580863,9.123329031,6.907755279,14,25,625,1,0,1,1
3.33220451,8.29404964,9.903487553,7.418580863,12,24,576,1,0,1,1
1.234266618,8.114275037,9.618025215,6.907755279,10,18,324,0,1,1,1
4.094344562,8.334871595,8.334871595,6.987797956,10,24,576,1,0,1,1
2.581619255,8.006367568,9.903487553,7.567000942,10,24,576,1,0,1,1
2.48490665,8.804875239,8.9767255,7.60090246,12,24,576,1,0,1,1
0,7.755308178,8.9767255,7.60090246,15,34,1156,0,0,1,1
0.693147181,7.716971583,8.911485044,6.987797956,12,25,625,1,0,1,1
4.028095263,7.13089883,9.105821302,7.418580863,12,57,3249,0,0,1,1
0.619039393,7.513891119,9.13109105,7.929406535,12.5,18,324,0,0,1,1
1.386294361,6.907755279,9.13109105,7.929406535,17,39,1521,0,0,1,1
5.991464547,6.684611728,8.9767255,7.60090246,7,19,361,1,0,1,1
4.28881557,7.755308178,8.9767255,7.60090246,14,25,625,0,0,1,1
2.915689433,6.907755279,8.911485044,6.987797956,14,21,441,1,0,1,1
3.401197382,6.907755279,8.911485044,6.987797956,6,40,1600,1,0,1,1
0,6.907755279,8.9767255,7.60090246,17,30,900,1,0,1,1
0.887618175,7.755308178,8.9767255,7.60090246,12,24,576,0,0,1,1
2.316272492,9.210340372,8.9767255,7.60090246,11,34,1156,0,0,1,1
1.979306834,7.716971583,8.911485044,6.987797956,12,20,400,1,0,1,0
0,7.716971583,8.911485044,6.987797956,10,17,289,0,1,1,0
4.094344562,7.824046011,8.911485044,6.987797956,4,38,1444,0,0,1,1
4.31748822,6.502290206,8.911485044,6.987797956,16,25,625,0,0,1,1
1.386294361,9.210340372,9.335503486,7.929406535,17,25,625,0,0,1,1
3.753963061,8.517193191,8.9767255,7.60090246,12,30,900,1,0,1,0
2.772588722,7.824046011,8.9767255,7.60090246,19,40,1600,0,0,1,0
0,7.716971583,8.911485044,6.987797956,12,21,441,1,0,1,1
2.995732274,6.907755279,8.911485044,6.987797956,9,17,289,1,0,1,1
6.109247649,7.195437401,9.274878924,6.987797956,8,27,729,0,0,1,0
2.079441542,8.060434736,8.872533936,8.354674262,13,21,441,1,1,1,0
5.634789603,7.716971583,8.911485044,6.987797956,13,18,324,1,0,0,1
2.333088498,7.513891119,9.13109105,7.929406535,14,35,1225,0,0,0,1
0,7.755308178,8.9767255,7.60090246,12,19,361,1,0,1,1
0.811128552,7.755308178,8.9767255,7.60090246,14,27,729,0,0,1,1
1.386294361,7.824046011,8.9767255,7.60090246,12,28,784,0,0,1,1
2.718251458,7.716971583,8.911485044,6.987797956,10,26,676,1,0,1,1
3.401197382,8.517193191,8.911485044,6.907755279,6,59,3481,1,0,0,0
4.382026635,7.13089883,8.911485044,6.987797956,11,21,441,1,1,0,0
5.480638923,6.725433694,8.9767255,7.60090246,17,22,484,0,0,1,1
0.693147181,8.517193191,8.9767255,7.60090246,17,29,841,1,1,1,1
5.192956851,6.502290206,8.911485044,6.987797956,14,25,625,1,1,0,0
2.772588722,6.214608098,8.9767255,7.60090246,14,32,1024,0,0,1,1
2.109944983,7.513891119,9.13109105,7.929406535,24,35,1225,0,0,1,1
1.386294361,7.824046011,8.9767255,7.60090246,15,41,1681,1,1,1,1
0.801991227,7.824046011,8.9767255,7.60090246,16,26,676,1,0,0,0
2.079441542,7.536363938,8.911485044,6.987797956,6,31,961,1,0,1,1
1.386294361,7.716971583,8.911485044,6.987797956,12,29,841,1,0,1,1
5.480638923,7.418580863,8.911485044,6.987797956,13,31,961,0,0,0,0
0.94738137,8.517193191,8.9767255,7.60090246,10,16,256,0,1,1,0
0,7.755308178,8.9767255,7.60090246,11,15,225,1,0,1,1
4.33601657,7.755308178,8.9767255,7.60090246,12,39,1521,0,0,0,0
1.386294361,7.755308178,8.9767255,7.60090246,13,23,529,1,0,1,1
2.497056128,7.755308178,8.9767255,7.60090246,13,25,625,0,0,1,1
3.401197382,7.418580863,8.9767255,7.60090246,8,16,256,0,1,1,0
1.098612289,7.418580863,8.9767255,7.60090246,12,27,729,0,0,1,0
3.11914627,7.467371067,8.9767255,7.60090246,16,26,676,1,0,1,0
3.33220451,7.669895358,9.210340372,7.929406535,13,18,324,0,0,1,1
3.465735903,6.43775165,8.9767255,7.60090246,12,18,324,0,0,0,1
0.194471035,7.755308178,8.9767255,7.60090246,18,27,729,0,0,1,1
2.079441542,7.716971583,8.911485044,6.987797956,7,14,196,1,1,1,1
0,6.907755279,8.911485044,6.987797956,14,25,625,0,1,1,1
1.386294361,7.60090246,9.13109105,7.929406535,14,25,625,0,1,1,1
5.69898676,7.716971583,8.911485044,6.987797956,16,21,441,0,0,1,0
1.386294361,7.513891119,9.13109105,7.929406535,17,31,961,0,0,1,0
0.607462269,7.457218677,9.13109105,8.334871595,12,56,3136,1,1,1,0
5.410920744,7.929406535,8.911485044,6.987797956,12,28,784,0,0,1,1
5.480638923,7.716971583,8.911485044,6.987797956,12,22,484,0,0,1,1
1.016320665,7.457218677,9.13109105,8.334871595,7,17,289,0,1,1,0
1.098612289,7.755308178,8.9767255,7.60090246,6,51,2601,1,0,1,1
2.772588722,7.13089883,9.123329031,6.907755279,12,21,441,1,0,1,0
3.688879454,7.60090246,9.618025215,6.907755279,13,21,441,0,0,1,1
